variant_uid,source,source_record_id,rsid,clinvar_id,chromosome,genomic_position,reference_allele,alternate_allele,hgvs_genomic,hgvs_transcript,hgvs_protein,transcript_id,protein_id,protein_position,ref_amino_acid,alt_amino_acid,aa_change,variant_class,molecular_consequence,clinical_significance,review_status,condition,allele_frequency,literature_ids,sift_score,sift_prediction,polyphen_score,polyphen_prediction,domain_name,landmark_type,conservation_score,n_species_shared,am_pathogenicity_score,am_pathogenicity_class,ev_clinical,ev_computational,ev_conservation,ev_structural,ev_domain,ev_literature,ev_cross_db,priority_score
rs2521859456,Ensembl VEP (dbSNP),rs2521859456,rs2521859456,2236254,X,47228642.0,C,T,rs2521859456,ENST00000357227.9:c.1451C>T,ENSP00000349762.4:p.Ser484Leu,ENST00000357227,NP_006192.1,484.0,S,L,S484L,missense,missense_variant;splice_region_variant,Uncertain significance,"criteria provided, single submitter",not specified,,,0.0,deleterious_low_confidence,0.005,benign,,none,1.0,2.0,0.0801,BENIGN,0.6,0.0801,1.0,0.0,0.0,0.0,1.0,43.2
rs2521846375,Ensembl VEP (dbSNP),rs2521846375,rs2521846375,1703099,X,47227388.0,C,T,rs2521846375,ENST00000357227.9:c.1294C>T,ENSP00000349762.4:p.Arg432Ter,ENST00000357227,NP_006192.1,432.0,R,*,R432*,nonsense,stop_gained,Uncertain significance,"criteria provided, single submitter",not provided,,,,,,,Protein kinase,none,1.0,2.0,,,0.6,0.0,1.0,0.25,0.6,0.0,1.0,51.75
rs2521840145,Ensembl VEP (dbSNP),rs2521840145,rs2521840145,3054955,X,47227033.0,A,T,rs2521840145,ENST00000357227.9:c.1175A>T,ENSP00000349762.4:p.Asn392Ile,ENST00000357227,NP_006192.1,392.0,N,I,N392I,missense,missense_variant,Uncertain significance,no assertion criteria provided,CDK16-related disorder,,,0.14,tolerated_low_confidence,0.038,benign,Protein kinase,none,1.0,2.0,0.2754,BENIGN,0.6,0.2754,1.0,0.25,0.6,0.0,1.0,55.88
rs2521803938,Ensembl VEP (dbSNP),rs2521803938,rs2521803938,2660413,X,47224642.0,C,T,rs2521803938,ENST00000357227.9:c.361C>T,ENSP00000349762.4:p.Pro121Ser,ENST00000357227,NP_006192.1,121.0,P,S,P121S,missense,missense_variant,Uncertain significance,"criteria provided, single submitter",not provided,,,0.0,deleterious_low_confidence,0.611,possibly_damaging,,none,1.0,2.0,0.9984,PATHOGENIC,0.6,0.9984,1.0,0.0,0.0,0.0,1.0,56.98
rs2521779629,Ensembl VEP (dbSNP),rs2521779629,rs2521779629,3141516,X,47223288.0,A,G,rs2521779629,ENST00000357227.9:c.-6-264A>G,,ENST00000357227,NP_006192.1,,,,,other,intron_variant,Uncertain significance,"criteria provided, single submitter",not specified,,,,,,,,none,,,,,0.6,0.0,0.0,0.0,0.0,0.0,0.75,23.25
rs2521778894,Ensembl VEP (dbSNP),rs2521778894,rs2521778894,2477446,X,47223234.0,G,A,rs2521778894,ENST00000357227.9:c.-6-318G>A,,ENST00000357227,NP_006192.1,,,,,other,intron_variant,Uncertain significance,"criteria provided, single submitter",not specified,,,,,,,,none,,,,,0.6,0.0,0.0,0.0,0.0,0.0,0.75,23.25
rs2147344622,Ensembl VEP (dbSNP),rs2147344622,rs2147344622,,X,47230425.0,G,C,rs2147344622,,,ENST00000357227,NP_006192.1,,,,,other,downstream_gene_variant,,,,,,,,,,,none,,,,,0.0,0.0,0.0,0.0,0.0,0.0,0.5,7.5
rs2147343916,Ensembl VEP (dbSNP),rs2147343916,rs2147343916,,X,47230109.0,C,A,rs2147343916,,,ENST00000357227,NP_006192.1,,,,,other,downstream_gene_variant,,,,,,,,,,,none,,,,,0.0,0.0,0.0,0.0,0.0,0.0,0.5,7.5
rs2147343710,Ensembl VEP (dbSNP),rs2147343710,rs2147343710,,X,47229987.0,T,A,rs2147343710,ENST00000357227.9:c.*1219T>A,,ENST00000357227,NP_006192.1,,,,,other,3_prime_UTR_variant,,,,,,,,,,,none,,,,,0.0,0.0,0.0,0.0,0.0,0.0,0.75,11.25
rs2147343139,Ensembl VEP (dbSNP),rs2147343139,rs2147343139,,X,47229723.0,T,C,rs2147343139,ENST00000357227.9:c.*955T>C,,ENST00000357227,NP_006192.1,,,,,other,3_prime_UTR_variant,,,,,,,,,,,none,,,,,0.0,0.0,0.0,0.0,0.0,0.0,0.75,11.25
rs2147342885,Ensembl VEP (dbSNP),rs2147342885,rs2147342885,,X,47229608.0,G,A,rs2147342885,ENST00000357227.9:c.*840G>A,,ENST00000357227,NP_006192.1,,,,,other,3_prime_UTR_variant,,,,,,,,,,,none,,,,,0.0,0.0,0.0,0.0,0.0,0.0,0.75,11.25
rs2147342256,Ensembl VEP (dbSNP),rs2147342256,rs2147342256,,X,47229358.0,G,T,rs2147342256,ENST00000357227.9:c.*590G>T,,ENST00000357227,NP_006192.1,,,,,other,3_prime_UTR_variant,,,,,,,,,,,none,,,,,0.0,0.0,0.0,0.0,0.0,0.0,0.75,11.25
rs2147342160,Ensembl VEP (dbSNP),rs2147342160,rs2147342160,,X,47229341.0,-,GC,rs2147342160,ENST00000357227.9:c.*572_*573insGC,,ENST00000357227,NP_006192.1,,,,,other,3_prime_UTR_variant,,,,,,,,,,,none,,,,,0.0,0.0,0.0,0.0,0.0,0.0,0.75,11.25
rs2147341718,Ensembl VEP (dbSNP),rs2147341718,rs2147341718,,X,47229240.0,T,G,rs2147341718,ENST00000357227.9:c.*472T>G,,ENST00000357227,NP_006192.1,,,,,other,3_prime_UTR_variant,,,,,,,,,,,none,,,,,0.0,0.0,0.0,0.0,0.0,0.0,0.75,11.25
rs2147341587,Ensembl VEP (dbSNP),rs2147341587,rs2147341587,,X,47229175.0,C,-,rs2147341587,ENST00000357227.9:c.*407del,,ENST00000357227,NP_006192.1,,,,,other,3_prime_UTR_variant,,,,,,,,,,,none,,,,,0.0,0.0,0.0,0.0,0.0,0.0,0.75,11.25
rs2147341468,Ensembl VEP (dbSNP),rs2147341468,rs2147341468,,X,47229133.0,C,T,rs2147341468,ENST00000357227.9:c.*365C>T,,ENST00000357227,NP_006192.1,,,,,other,3_prime_UTR_variant,,,,,,,,,,,none,,,,,0.0,0.0,0.0,0.0,0.0,0.0,0.75,11.25
rs2147341441,Ensembl VEP (dbSNP),rs2147341441,rs2147341441,,X,47229127.0,A,G,rs2147341441,ENST00000357227.9:c.*359A>G,,ENST00000357227,NP_006192.1,,,,,other,3_prime_UTR_variant,,,,,,,,,,,none,,,,,0.0,0.0,0.0,0.0,0.0,0.0,0.75,11.25
rs2147341166,Ensembl VEP (dbSNP),rs2147341166,rs2147341166,,X,47229028.0,G,A,rs2147341166,ENST00000357227.9:c.*260G>A,,ENST00000357227,NP_006192.1,,,,,other,3_prime_UTR_variant,,,,,,,,,,,none,,,,,0.0,0.0,0.0,0.0,0.0,0.0,0.75,11.25
rs2147340963,Ensembl VEP (dbSNP),rs2147340963,rs2147340963,,X,47228974.0,G,C,rs2147340963,ENST00000357227.9:c.*206G>C,,ENST00000357227,NP_006192.1,,,,,other,3_prime_UTR_variant,,,,,,,,,,,none,,,,,0.0,0.0,0.0,0.0,0.0,0.0,0.75,11.25
rs2147340450,Ensembl VEP (dbSNP),rs2147340450,rs2147340450,,X,47228771.0,C,T,rs2147340450,ENST00000357227.9:c.*3C>T,,ENST00000357227,NP_006192.1,,,,,other,3_prime_UTR_variant,,,,,,,,,,,none,,,,,0.0,0.0,0.0,0.0,0.0,0.0,0.75,11.25
rs2147339086,Ensembl VEP (dbSNP),rs2147339086,rs2147339086,,X,47228206.0,T,G,rs2147339086,ENST00000357227.9:c.1376-361T>G,,ENST00000357227,NP_006192.1,,,,,other,intron_variant,,,,,,,,,,,none,,,,,0.0,0.0,0.0,0.0,0.0,0.0,0.75,11.25
rs2147338578,Ensembl VEP (dbSNP),rs2147338578,rs2147338578,,X,47227961.0,A,C,rs2147338578,ENST00000357227.9:c.1375+492A>C,,ENST00000357227,NP_006192.1,,,,,other,intron_variant,,,,,,,,,,,none,,,,,0.0,0.0,0.0,0.0,0.0,0.0,0.75,11.25
rs2147337984,Ensembl VEP (dbSNP),rs2147337984,rs2147337984,,X,47227671.0,C,T,rs2147337984,ENST00000357227.9:c.1375+202C>T,,ENST00000357227,NP_006192.1,,,,,other,intron_variant,,,,,,,,,,,none,,,,,0.0,0.0,0.0,0.0,0.0,0.0,0.75,11.25
rs2147337924,Ensembl VEP (dbSNP),rs2147337924,rs2147337924,,X,47227640.0,G,C,rs2147337924,ENST00000357227.9:c.1375+171G>C,,ENST00000357227,NP_006192.1,,,,,other,intron_variant,,,,,,,,,,,none,,,,,0.0,0.0,0.0,0.0,0.0,0.0,0.75,11.25
rs2147337871,Ensembl VEP (dbSNP),rs2147337871,rs2147337871,,X,47227614.0,G,T,rs2147337871,ENST00000357227.9:c.1375+145G>T,,ENST00000357227,NP_006192.1,,,,,other,intron_variant,,,,,,,,,,,none,,,,,0.0,0.0,0.0,0.0,0.0,0.0,0.75,11.25
rs2147337566,Ensembl VEP (dbSNP),rs2147337566,rs2147337566,,X,47227472.0,-,ACTTCCATATTTGCACTAAAGGAGATTCAGCTACAAAAG,rs2147337566,ENST00000357227.9:c.1375+2_1375+3insACTTCCATATTTGCACTAAAGGAGATTCAGCTACAAAAG,,ENST00000357227,NP_006192.1,,,,,splice,splice_region_variant;intron_variant,,,,,,,,,,,none,,,,,0.0,0.0,0.0,0.0,0.0,0.0,0.75,11.25
rs2147337556,Ensembl VEP (dbSNP),rs2147337556,rs2147337556,,X,47227470.0,G,C,rs2147337556,ENST00000357227.9:c.1375+1G>C,,ENST00000357227,NP_006192.1,,,,,splice,splice_donor_variant,,,,,,,,,,,none,,,,,0.0,0.0,0.0,0.0,0.0,0.0,0.75,11.25
rs2147336688,Ensembl VEP (dbSNP),rs2147336688,rs2147336688,,X,47227254.0,A,T,rs2147336688,ENST00000357227.9:c.1284+31A>T,,ENST00000357227,NP_006192.1,,,,,other,intron_variant,,,,,,,,,,,none,,,,,0.0,0.0,0.0,0.0,0.0,0.0,0.75,11.25
rs2147336618,Ensembl VEP (dbSNP),rs2147336618,rs2147336618,,X,47227241.0,C,T,rs2147336618,ENST00000357227.9:c.1284+18C>T,,ENST00000357227,NP_006192.1,,,,,other,intron_variant,,,,,,,,,,,none,,,,,0.0,0.0,0.0,0.0,0.0,0.0,0.75,11.25
rs2147336575,Ensembl VEP (dbSNP),rs2147336575,rs2147336575,,X,47227230.0,-,TCTCCGCAGAGGATG,rs2147336575,ENST00000357227.9:c.1284+6_1284+7insTCTCCGCAGAGGATG,,ENST00000357227,NP_006192.1,,,,,splice,splice_region_variant;intron_variant,,,,,,,,,,,none,,,,,0.0,0.0,0.0,0.0,0.0,0.0,0.75,11.25
rs2147336567,Ensembl VEP (dbSNP),rs2147336567,rs2147336567,,X,47227228.0,-,AATCG,rs2147336567,ENST00000357227.9:c.1284+4_1284+5insAATCG,,ENST00000357227,NP_006192.1,,,,,splice,splice_donor_region_variant;intron_variant,,,,,,,,,,,none,,,,,0.0,0.0,0.0,0.0,0.0,0.0,0.75,11.25
rs2147336533,Ensembl VEP (dbSNP),rs2147336533,rs2147336533,,X,47227226.0,-,C,rs2147336533,ENST00000357227.9:c.1284+2_1284+3insC,,ENST00000357227,NP_006192.1,,,,,splice,splice_region_variant;intron_variant,,,,,,,,,,,none,,,,,0.0,0.0,0.0,0.0,0.0,0.0,0.75,11.25
rs2147336515,Ensembl VEP (dbSNP),rs2147336515,rs2147336515,,X,47227224.0,-,TTTGAGG,rs2147336515,ENST00000357227.9:c.1284_1284+1insTTTGAGG,ENSP00000349762.4:p.Gly431ValfsTer2,ENST00000357227,NP_006192.1,428.0,,,,frameshift,frameshift_variant;splice_region_variant,,,,,,,,,,Protein kinase,none,1.0,2.0,,,0.0,0.0,1.0,0.25,0.6,0.0,1.0,39.75
rs2147335534,Ensembl VEP (dbSNP),rs2147335534,rs2147335534,,X,47226947.0,C,T,rs2147335534,ENST00000357227.9:c.1135+38C>T,,ENST00000357227,NP_006192.1,,,,,other,intron_variant,,,,,,,,,,,none,,,,,0.0,0.0,0.0,0.0,0.0,0.0,0.75,11.25
rs2147335223,Ensembl VEP (dbSNP),rs2147335223,rs2147335223,,X,47226833.0,T,G,rs2147335223,ENST00000357227.9:c.1059T>G,ENSP00000349762.4:p.Tyr353Ter,ENST00000357227,NP_006192.1,353.0,Y,*,Y353*,nonsense,stop_gained,,,,,,,,,,Protein kinase,none,1.0,2.0,,,0.0,0.0,1.0,0.25,0.6,0.0,1.0,39.75
rs2147334693,Ensembl VEP (dbSNP),rs2147334693,rs2147334693,1690324,X,47226644.0,G,A,rs2147334693,ENST00000357227.9:c.978G>A,ENSP00000349762.4:p.Trp326Ter,ENST00000357227,NP_006192.1,326.0,W,*,W326*,nonsense,stop_gained,Uncertain significance,no assertion criteria provided,not provided,,,,,,,Protein kinase,none,1.0,2.0,,,0.6,0.0,1.0,0.25,0.6,0.0,1.0,51.75
rs2147334376,Ensembl VEP (dbSNP),rs2147334376,rs2147334376,,X,47226543.0,A,G,rs2147334376,ENST00000357227.9:c.917-40A>G,,ENST00000357227,NP_006192.1,,,,,other,intron_variant,,,,,,,,,,,none,,,,,0.0,0.0,0.0,0.0,0.0,0.0,0.75,11.25
rs2147333715,Ensembl VEP (dbSNP),rs2147333715,rs2147333715,,X,47226275.0,C,A,rs2147333715,ENST00000357227.9:c.793-4C>A,,ENST00000357227,NP_006192.1,,,,,splice,splice_region_variant;splice_polypyrimidine_tract_variant;intron_variant,,,,,,,,,,,none,,,,,0.0,0.0,0.0,0.0,0.0,0.0,0.75,11.25
rs2147332523,Ensembl VEP (dbSNP),rs2147332523,rs2147332523,,X,47225921.0,A,C,rs2147332523,ENST00000357227.9:c.730-44A>C,,ENST00000357227,NP_006192.1,,,,,other,intron_variant,,,,,,,,,,,none,,,,,0.0,0.0,0.0,0.0,0.0,0.0,0.75,11.25
rs2147332260,Ensembl VEP (dbSNP),rs2147332260,rs2147332260,,X,47225852.0,-,T,rs2147332260,ENST00000357227.9:c.714dup,ENSP00000349762.4:p.Val239CysfsTer3,ENST00000357227,NP_006192.1,238.0,,,,frameshift,frameshift_variant,,,,,,,,,,Protein kinase,none,1.0,2.0,,,0.0,0.0,1.0,0.25,0.6,0.0,1.0,39.75
rs2147332091,Ensembl VEP (dbSNP),rs2147332091,rs2147332091,,X,47225787.0,A,T,rs2147332091,ENST00000357227.9:c.650A>T,ENSP00000349762.4:p.Asp217Val,ENST00000357227,NP_006192.1,217.0,D,V,D217V,missense,missense_variant,,,,,,0.0,deleterious_low_confidence,0.912,probably_damaging,Protein kinase,none,1.0,2.0,0.9225,PATHOGENIC,0.0,0.9225,1.0,0.25,0.6,0.0,1.0,53.59
rs2147331685,Ensembl VEP (dbSNP),rs2147331685,rs2147331685,,X,47225618.0,G,A,rs2147331685,ENST00000357227.9:c.635-154G>A,,ENST00000357227,NP_006192.1,,,,,other,intron_variant,,,,,,,,,,,none,,,,,0.0,0.0,0.0,0.0,0.0,0.0,0.75,11.25
rs2147331656,Ensembl VEP (dbSNP),rs2147331656,rs2147331656,,X,47225606.0,C,A,rs2147331656,ENST00000357227.9:c.635-166C>A,,ENST00000357227,NP_006192.1,,,,,other,intron_variant,,,,,,,,,,,none,,,,,0.0,0.0,0.0,0.0,0.0,0.0,0.75,11.25
rs2147330791,Ensembl VEP (dbSNP),rs2147330791,rs2147330791,,X,47225293.0,A,G,rs2147330791,ENST00000357227.9:c.634+191A>G,,ENST00000357227,NP_006192.1,,,,,other,intron_variant,,,,,,,,,,,none,,,,,0.0,0.0,0.0,0.0,0.0,0.0,0.75,11.25
rs2147330220,Ensembl VEP (dbSNP),rs2147330220,rs2147330220,,X,47224998.0,C,A,rs2147330220,ENST00000357227.9:c.530C>A,ENSP00000349762.4:p.Ala177Asp,ENST00000357227,NP_006192.1,177.0,A,D,A177D,missense,missense_variant,,,,,,0.0,deleterious_low_confidence,0.974,probably_damaging,Protein kinase,none,1.0,2.0,1.0,PATHOGENIC,0.0,1.0,1.0,0.25,0.6,0.0,1.0,54.75
rs2147329800,Ensembl VEP (dbSNP),rs2147329800,rs2147329800,,X,47224866.0,C,T,rs2147329800,ENST00000357227.9:c.495C>T,ENSP00000349762.4:p.Tyr165=,ENST00000357227,NP_006192.1,165.0,,,,synonymous,synonymous_variant,,,,,,,,,,Protein kinase,binding_site,1.0,2.0,,,0.0,0.0,1.0,0.5,0.6,0.0,1.0,43.5
rs2147329760,Ensembl VEP (dbSNP),rs2147329760,rs2147329760,,X,47224820.0,C,T,rs2147329760,ENST00000357227.9:c.463-14C>T,,ENST00000357227,NP_006192.1,,,,,splice,splice_polypyrimidine_tract_variant;intron_variant,,,,,,,,,,,none,,,,,0.0,0.0,0.0,0.0,0.0,0.0,0.75,11.25
rs2147329637,Ensembl VEP (dbSNP),rs2147329637,rs2147329637,4490418,X,47224784.0,C,G,rs2147329637,ENST00000357227.9:c.462+41C>G,,ENST00000357227,NP_006192.1,,,,,other,intron_variant,,,,,,,,,,,none,,,,,0.0,0.0,0.0,0.0,0.0,0.0,0.75,11.25
rs2147329058,Ensembl VEP (dbSNP),rs2147329058,rs2147329058,,X,47224562.0,T,A,rs2147329058,ENST00000357227.9:c.336+44T>A,,ENST00000357227,NP_006192.1,,,,,other,intron_variant,,,,,,,,,,,none,,,,,0.0,0.0,0.0,0.0,0.0,0.0,0.75,11.25
rs2147328738,Ensembl VEP (dbSNP),rs2147328738,rs2147328738,,X,47224469.0,C,T,rs2147328738,ENST00000357227.9:c.287C>T,ENSP00000349762.4:p.Pro96Leu,ENST00000357227,NP_006192.1,96.0,P,L,P96L,missense,missense_variant,,,,,,0.0,deleterious_low_confidence,0.279,benign,Disordered,none,1.0,2.0,0.9701,PATHOGENIC,0.0,0.9701,1.0,0.25,0.3,0.0,1.0,51.3
rs2147328482,Ensembl VEP (dbSNP),rs2147328482,rs2147328482,,X,47224367.0,C,T,rs2147328482,ENST00000357227.9:c.203-18C>T,,ENST00000357227,NP_006192.1,,,,,other,intron_variant,,,,,,,,,,,none,,,,,0.0,0.0,0.0,0.0,0.0,0.0,0.75,11.25
rs2147327863,Ensembl VEP (dbSNP),rs2147327863,rs2147327863,,X,47224204.0,G,A,rs2147327863,ENST00000357227.9:c.203-181G>A,,ENST00000357227,NP_006192.1,,,,,other,intron_variant,,,,,,,,,,,none,,,,,0.0,0.0,0.0,0.0,0.0,0.0,0.75,11.25
rs2147327066,Ensembl VEP (dbSNP),rs2147327066,rs2147327066,,X,47223889.0,C,T,rs2147327066,ENST00000357227.9:c.202+130C>T,,ENST00000357227,NP_006192.1,,,,,other,intron_variant,,,,,,,,,,,none,,,,,0.0,0.0,0.0,0.0,0.0,0.0,0.75,11.25
rs2147326833,Ensembl VEP (dbSNP),rs2147326833,rs2147326833,,X,47223830.0,T,G,rs2147326833,ENST00000357227.9:c.202+71T>G,,ENST00000357227,NP_006192.1,,,,,other,intron_variant,,,,,,,,,,,none,,,,,0.0,0.0,0.0,0.0,0.0,0.0,0.75,11.25
rs2147326706,Ensembl VEP (dbSNP),rs2147326706,rs2147326706,,X,47223791.0,G,A,rs2147326706,ENST00000357227.9:c.202+32G>A,,ENST00000357227,NP_006192.1,,,,,other,intron_variant,,,,,,,,,,,none,,,,,0.0,0.0,0.0,0.0,0.0,0.0,0.75,11.25
rs2147326305,Ensembl VEP (dbSNP),rs2147326305,rs2147326305,,X,47223680.0,C,G,rs2147326305,ENST00000357227.9:c.123C>G,ENSP00000349762.4:p.Gly41=,ENST00000357227,NP_006192.1,41.0,,,,synonymous,synonymous_variant,,,,,,,,,,Disordered,none,1.0,2.0,,,0.0,0.0,1.0,0.25,0.3,0.0,1.0,36.75
rs2147325439,Ensembl VEP (dbSNP),rs2147325439,rs2147325439,,X,47223439.0,A,C,rs2147325439,ENST00000357227.9:c.-6-113A>C,,ENST00000357227,NP_006192.1,,,,,other,intron_variant,,,,,,,,,,,none,,,,,0.0,0.0,0.0,0.0,0.0,0.0,0.75,11.25
rs2147325118,Ensembl VEP (dbSNP),rs2147325118,rs2147325118,,X,47223328.0,C,T,rs2147325118,ENST00000357227.9:c.-6-224C>T,,ENST00000357227,NP_006192.1,,,,,other,intron_variant,,,,,,,,,,,none,,,,,0.0,0.0,0.0,0.0,0.0,0.0,0.75,11.25
rs2147324919,Ensembl VEP (dbSNP),rs2147324919,rs2147324919,,X,47223271.0,GG,-,rs2147324919,ENST00000357227.9:c.-6-281_-6-280del,,ENST00000357227,NP_006192.1,,,,,other,intron_variant,,,,,,,,,,,none,,,,,0.0,0.0,0.0,0.0,0.0,0.0,0.75,11.25
rs2147323984,Ensembl VEP (dbSNP),rs2147323984,rs2147323984,,X,47222970.0,-,AC,rs2147323984,ENST00000357227.9:c.-6-584_-6-583dup,,ENST00000357227,NP_006192.1,,,,,other,intron_variant,,,,,,,,,,,none,,,,,0.0,0.0,0.0,0.0,0.0,0.0,0.75,11.25
rs2147323610,Ensembl VEP (dbSNP),rs2147323610,rs2147323610,,X,47222906.0,A,C,rs2147323610,ENST00000357227.9:c.-6-646A>C,,ENST00000357227,NP_006192.1,,,,,other,intron_variant,,,,,,,,,,,none,,,,,0.0,0.0,0.0,0.0,0.0,0.0,0.75,11.25
rs2147322254,Ensembl VEP (dbSNP),rs2147322254,rs2147322254,,X,47222556.0,G,A,rs2147322254,ENST00000357227.9:c.-6-996G>A,,ENST00000357227,NP_006192.1,,,,,other,intron_variant,,,,,,,,,,,none,,,,,0.0,0.0,0.0,0.0,0.0,0.0,0.75,11.25
rs2147322156,Ensembl VEP (dbSNP),rs2147322156,rs2147322156,,X,47222496.0,A,-,rs2147322156,ENST00000357227.9:c.-6-1056del,,ENST00000357227,NP_006192.1,,,,,other,intron_variant,,,,,,,,,,,none,,,,,0.0,0.0,0.0,0.0,0.0,0.0,0.75,11.25
rs2147322089,Ensembl VEP (dbSNP),rs2147322089,rs2147322089,,X,47222479.0,C,T,rs2147322089,ENST00000357227.9:c.-6-1073C>T,,ENST00000357227,NP_006192.1,,,,,other,intron_variant,,,,,,,,,,,none,,,,,0.0,0.0,0.0,0.0,0.0,0.0,0.75,11.25
rs2147321698,Ensembl VEP (dbSNP),rs2147321698,rs2147321698,,X,47222267.0,T,C,rs2147321698,ENST00000357227.9:c.-6-1285T>C,,ENST00000357227,NP_006192.1,,,,,other,intron_variant,,,,,,,,,,,none,,,,,0.0,0.0,0.0,0.0,0.0,0.0,0.75,11.25
rs2147321498,Ensembl VEP (dbSNP),rs2147321498,rs2147321498,,X,47222169.0,C,T,rs2147321498,ENST00000357227.9:c.-6-1383C>T,,ENST00000357227,NP_006192.1,,,,,other,intron_variant,,,,,,,,,,,none,,,,,0.0,0.0,0.0,0.0,0.0,0.0,0.75,11.25
rs2147320665,Ensembl VEP (dbSNP),rs2147320665,rs2147320665,,X,47221780.0,C,G,rs2147320665,ENST00000357227.9:c.-6-1772C>G,,ENST00000357227,NP_006192.1,,,,,other,intron_variant,,,,,,,,,,,none,,,,,0.0,0.0,0.0,0.0,0.0,0.0,0.75,11.25
rs2147319822,Ensembl VEP (dbSNP),rs2147319822,rs2147319822,,X,47221429.0,G,A,rs2147319822,ENST00000357227.9:c.-6-2123G>A,,ENST00000357227,NP_006192.1,,,,,other,intron_variant,,,,,,,,,,,none,,,,,0.0,0.0,0.0,0.0,0.0,0.0,0.75,11.25
rs2147319750,Ensembl VEP (dbSNP),rs2147319750,rs2147319750,,X,47221403.0,C,T,rs2147319750,ENST00000357227.9:c.-6-2149C>T,,ENST00000357227,NP_006192.1,,,,,other,intron_variant,,,,,,,,,,,none,,,,,0.0,0.0,0.0,0.0,0.0,0.0,0.75,11.25
rs2147319675,Ensembl VEP (dbSNP),rs2147319675,rs2147319675,,X,47221382.0,C,T,rs2147319675,ENST00000357227.9:c.-6-2170C>T,,ENST00000357227,NP_006192.1,,,,,other,intron_variant,,,,,,,,,,,none,,,,,0.0,0.0,0.0,0.0,0.0,0.0,0.75,11.25
rs2147318886,Ensembl VEP (dbSNP),rs2147318886,rs2147318886,,X,47221036.0,T,G,rs2147318886,ENST00000357227.9:c.-7+1931T>G,,ENST00000357227,NP_006192.1,,,,,other,intron_variant,,,,,,,,,,,none,,,,,0.0,0.0,0.0,0.0,0.0,0.0,0.75,11.25
rs2147318776,Ensembl VEP (dbSNP),rs2147318776,rs2147318776,,X,47220993.0,T,C,rs2147318776,ENST00000357227.9:c.-7+1888T>C,,ENST00000357227,NP_006192.1,,,,,other,intron_variant,,,,,,,,,,,none,,,,,0.0,0.0,0.0,0.0,0.0,0.0,0.75,11.25
rs2147317572,Ensembl VEP (dbSNP),rs2147317572,rs2147317572,,X,47220513.0,T,G,rs2147317572,ENST00000357227.9:c.-7+1408T>G,,ENST00000357227,NP_006192.1,,,,,other,intron_variant,,,,,,,,,,,none,,,,,0.0,0.0,0.0,0.0,0.0,0.0,0.75,11.25
rs2147315954,Ensembl VEP (dbSNP),rs2147315954,rs2147315954,,X,47220050.0,G,A,rs2147315954,,,ENST00000335972,NP_006192.1,,,,,other,downstream_gene_variant,,,,,,,,,,,none,,,,,0.0,0.0,0.0,0.0,0.0,0.0,0.5,7.5
rs2147314815,Ensembl VEP (dbSNP),rs2147314815,rs2147314815,,X,47219700.0,C,G,rs2147314815,,,ENST00000335972,NP_006192.1,,,,,other,downstream_gene_variant,,,,,,,,,,,none,,,,,0.0,0.0,0.0,0.0,0.0,0.0,0.5,7.5
rs2147314361,Ensembl VEP (dbSNP),rs2147314361,rs2147314361,,X,47219523.0,A,C,rs2147314361,,,ENST00000335972,NP_006192.1,,,,,other,downstream_gene_variant,,,,,,,,,,,none,,,,,0.0,0.0,0.0,0.0,0.0,0.0,0.5,7.5
rs2147314296,Ensembl VEP (dbSNP),rs2147314296,rs2147314296,,X,47219496.0,AG,-,rs2147314296,,,ENST00000335972,NP_006192.1,,,,,other,downstream_gene_variant,,,,,,,,,,,none,,,,,0.0,0.0,0.0,0.0,0.0,0.0,0.5,7.5
rs2147313764,Ensembl VEP (dbSNP),rs2147313764,rs2147313764,,X,47219372.0,A,C,rs2147313764,,,ENST00000335972,NP_006192.1,,,,,other,downstream_gene_variant,,,,,,,,,,,none,,,,,0.0,0.0,0.0,0.0,0.0,0.0,0.5,7.5
rs2147313693,Ensembl VEP (dbSNP),rs2147313693,rs2147313693,,X,47219335.0,G,A,rs2147313693,,,ENST00000335972,NP_006192.1,,,,,other,downstream_gene_variant,,,,,,,,,,,none,,,,,0.0,0.0,0.0,0.0,0.0,0.0,0.5,7.5
rs2147313041,Ensembl VEP (dbSNP),rs2147313041,rs2147313041,,X,47219144.0,C,-,rs2147313041,,,ENST00000335972,NP_006192.1,,,,,other,downstream_gene_variant,,,,,,,,,,,none,,,,,0.0,0.0,0.0,0.0,0.0,0.0,0.5,7.5
rs2147312805,Ensembl VEP (dbSNP),rs2147312805,rs2147312805,,X,47219072.0,C,T,rs2147312805,,,ENST00000335972,NP_006192.1,,,,,other,downstream_gene_variant,,,,,,,,,,,none,,,,,0.0,0.0,0.0,0.0,0.0,0.0,0.5,7.5
rs2147312634,Ensembl VEP (dbSNP),rs2147312634,rs2147312634,,X,47219033.0,T,C,rs2147312634,,,ENST00000335972,NP_006192.1,,,,,other,downstream_gene_variant,,,,,,,,,,,none,,,,,0.0,0.0,0.0,0.0,0.0,0.0,0.5,7.5
rs2147312325,Ensembl VEP (dbSNP),rs2147312325,rs2147312325,,X,47218927.0,-,GGC,rs2147312325,,,ENST00000335972,NP_006192.1,,,,,other,downstream_gene_variant,,,,,,,,,,,none,,,,,0.0,0.0,0.0,0.0,0.0,0.0,0.5,7.5
rs2147312308,Ensembl VEP (dbSNP),rs2147312308,rs2147312308,,X,47218926.0,-,GCG,rs2147312308,,,ENST00000335972,NP_006192.1,,,,,other,downstream_gene_variant,,,,,,,,,,,none,,,,,0.0,0.0,0.0,0.0,0.0,0.0,0.5,7.5
rs2147312198,Ensembl VEP (dbSNP),rs2147312198,rs2147312198,,X,47218904.0,G,A,rs2147312198,,,ENST00000335972,NP_006192.1,,,,,other,downstream_gene_variant,,,,,,,,,,,none,,,,,0.0,0.0,0.0,0.0,0.0,0.0,0.5,7.5
rs2147312166,Ensembl VEP (dbSNP),rs2147312166,rs2147312166,,X,47218895.0,G,C,rs2147312166,,,ENST00000335972,NP_006192.1,,,,,other,downstream_gene_variant,,,,,,,,,,,none,,,,,0.0,0.0,0.0,0.0,0.0,0.0,0.5,7.5
rs2147312124,Ensembl VEP (dbSNP),rs2147312124,rs2147312124,,X,47218879.0,G,T,rs2147312124,,,ENST00000335972,NP_006192.1,,,,,other,downstream_gene_variant,,,,,,,,,,,none,,,,,0.0,0.0,0.0,0.0,0.0,0.0,0.5,7.5
rs2147311415,Ensembl VEP (dbSNP),rs2147311415,rs2147311415,,X,47218718.0,G,T,rs2147311415,,,ENST00000335972,NP_006192.1,,,,,other,downstream_gene_variant,,,,,,,,,,,none,,,,,0.0,0.0,0.0,0.0,0.0,0.0,0.5,7.5
rs2147310681,Ensembl VEP (dbSNP),rs2147310681,rs2147310681,,X,47218554.0,C,T,rs2147310681,,,ENST00000335972,NP_006192.1,,,,,other,downstream_gene_variant,,,,,,,,,,,none,,,,,0.0,0.0,0.0,0.0,0.0,0.0,0.5,7.5
rs2147310458,Ensembl VEP (dbSNP),rs2147310458,rs2147310458,,X,47218423.0,C,T,rs2147310458,,,ENST00000335972,NP_006192.1,,,,,other,downstream_gene_variant,,,,,,,,,,,none,,,,,0.0,0.0,0.0,0.0,0.0,0.0,0.5,7.5
rs2147310386,Ensembl VEP (dbSNP),rs2147310386,rs2147310386,,X,47218376.0,T,G,rs2147310386,,,ENST00000335972,NP_006192.1,,,,,other,downstream_gene_variant,,,,,,,,,,,none,,,,,0.0,0.0,0.0,0.0,0.0,0.0,0.5,7.5
rs2147310231,Ensembl VEP (dbSNP),rs2147310231,rs2147310231,,X,47218286.0,A,G,rs2147310231,,,ENST00000335972,NP_006192.1,,,,,other,downstream_gene_variant,,,,,,,,,,,none,,,,,0.0,0.0,0.0,0.0,0.0,0.0,0.5,7.5
rs2147309996,Ensembl VEP (dbSNP),rs2147309996,rs2147309996,,X,47218094.0,G,A,rs2147309996,,,ENST00000335972,NP_006192.1,,,,,other,downstream_gene_variant,,,,,,,,,,,none,,,,,0.0,0.0,0.0,0.0,0.0,0.0,0.5,7.5
rs2147309333,Ensembl VEP (dbSNP),rs2147309333,rs2147309333,,X,47217653.0,G,A,rs2147309333,,,ENST00000335972,NP_006192.1,,,,,other,downstream_gene_variant,,,,,,,,,,,none,,,,,0.0,0.0,0.0,0.0,0.0,0.0,0.5,7.5
rs2147309236,Ensembl VEP (dbSNP),rs2147309236,rs2147309236,,X,47217558.0,T,C,rs2147309236,,,ENST00000335972,NP_006192.1,,,,,other,downstream_gene_variant,,,,,,,,,,,none,,,,,0.0,0.0,0.0,0.0,0.0,0.0,0.5,7.5
rs2147309013,Ensembl VEP (dbSNP),rs2147309013,rs2147309013,,X,47217343.0,G,A,rs2147309013,,,ENST00000335972,NP_006192.1,,,,,other,downstream_gene_variant,,,,,,,,,,,none,,,,,0.0,0.0,0.0,0.0,0.0,0.0,0.5,7.5
rs2147308842,Ensembl VEP (dbSNP),rs2147308842,rs2147308842,,X,47217217.0,C,T,rs2147308842,,,ENST00000335972,NP_006192.1,,,,,other,downstream_gene_variant,,,,,,,,,,,none,,,,,0.0,0.0,0.0,0.0,0.0,0.0,0.5,7.5
rs2147308635,Ensembl VEP (dbSNP),rs2147308635,rs2147308635,,X,47217050.0,C,T,rs2147308635,,,ENST00000335972,NP_006192.1,,,,,other,downstream_gene_variant,,,,,,,,,,,none,,,,,0.0,0.0,0.0,0.0,0.0,0.0,0.5,7.5
rs2147307572,Ensembl VEP (dbSNP),rs2147307572,rs2147307572,,X,47216397.0,A,T,rs2147307572,,,ENST00000335972,NP_006192.1,,,,,other,downstream_gene_variant,,,,,,,,,,,none,,,,,0.0,0.0,0.0,0.0,0.0,0.0,0.5,7.5
rs2147307482,Ensembl VEP (dbSNP),rs2147307482,rs2147307482,,X,47216359.0,C,T,rs2147307482,,,ENST00000335972,NP_006192.1,,,,,other,downstream_gene_variant,,,,,,,,,,,none,,,,,0.0,0.0,0.0,0.0,0.0,0.0,0.5,7.5
rs2099682708,Ensembl VEP (dbSNP),rs2099682708,rs2099682708,,X,47229876.0,C,T,rs2099682708,ENST00000357227.9:c.*1108C>T,,ENST00000357227,NP_006192.1,,,,,other,3_prime_UTR_variant,,,,,,,,,,,none,,,,,0.0,0.0,0.0,0.0,0.0,0.0,0.75,11.25
rs2080006293,Ensembl VEP (dbSNP),rs2080006293,rs2080006293,,X,47228378.0,GT,-,rs2080006293,ENST00000357227.9:c.1376-189_1376-188del,,ENST00000357227,NP_006192.1,,,,,other,intron_variant,,,,,,,,,,,none,,,,,0.0,0.0,0.0,0.0,0.0,0.0,0.75,11.25
rs2075653967,Ensembl VEP (dbSNP),rs2075653967,rs2075653967,,X,47217278.0,T,A,rs2075653967,,,ENST00000335972,NP_006192.1,,,,,other,downstream_gene_variant,,,,,,,,,,,none,,,,,0.0,0.0,0.0,0.0,0.0,0.0,0.5,7.5
rs2055330158,Ensembl VEP (dbSNP),rs2055330158,rs2055330158,,X,47230497.0,G,A,rs2055330158,,,ENST00000357227,NP_006192.1,,,,,other,downstream_gene_variant,,,,,,,,,,,none,,,,,0.0,0.0,0.0,0.0,0.0,0.0,0.5,7.5
rs2055330079,Ensembl VEP (dbSNP),rs2055330079,rs2055330079,,X,47230489.0,T,A,rs2055330079,,,ENST00000357227,NP_006192.1,,,,,other,downstream_gene_variant,,,,,,,,,,,none,,,,,0.0,0.0,0.0,0.0,0.0,0.0,0.5,7.5
rs2055329731,Ensembl VEP (dbSNP),rs2055329731,rs2055329731,,X,47230482.0,-,G,rs2055329731,,,ENST00000357227,NP_006192.1,,,,,other,downstream_gene_variant,,,,,,,,,,,none,,,,,0.0,0.0,0.0,0.0,0.0,0.0,0.5,7.5
rs2055329175,Ensembl VEP (dbSNP),rs2055329175,rs2055329175,,X,47230454.0,-,T,rs2055329175,,,ENST00000357227,NP_006192.1,,,,,other,downstream_gene_variant,,,,,,,,,,,none,,,,,0.0,0.0,0.0,0.0,0.0,0.0,0.5,7.5
rs2055329098,Ensembl VEP (dbSNP),rs2055329098,rs2055329098,,X,47230450.0,C,T,rs2055329098,,,ENST00000357227,NP_006192.1,,,,,other,downstream_gene_variant,,,,,,,,,,,none,,,,,0.0,0.0,0.0,0.0,0.0,0.0,0.5,7.5
rs2055328134,Ensembl VEP (dbSNP),rs2055328134,rs2055328134,,X,47230421.0,T,A,rs2055328134,,,ENST00000357227,NP_006192.1,,,,,other,downstream_gene_variant,,,,,,,,,,,none,,,,,0.0,0.0,0.0,0.0,0.0,0.0,0.5,7.5
rs2055327987,Ensembl VEP (dbSNP),rs2055327987,rs2055327987,,X,47230414.0,G,A,rs2055327987,,,ENST00000357227,NP_006192.1,,,,,other,downstream_gene_variant,,,,,,,,,,,none,,,,,0.0,0.0,0.0,0.0,0.0,0.0,0.5,7.5
rs2055326975,Ensembl VEP (dbSNP),rs2055326975,rs2055326975,,X,47230394.0,G,A,rs2055326975,,,ENST00000357227,NP_006192.1,,,,,other,downstream_gene_variant,,,,,,,,,,,none,,,,,0.0,0.0,0.0,0.0,0.0,0.0,0.5,7.5
rs2055326887,Ensembl VEP (dbSNP),rs2055326887,rs2055326887,,X,47230391.0,G,A,rs2055326887,,,ENST00000357227,NP_006192.1,,,,,other,downstream_gene_variant,,,,,,,,,,,none,,,,,0.0,0.0,0.0,0.0,0.0,0.0,0.5,7.5
rs2055326382,Ensembl VEP (dbSNP),rs2055326382,rs2055326382,,X,47230371.0,G,A,rs2055326382,,,ENST00000357227,NP_006192.1,,,,,other,downstream_gene_variant,,,,,,,,,,,none,,,,,0.0,0.0,0.0,0.0,0.0,0.0,0.5,7.5
rs2055325754,Ensembl VEP (dbSNP),rs2055325754,rs2055325754,,X,47230338.0,G,A,rs2055325754,,,ENST00000357227,NP_006192.1,,,,,other,downstream_gene_variant,,,,,,,,,,,none,,,,,0.0,0.0,0.0,0.0,0.0,0.0,0.5,7.5
rs2055325399,Ensembl VEP (dbSNP),rs2055325399,rs2055325399,,X,47230332.0,T,C,rs2055325399,,,ENST00000357227,NP_006192.1,,,,,other,downstream_gene_variant,,,,,,,,,,,none,,,,,0.0,0.0,0.0,0.0,0.0,0.0,0.5,7.5
rs2055325305,Ensembl VEP (dbSNP),rs2055325305,rs2055325305,,X,47230329.0,C,T,rs2055325305,,,ENST00000357227,NP_006192.1,,,,,other,downstream_gene_variant,,,,,,,,,,,none,,,,,0.0,0.0,0.0,0.0,0.0,0.0,0.5,7.5
rs2055324484,Ensembl VEP (dbSNP),rs2055324484,rs2055324484,,X,47230296.0,G,A,rs2055324484,,,ENST00000357227,NP_006192.1,,,,,other,downstream_gene_variant,,,,,,,,,,,none,,,,,0.0,0.0,0.0,0.0,0.0,0.0,0.5,7.5
rs2055323993,Ensembl VEP (dbSNP),rs2055323993,rs2055323993,,X,47230268.0,G,A,rs2055323993,,,ENST00000357227,NP_006192.1,,,,,other,downstream_gene_variant,,,,,,,,,,,none,,,,,0.0,0.0,0.0,0.0,0.0,0.0,0.5,7.5
rs2055323920,Ensembl VEP (dbSNP),rs2055323920,rs2055323920,,X,47230265.0,T,A,rs2055323920,,,ENST00000357227,NP_006192.1,,,,,other,downstream_gene_variant,,,,,,,,,,,none,,,,,0.0,0.0,0.0,0.0,0.0,0.0,0.5,7.5
rs2055323136,Ensembl VEP (dbSNP),rs2055323136,rs2055323136,,X,47230223.0,G,C,rs2055323136,,,ENST00000357227,NP_006192.1,,,,,other,downstream_gene_variant,,,,,,,,,,,none,,,,,0.0,0.0,0.0,0.0,0.0,0.0,0.5,7.5
rs2055322562,Ensembl VEP (dbSNP),rs2055322562,rs2055322562,,X,47230189.0,G,C,rs2055322562,,,ENST00000357227,NP_006192.1,,,,,other,downstream_gene_variant,,,,,,,,,,,none,,,,,0.0,0.0,0.0,0.0,0.0,0.0,0.5,7.5
rs2055321656,Ensembl VEP (dbSNP),rs2055321656,rs2055321656,,X,47230149.0,T,C,rs2055321656,,,ENST00000357227,NP_006192.1,,,,,other,downstream_gene_variant,,,,,,,,,,,none,,,,,0.0,0.0,0.0,0.0,0.0,0.0,0.5,7.5
rs2055321124,Ensembl VEP (dbSNP),rs2055321124,rs2055321124,,X,47230136.0,G,A,rs2055321124,,,ENST00000357227,NP_006192.1,,,,,other,downstream_gene_variant,,,,,,,,,,,none,,,,,0.0,0.0,0.0,0.0,0.0,0.0,0.5,7.5
rs2055321047,Ensembl VEP (dbSNP),rs2055321047,rs2055321047,,X,47230127.0,T,G,rs2055321047,,,ENST00000357227,NP_006192.1,,,,,other,downstream_gene_variant,,,,,,,,,,,none,,,,,0.0,0.0,0.0,0.0,0.0,0.0,0.5,7.5
rs2055319889,Ensembl VEP (dbSNP),rs2055319889,rs2055319889,,X,47230097.0,A,C,rs2055319889,,,ENST00000357227,NP_006192.1,,,,,other,downstream_gene_variant,,,,,,,,,,,none,,,,,0.0,0.0,0.0,0.0,0.0,0.0,0.5,7.5
rs2055319114,Ensembl VEP (dbSNP),rs2055319114,rs2055319114,,X,47230058.0,T,C,rs2055319114,,,ENST00000357227,NP_006192.1,,,,,other,downstream_gene_variant,,,,,,,,,,,none,,,,,0.0,0.0,0.0,0.0,0.0,0.0,0.5,7.5
rs2055319015,Ensembl VEP (dbSNP),rs2055319015,rs2055319015,,X,47230056.0,C,A,rs2055319015,,,ENST00000357227,NP_006192.1,,,,,other,downstream_gene_variant,,,,,,,,,,,none,,,,,0.0,0.0,0.0,0.0,0.0,0.0,0.5,7.5
rs2055318499,Ensembl VEP (dbSNP),rs2055318499,rs2055318499,,X,47230037.0,G,C,rs2055318499,,,ENST00000357227,NP_006192.1,,,,,other,downstream_gene_variant,,,,,,,,,,,none,,,,,0.0,0.0,0.0,0.0,0.0,0.0,0.5,7.5
rs2055317950,Ensembl VEP (dbSNP),rs2055317950,rs2055317950,,X,47230012.0,C,A,rs2055317950,,,ENST00000357227,NP_006192.1,,,,,other,downstream_gene_variant,,,,,,,,,,,none,,,,,0.0,0.0,0.0,0.0,0.0,0.0,0.5,7.5
rs2055317860,Ensembl VEP (dbSNP),rs2055317860,rs2055317860,,X,47230006.0,G,A,rs2055317860,,,ENST00000357227,NP_006192.1,,,,,other,downstream_gene_variant,,,,,,,,,,,none,,,,,0.0,0.0,0.0,0.0,0.0,0.0,0.5,7.5
rs2055317505,Ensembl VEP (dbSNP),rs2055317505,rs2055317505,,X,47229985.0,T,C,rs2055317505,ENST00000357227.9:c.*1217T>C,,ENST00000357227,NP_006192.1,,,,,other,3_prime_UTR_variant,,,,,,,,,,,none,,,,,0.0,0.0,0.0,0.0,0.0,0.0,0.75,11.25
rs2055317430,Ensembl VEP (dbSNP),rs2055317430,rs2055317430,,X,47229968.0,T,C,rs2055317430,ENST00000357227.9:c.*1200T>C,,ENST00000357227,NP_006192.1,,,,,other,3_prime_UTR_variant,,,,,,,,,,,none,,,,,0.0,0.0,0.0,0.0,0.0,0.0,0.75,11.25
rs2055317345,Ensembl VEP (dbSNP),rs2055317345,rs2055317345,,X,47229964.0,G,A,rs2055317345,ENST00000357227.9:c.*1196G>A,,ENST00000357227,NP_006192.1,,,,,other,3_prime_UTR_variant,,,,,,,,,,,none,,,,,0.0,0.0,0.0,0.0,0.0,0.0,0.75,11.25
rs2055317148,Ensembl VEP (dbSNP),rs2055317148,rs2055317148,,X,47229960.0,A,C,rs2055317148,ENST00000357227.9:c.*1192A>C,,ENST00000357227,NP_006192.1,,,,,other,3_prime_UTR_variant,,,,,,,,,,,none,,,,,0.0,0.0,0.0,0.0,0.0,0.0,0.75,11.25
rs2055316890,Ensembl VEP (dbSNP),rs2055316890,rs2055316890,,X,47229953.0,G,A,rs2055316890,ENST00000357227.9:c.*1185G>A,,ENST00000357227,NP_006192.1,,,,,other,3_prime_UTR_variant,,,,,,,,,,,none,,,,,0.0,0.0,0.0,0.0,0.0,0.0,0.75,11.25
rs2055316804,Ensembl VEP (dbSNP),rs2055316804,rs2055316804,,X,47229947.0,C,T,rs2055316804,ENST00000357227.9:c.*1179C>T,,ENST00000357227,NP_006192.1,,,,,other,3_prime_UTR_variant,,,,,,,,,,,none,,,,,0.0,0.0,0.0,0.0,0.0,0.0,0.75,11.25
rs2055316399,Ensembl VEP (dbSNP),rs2055316399,rs2055316399,,X,47229933.0,-,T,rs2055316399,ENST00000357227.9:c.*1164dup,,ENST00000357227,NP_006192.1,,,,,other,3_prime_UTR_variant,,,,,,,,,,,none,,,,,0.0,0.0,0.0,0.0,0.0,0.0,0.75,11.25
rs2055316306,Ensembl VEP (dbSNP),rs2055316306,rs2055316306,,X,47229930.0,T,C,rs2055316306,ENST00000357227.9:c.*1162T>C,,ENST00000357227,NP_006192.1,,,,,other,3_prime_UTR_variant,,,,,,,,,,,none,,,,,0.0,0.0,0.0,0.0,0.0,0.0,0.75,11.25
rs2055315969,Ensembl VEP (dbSNP),rs2055315969,rs2055315969,,X,47229915.0,-,G,rs2055315969,ENST00000357227.9:c.*1146dup,,ENST00000357227,NP_006192.1,,,,,other,3_prime_UTR_variant,,,,,,,,,,,none,,,,,0.0,0.0,0.0,0.0,0.0,0.0,0.75,11.25
rs2055315716,Ensembl VEP (dbSNP),rs2055315716,rs2055315716,,X,47229906.0,A,T,rs2055315716,ENST00000357227.9:c.*1138A>T,,ENST00000357227,NP_006192.1,,,,,other,3_prime_UTR_variant,,,,,,,,,,,none,,,,,0.0,0.0,0.0,0.0,0.0,0.0,0.75,11.25
rs2055315546,Ensembl VEP (dbSNP),rs2055315546,rs2055315546,,X,47229902.0,G,C,rs2055315546,ENST00000357227.9:c.*1134G>C,,ENST00000357227,NP_006192.1,,,,,other,3_prime_UTR_variant,,,,,,,,,,,none,,,,,0.0,0.0,0.0,0.0,0.0,0.0,0.75,11.25
rs2055315460,Ensembl VEP (dbSNP),rs2055315460,rs2055315460,,X,47229901.0,A,T,rs2055315460,ENST00000357227.9:c.*1133A>T,,ENST00000357227,NP_006192.1,,,,,other,3_prime_UTR_variant,,,,,,,,,,,none,,,,,0.0,0.0,0.0,0.0,0.0,0.0,0.75,11.25
rs2055314841,Ensembl VEP (dbSNP),rs2055314841,rs2055314841,,X,47229891.0,A,T,rs2055314841,ENST00000357227.9:c.*1123A>T,,ENST00000357227,NP_006192.1,,,,,other,3_prime_UTR_variant,,,,,,,,,,,none,,,,,0.0,0.0,0.0,0.0,0.0,0.0,0.75,11.25
rs2055314488,Ensembl VEP (dbSNP),rs2055314488,rs2055314488,,X,47229879.0,T,G,rs2055314488,ENST00000357227.9:c.*1111T>G,,ENST00000357227,NP_006192.1,,,,,other,3_prime_UTR_variant,,,,,,,,,,,none,,,,,0.0,0.0,0.0,0.0,0.0,0.0,0.75,11.25
rs2055314409,Ensembl VEP (dbSNP),rs2055314409,rs2055314409,,X,47229878.0,C,G,rs2055314409,ENST00000357227.9:c.*1110C>G,,ENST00000357227,NP_006192.1,,,,,other,3_prime_UTR_variant,,,,,,,,,,,none,,,,,0.0,0.0,0.0,0.0,0.0,0.0,0.75,11.25
rs2055314064,Ensembl VEP (dbSNP),rs2055314064,rs2055314064,,X,47229864.0,C,T,rs2055314064,ENST00000357227.9:c.*1096C>T,,ENST00000357227,NP_006192.1,,,,,other,3_prime_UTR_variant,,,,,,,,,,,none,,,,,0.0,0.0,0.0,0.0,0.0,0.0,0.75,11.25
rs2055313986,Ensembl VEP (dbSNP),rs2055313986,rs2055313986,,X,47229861.0,T,A,rs2055313986,ENST00000357227.9:c.*1093T>A,,ENST00000357227,NP_006192.1,,,,,other,3_prime_UTR_variant,,,,,,,,,,,none,,,,,0.0,0.0,0.0,0.0,0.0,0.0,0.75,11.25
rs2055313917,Ensembl VEP (dbSNP),rs2055313917,rs2055313917,,X,47229855.0,C,T,rs2055313917,ENST00000357227.9:c.*1087C>T,,ENST00000357227,NP_006192.1,,,,,other,3_prime_UTR_variant,,,,,,,,,,,none,,,,,0.0,0.0,0.0,0.0,0.0,0.0,0.75,11.25
rs2055313778,Ensembl VEP (dbSNP),rs2055313778,rs2055313778,,X,47229849.0,G,A,rs2055313778,ENST00000357227.9:c.*1081G>A,,ENST00000357227,NP_006192.1,,,,,other,3_prime_UTR_variant,,,,,,,,,,,none,,,,,0.0,0.0,0.0,0.0,0.0,0.0,0.75,11.25
rs2055313366,Ensembl VEP (dbSNP),rs2055313366,rs2055313366,,X,47229821.0,A,G,rs2055313366,ENST00000357227.9:c.*1053A>G,,ENST00000357227,NP_006192.1,,,,,other,3_prime_UTR_variant,,,,,,,,,,,none,,,,,0.0,0.0,0.0,0.0,0.0,0.0,0.75,11.25
rs2055313187,Ensembl VEP (dbSNP),rs2055313187,rs2055313187,,X,47229819.0,A,G,rs2055313187,ENST00000357227.9:c.*1051A>G,,ENST00000357227,NP_006192.1,,,,,other,3_prime_UTR_variant,,,,,,,,,,,none,,,,,0.0,0.0,0.0,0.0,0.0,0.0,0.75,11.25
rs2055313104,Ensembl VEP (dbSNP),rs2055313104,rs2055313104,,X,47229818.0,G,A,rs2055313104,ENST00000357227.9:c.*1050G>A,,ENST00000357227,NP_006192.1,,,,,other,3_prime_UTR_variant,,,,,,,,,,,none,,,,,0.0,0.0,0.0,0.0,0.0,0.0,0.75,11.25
rs2055312745,Ensembl VEP (dbSNP),rs2055312745,rs2055312745,,X,47229805.0,G,A,rs2055312745,ENST00000357227.9:c.*1037G>A,,ENST00000357227,NP_006192.1,,,,,other,3_prime_UTR_variant,,,,,,,,,,,none,,,,,0.0,0.0,0.0,0.0,0.0,0.0,0.75,11.25
rs2055312672,Ensembl VEP (dbSNP),rs2055312672,rs2055312672,,X,47229795.0,T,C,rs2055312672,ENST00000357227.9:c.*1027T>C,,ENST00000357227,NP_006192.1,,,,,other,3_prime_UTR_variant,,,,,,,,,,,none,,,,,0.0,0.0,0.0,0.0,0.0,0.0,0.75,11.25
rs2055312073,Ensembl VEP (dbSNP),rs2055312073,rs2055312073,,X,47229765.0,G,A,rs2055312073,ENST00000357227.9:c.*997G>A,,ENST00000357227,NP_006192.1,,,,,other,3_prime_UTR_variant,,,,,,,,,,,none,,,,,0.0,0.0,0.0,0.0,0.0,0.0,0.75,11.25
rs2055311630,Ensembl VEP (dbSNP),rs2055311630,rs2055311630,,X,47229748.0,G,A,rs2055311630,ENST00000357227.9:c.*980G>A,,ENST00000357227,NP_006192.1,,,,,other,3_prime_UTR_variant,,,,,,,,,,,none,,,,,0.0,0.0,0.0,0.0,0.0,0.0,0.75,11.25
rs2055311528,Ensembl VEP (dbSNP),rs2055311528,rs2055311528,,X,47229744.0,T,A,rs2055311528,ENST00000357227.9:c.*976T>A,,ENST00000357227,NP_006192.1,,,,,other,3_prime_UTR_variant,,,,,,,,,,,none,,,,,0.0,0.0,0.0,0.0,0.0,0.0,0.75,11.25
rs2055311270,Ensembl VEP (dbSNP),rs2055311270,rs2055311270,,X,47229726.0,A,G,rs2055311270,ENST00000357227.9:c.*958A>G,,ENST00000357227,NP_006192.1,,,,,other,3_prime_UTR_variant,,,,,,,,,,,none,,,,,0.0,0.0,0.0,0.0,0.0,0.0,0.75,11.25
rs2055311097,Ensembl VEP (dbSNP),rs2055311097,rs2055311097,,X,47229717.0,A,G,rs2055311097,ENST00000357227.9:c.*949A>G,,ENST00000357227,NP_006192.1,,,,,other,3_prime_UTR_variant,,,,,,,,,,,none,,,,,0.0,0.0,0.0,0.0,0.0,0.0,0.75,11.25
rs2055311005,Ensembl VEP (dbSNP),rs2055311005,rs2055311005,,X,47229716.0,C,T,rs2055311005,ENST00000357227.9:c.*948C>T,,ENST00000357227,NP_006192.1,,,,,other,3_prime_UTR_variant,,,,,,,,,,,none,,,,,0.0,0.0,0.0,0.0,0.0,0.0,0.75,11.25
rs2055310753,Ensembl VEP (dbSNP),rs2055310753,rs2055310753,,X,47229709.0,G,T,rs2055310753,ENST00000357227.9:c.*941G>T,,ENST00000357227,NP_006192.1,,,,,other,3_prime_UTR_variant,,,,,,,,,,,none,,,,,0.0,0.0,0.0,0.0,0.0,0.0,0.75,11.25
rs2055310374,Ensembl VEP (dbSNP),rs2055310374,rs2055310374,,X,47229681.0,G,T,rs2055310374,ENST00000357227.9:c.*913G>T,,ENST00000357227,NP_006192.1,,,,,other,3_prime_UTR_variant,,,,,,,,,,,none,,,,,0.0,0.0,0.0,0.0,0.0,0.0,0.75,11.25
rs2055310120,Ensembl VEP (dbSNP),rs2055310120,rs2055310120,,X,47229669.0,C,T,rs2055310120,ENST00000357227.9:c.*901C>T,,ENST00000357227,NP_006192.1,,,,,other,3_prime_UTR_variant,,,,,,,,,,,none,,,,,0.0,0.0,0.0,0.0,0.0,0.0,0.75,11.25
rs2055309546,Ensembl VEP (dbSNP),rs2055309546,rs2055309546,,X,47229656.0,A,G,rs2055309546,ENST00000357227.9:c.*888A>G,,ENST00000357227,NP_006192.1,,,,,other,3_prime_UTR_variant,,,,,,,,,,,none,,,,,0.0,0.0,0.0,0.0,0.0,0.0,0.75,11.25
rs2055309475,Ensembl VEP (dbSNP),rs2055309475,rs2055309475,,X,47229653.0,C,T,rs2055309475,ENST00000357227.9:c.*885C>T,,ENST00000357227,NP_006192.1,,,,,other,3_prime_UTR_variant,,,,,,,,,,,none,,,,,0.0,0.0,0.0,0.0,0.0,0.0,0.75,11.25
rs2055309417,Ensembl VEP (dbSNP),rs2055309417,rs2055309417,,X,47229652.0,T,C,rs2055309417,ENST00000357227.9:c.*884T>C,,ENST00000357227,NP_006192.1,,,,,other,3_prime_UTR_variant,,,,,,,,,,,none,,,,,0.0,0.0,0.0,0.0,0.0,0.0,0.75,11.25
rs2055309341,Ensembl VEP (dbSNP),rs2055309341,rs2055309341,,X,47229651.0,C,T,rs2055309341,ENST00000357227.9:c.*883C>T,,ENST00000357227,NP_006192.1,,,,,other,3_prime_UTR_variant,,,,,,,,,,,none,,,,,0.0,0.0,0.0,0.0,0.0,0.0,0.75,11.25
rs2055309267,Ensembl VEP (dbSNP),rs2055309267,rs2055309267,,X,47229647.0,C,T,rs2055309267,ENST00000357227.9:c.*879C>T,,ENST00000357227,NP_006192.1,,,,,other,3_prime_UTR_variant,,,,,,,,,,,none,,,,,0.0,0.0,0.0,0.0,0.0,0.0,0.75,11.25
rs2055309103,Ensembl VEP (dbSNP),rs2055309103,rs2055309103,,X,47229645.0,C,T,rs2055309103,ENST00000357227.9:c.*877C>T,,ENST00000357227,NP_006192.1,,,,,other,3_prime_UTR_variant,,,,,,,,,,,none,,,,,0.0,0.0,0.0,0.0,0.0,0.0,0.75,11.25
rs2055308941,Ensembl VEP (dbSNP),rs2055308941,rs2055308941,,X,47229638.0,C,T,rs2055308941,ENST00000357227.9:c.*870C>T,,ENST00000357227,NP_006192.1,,,,,other,3_prime_UTR_variant,,,,,,,,,,,none,,,,,0.0,0.0,0.0,0.0,0.0,0.0,0.75,11.25
rs2055308720,Ensembl VEP (dbSNP),rs2055308720,rs2055308720,,X,47229614.0,C,T,rs2055308720,ENST00000357227.9:c.*846C>T,,ENST00000357227,NP_006192.1,,,,,other,3_prime_UTR_variant,,,,,,,,,,,none,,,,,0.0,0.0,0.0,0.0,0.0,0.0,0.75,11.25
rs2055308646,Ensembl VEP (dbSNP),rs2055308646,rs2055308646,,X,47229619.0,CTTC,-,rs2055308646,ENST00000357227.9:c.*851_*854del,,ENST00000357227,NP_006192.1,,,,,other,3_prime_UTR_variant,,,,,,,,,,,none,,,,,0.0,0.0,0.0,0.0,0.0,0.0,0.75,11.25
rs2055308090,Ensembl VEP (dbSNP),rs2055308090,rs2055308090,,X,47229592.0,T,C,rs2055308090,ENST00000357227.9:c.*824T>C,,ENST00000357227,NP_006192.1,,,,,other,3_prime_UTR_variant,,,,,,,,,,,none,,,,,0.0,0.0,0.0,0.0,0.0,0.0,0.75,11.25
rs2055307575,Ensembl VEP (dbSNP),rs2055307575,rs2055307575,,X,47229575.0,C,T,rs2055307575,ENST00000357227.9:c.*807C>T,,ENST00000357227,NP_006192.1,,,,,other,3_prime_UTR_variant,,,,,,,,,,,none,,,,,0.0,0.0,0.0,0.0,0.0,0.0,0.75,11.25
rs2055306877,Ensembl VEP (dbSNP),rs2055306877,rs2055306877,,X,47229560.0,G,A,rs2055306877,ENST00000357227.9:c.*792G>A,,ENST00000357227,NP_006192.1,,,,,other,3_prime_UTR_variant,,,,,,,,,,,none,,,,,0.0,0.0,0.0,0.0,0.0,0.0,0.75,11.25
rs2055306711,Ensembl VEP (dbSNP),rs2055306711,rs2055306711,,X,47229556.0,A,C,rs2055306711,ENST00000357227.9:c.*788A>C,,ENST00000357227,NP_006192.1,,,,,other,3_prime_UTR_variant,,,,,,,,,,,none,,,,,0.0,0.0,0.0,0.0,0.0,0.0,0.75,11.25
rs2055306473,Ensembl VEP (dbSNP),rs2055306473,rs2055306473,,X,47229547.0,G,C,rs2055306473,ENST00000357227.9:c.*779G>C,,ENST00000357227,NP_006192.1,,,,,other,3_prime_UTR_variant,,,,,,,,,,,none,,,,,0.0,0.0,0.0,0.0,0.0,0.0,0.75,11.25
rs2055306390,Ensembl VEP (dbSNP),rs2055306390,rs2055306390,,X,47229539.0,C,T,rs2055306390,ENST00000357227.9:c.*771C>T,,ENST00000357227,NP_006192.1,,,,,other,3_prime_UTR_variant,,,,,,,,,,,none,,,,,0.0,0.0,0.0,0.0,0.0,0.0,0.75,11.25
rs2055305948,Ensembl VEP (dbSNP),rs2055305948,rs2055305948,,X,47229516.0,C,T,rs2055305948,ENST00000357227.9:c.*748C>T,,ENST00000357227,NP_006192.1,,,,,other,3_prime_UTR_variant,,,,,,,,,,,none,,,,,0.0,0.0,0.0,0.0,0.0,0.0,0.75,11.25
rs2055304892,Ensembl VEP (dbSNP),rs2055304892,rs2055304892,,X,47229484.0,G,C,rs2055304892,ENST00000357227.9:c.*716G>C,,ENST00000357227,NP_006192.1,,,,,other,3_prime_UTR_variant,,,,,,,,,,,none,,,,,0.0,0.0,0.0,0.0,0.0,0.0,0.75,11.25
rs2055304747,Ensembl VEP (dbSNP),rs2055304747,rs2055304747,,X,47229467.0,T,C,rs2055304747,ENST00000357227.9:c.*699T>C,,ENST00000357227,NP_006192.1,,,,,other,3_prime_UTR_variant,,,,,,,,,,,none,,,,,0.0,0.0,0.0,0.0,0.0,0.0,0.75,11.25
rs2055304061,Ensembl VEP (dbSNP),rs2055304061,rs2055304061,,X,47229426.0,T,C,rs2055304061,ENST00000357227.9:c.*658T>C,,ENST00000357227,NP_006192.1,,,,,other,3_prime_UTR_variant,,,,,,,,,,,none,,,,,0.0,0.0,0.0,0.0,0.0,0.0,0.75,11.25
rs2055303818,Ensembl VEP (dbSNP),rs2055303818,rs2055303818,,X,47229422.0,C,T,rs2055303818,ENST00000357227.9:c.*654C>T,,ENST00000357227,NP_006192.1,,,,,other,3_prime_UTR_variant,,,,,,,,,,,none,,,,,0.0,0.0,0.0,0.0,0.0,0.0,0.75,11.25
rs2055303557,Ensembl VEP (dbSNP),rs2055303557,rs2055303557,,X,47229409.0,G,T,rs2055303557,ENST00000357227.9:c.*641G>T,,ENST00000357227,NP_006192.1,,,,,other,3_prime_UTR_variant,,,,,,,,,,,none,,,,,0.0,0.0,0.0,0.0,0.0,0.0,0.75,11.25
rs2055303479,Ensembl VEP (dbSNP),rs2055303479,rs2055303479,,X,47229408.0,AGACAG,-,rs2055303479,ENST00000357227.9:c.*640_*645del,,ENST00000357227,NP_006192.1,,,,,other,3_prime_UTR_variant,,,,,,,,,,,none,,,,,0.0,0.0,0.0,0.0,0.0,0.0,0.75,11.25
rs2055303300,Ensembl VEP (dbSNP),rs2055303300,rs2055303300,,X,47229395.0,C,T,rs2055303300,ENST00000357227.9:c.*627C>T,,ENST00000357227,NP_006192.1,,,,,other,3_prime_UTR_variant,,,,,,,,,,,none,,,,,0.0,0.0,0.0,0.0,0.0,0.0,0.75,11.25
rs2055302156,Ensembl VEP (dbSNP),rs2055302156,rs2055302156,,X,47229353.0,CG,-,rs2055302156,ENST00000357227.9:c.*585_*586del,,ENST00000357227,NP_006192.1,,,,,other,3_prime_UTR_variant,,,,,,,,,,,none,,,,,0.0,0.0,0.0,0.0,0.0,0.0,0.75,11.25
rs2055302010,Ensembl VEP (dbSNP),rs2055302010,rs2055302010,,X,47229350.0,C,T,rs2055302010,ENST00000357227.9:c.*582C>T,,ENST00000357227,NP_006192.1,,,,,other,3_prime_UTR_variant,,,,,,,,,,,none,,,,,0.0,0.0,0.0,0.0,0.0,0.0,0.75,11.25
rs2055301300,Ensembl VEP (dbSNP),rs2055301300,rs2055301300,,X,47229332.0,C,T,rs2055301300,ENST00000357227.9:c.*564C>T,,ENST00000357227,NP_006192.1,,,,,other,3_prime_UTR_variant,,,,,,,,,,,none,,,,,0.0,0.0,0.0,0.0,0.0,0.0,0.75,11.25
rs2055300882,Ensembl VEP (dbSNP),rs2055300882,rs2055300882,,X,47229325.0,A,G,rs2055300882,ENST00000357227.9:c.*557A>G,,ENST00000357227,NP_006192.1,,,,,other,3_prime_UTR_variant,,,,,,,,,,,none,,,,,0.0,0.0,0.0,0.0,0.0,0.0,0.75,11.25
rs2055300590,Ensembl VEP (dbSNP),rs2055300590,rs2055300590,,X,47229306.0,T,A,rs2055300590,ENST00000357227.9:c.*538T>A,,ENST00000357227,NP_006192.1,,,,,other,3_prime_UTR_variant,,,,,,,,,,,none,,,,,0.0,0.0,0.0,0.0,0.0,0.0,0.75,11.25
rs2055300524,Ensembl VEP (dbSNP),rs2055300524,rs2055300524,,X,47229305.0,T,C,rs2055300524,ENST00000357227.9:c.*537T>C,,ENST00000357227,NP_006192.1,,,,,other,3_prime_UTR_variant,,,,,,,,,,,none,,,,,0.0,0.0,0.0,0.0,0.0,0.0,0.75,11.25
rs2055300445,Ensembl VEP (dbSNP),rs2055300445,rs2055300445,,X,47229304.0,T,C,rs2055300445,ENST00000357227.9:c.*536T>C,,ENST00000357227,NP_006192.1,,,,,other,3_prime_UTR_variant,,,,,,,,,,,none,,,,,0.0,0.0,0.0,0.0,0.0,0.0,0.75,11.25
rs2055299984,Ensembl VEP (dbSNP),rs2055299984,rs2055299984,,X,47229299.0,GT,-,rs2055299984,ENST00000357227.9:c.*531_*532del,,ENST00000357227,NP_006192.1,,,,,other,3_prime_UTR_variant,,,,,,,,,,,none,,,,,0.0,0.0,0.0,0.0,0.0,0.0,0.75,11.25
rs2055299642,Ensembl VEP (dbSNP),rs2055299642,rs2055299642,,X,47229288.0,A,G,rs2055299642,ENST00000357227.9:c.*520A>G,,ENST00000357227,NP_006192.1,,,,,other,3_prime_UTR_variant,,,,,,,,,,,none,,,,,0.0,0.0,0.0,0.0,0.0,0.0,0.75,11.25
rs2055299559,Ensembl VEP (dbSNP),rs2055299559,rs2055299559,,X,47229287.0,A,C,rs2055299559,ENST00000357227.9:c.*519A>C,,ENST00000357227,NP_006192.1,,,,,other,3_prime_UTR_variant,,,,,,,,,,,none,,,,,0.0,0.0,0.0,0.0,0.0,0.0,0.75,11.25
rs2055299328,Ensembl VEP (dbSNP),rs2055299328,rs2055299328,,X,47229278.0,A,-,rs2055299328,ENST00000357227.9:c.*510del,,ENST00000357227,NP_006192.1,,,,,other,3_prime_UTR_variant,,,,,,,,,,,none,,,,,0.0,0.0,0.0,0.0,0.0,0.0,0.75,11.25
rs2055299247,Ensembl VEP (dbSNP),rs2055299247,rs2055299247,,X,47229277.0,A,G,rs2055299247,ENST00000357227.9:c.*509A>G,,ENST00000357227,NP_006192.1,,,,,other,3_prime_UTR_variant,,,,,,,,,,,none,,,,,0.0,0.0,0.0,0.0,0.0,0.0,0.75,11.25
rs2055299079,Ensembl VEP (dbSNP),rs2055299079,rs2055299079,,X,47229267.0,T,C,rs2055299079,ENST00000357227.9:c.*499T>C,,ENST00000357227,NP_006192.1,,,,,other,3_prime_UTR_variant,,,,,,,,,,,none,,,,,0.0,0.0,0.0,0.0,0.0,0.0,0.75,11.25
rs2055298639,Ensembl VEP (dbSNP),rs2055298639,rs2055298639,,X,47229264.0,T,G,rs2055298639,ENST00000357227.9:c.*496T>G,,ENST00000357227,NP_006192.1,,,,,other,3_prime_UTR_variant,,,,,,,,,,,none,,,,,0.0,0.0,0.0,0.0,0.0,0.0,0.75,11.25
rs2055298543,Ensembl VEP (dbSNP),rs2055298543,rs2055298543,,X,47229263.0,G,-,rs2055298543,ENST00000357227.9:c.*495del,,ENST00000357227,NP_006192.1,,,,,other,3_prime_UTR_variant,,,,,,,,,,,none,,,,,0.0,0.0,0.0,0.0,0.0,0.0,0.75,11.25
rs2055298204,Ensembl VEP (dbSNP),rs2055298204,rs2055298204,,X,47229263.0,-,T,rs2055298204,ENST00000357227.9:c.*494dup,,ENST00000357227,NP_006192.1,,,,,other,3_prime_UTR_variant,,,,,,,,,,,none,,,,,0.0,0.0,0.0,0.0,0.0,0.0,0.75,11.25
rs2055298017,Ensembl VEP (dbSNP),rs2055298017,rs2055298017,,X,47229259.0,C,T,rs2055298017,ENST00000357227.9:c.*491C>T,,ENST00000357227,NP_006192.1,,,,,other,3_prime_UTR_variant,,,,,,,,,,,none,,,,,0.0,0.0,0.0,0.0,0.0,0.0,0.75,11.25
rs2055297415,Ensembl VEP (dbSNP),rs2055297415,rs2055297415,,X,47229245.0,-,CTTT,rs2055297415,ENST00000357227.9:c.*476_*477insCTTT,,ENST00000357227,NP_006192.1,,,,,other,3_prime_UTR_variant,,,,,,,,,,,none,,,,,0.0,0.0,0.0,0.0,0.0,0.0,0.75,11.25
rs2055297323,Ensembl VEP (dbSNP),rs2055297323,rs2055297323,,X,47229247.0,-,T,rs2055297323,ENST00000357227.9:c.*478dup,,ENST00000357227,NP_006192.1,,,,,other,3_prime_UTR_variant,,,,,,,,,,,none,,,,,0.0,0.0,0.0,0.0,0.0,0.0,0.75,11.25
rs2055297070,Ensembl VEP (dbSNP),rs2055297070,rs2055297070,,X,47229236.0,G,A,rs2055297070,ENST00000357227.9:c.*468G>A,,ENST00000357227,NP_006192.1,,,,,other,3_prime_UTR_variant,,,,,,,,,,,none,,,,,0.0,0.0,0.0,0.0,0.0,0.0,0.75,11.25
rs2055296991,Ensembl VEP (dbSNP),rs2055296991,rs2055296991,,X,47229234.0,T,G,rs2055296991,ENST00000357227.9:c.*466T>G,,ENST00000357227,NP_006192.1,,,,,other,3_prime_UTR_variant,,,,,,,,,,,none,,,,,0.0,0.0,0.0,0.0,0.0,0.0,0.75,11.25
rs2055296500,Ensembl VEP (dbSNP),rs2055296500,rs2055296500,,X,47229224.0,T,C,rs2055296500,ENST00000357227.9:c.*456T>C,,ENST00000357227,NP_006192.1,,,,,other,3_prime_UTR_variant,,,,,,,,,,,none,,,,,0.0,0.0,0.0,0.0,0.0,0.0,0.75,11.25
rs2055296240,Ensembl VEP (dbSNP),rs2055296240,rs2055296240,,X,47229207.0,T,A,rs2055296240,ENST00000357227.9:c.*439T>A,,ENST00000357227,NP_006192.1,,,,,other,3_prime_UTR_variant,,,,,,,,,,,none,,,,,0.0,0.0,0.0,0.0,0.0,0.0,0.75,11.25
rs2055296147,Ensembl VEP (dbSNP),rs2055296147,rs2055296147,,X,47229206.0,C,-,rs2055296147,ENST00000357227.9:c.*438del,,ENST00000357227,NP_006192.1,,,,,other,3_prime_UTR_variant,,,,,,,,,,,none,,,,,0.0,0.0,0.0,0.0,0.0,0.0,0.75,11.25
rs2055295895,Ensembl VEP (dbSNP),rs2055295895,rs2055295895,,X,47229189.0,A,-,rs2055295895,ENST00000357227.9:c.*421del,,ENST00000357227,NP_006192.1,,,,,other,3_prime_UTR_variant,,,,,,,,,,,none,,,,,0.0,0.0,0.0,0.0,0.0,0.0,0.75,11.25
rs2055295447,Ensembl VEP (dbSNP),rs2055295447,rs2055295447,,X,47229169.0,CAA,-,rs2055295447,ENST00000357227.9:c.*401_*403del,,ENST00000357227,NP_006192.1,,,,,other,3_prime_UTR_variant,,,,,,,,,,,none,,,,,0.0,0.0,0.0,0.0,0.0,0.0,0.75,11.25
rs2055295359,Ensembl VEP (dbSNP),rs2055295359,rs2055295359,,X,47229163.0,-,CA,rs2055295359,ENST00000357227.9:c.*394_*395insCA,,ENST00000357227,NP_006192.1,,,,,other,3_prime_UTR_variant,,,,,,,,,,,none,,,,,0.0,0.0,0.0,0.0,0.0,0.0,0.75,11.25
rs2055295286,Ensembl VEP (dbSNP),rs2055295286,rs2055295286,,X,47229162.0,A,C,rs2055295286,ENST00000357227.9:c.*394A>C,,ENST00000357227,NP_006192.1,,,,,other,3_prime_UTR_variant,,,,,,,,,,,none,,,,,0.0,0.0,0.0,0.0,0.0,0.0,0.75,11.25
rs2055295196,Ensembl VEP (dbSNP),rs2055295196,rs2055295196,,X,47229161.0,G,A,rs2055295196,ENST00000357227.9:c.*393G>A,,ENST00000357227,NP_006192.1,,,,,other,3_prime_UTR_variant,,,,,,,,,,,none,,,,,0.0,0.0,0.0,0.0,0.0,0.0,0.75,11.25
rs2055295010,Ensembl VEP (dbSNP),rs2055295010,rs2055295010,,X,47229139.0,C,A,rs2055295010,ENST00000357227.9:c.*371C>A,,ENST00000357227,NP_006192.1,,,,,other,3_prime_UTR_variant,,,,,,,,,,,none,,,,,0.0,0.0,0.0,0.0,0.0,0.0,0.75,11.25
rs2055294857,Ensembl VEP (dbSNP),rs2055294857,rs2055294857,,X,47229131.0,A,G,rs2055294857,ENST00000357227.9:c.*363A>G,,ENST00000357227,NP_006192.1,,,,,other,3_prime_UTR_variant,,,,,,,,,,,none,,,,,0.0,0.0,0.0,0.0,0.0,0.0,0.75,11.25
rs2055294778,Ensembl VEP (dbSNP),rs2055294778,rs2055294778,,X,47229129.0,C,T,rs2055294778,ENST00000357227.9:c.*361C>T,,ENST00000357227,NP_006192.1,,,,,other,3_prime_UTR_variant,,,,,,,,,,,none,,,,,0.0,0.0,0.0,0.0,0.0,0.0,0.75,11.25
rs2055294010,Ensembl VEP (dbSNP),rs2055294010,rs2055294010,,X,47229089.0,-,AGC,rs2055294010,ENST00000357227.9:c.*318_*320dup,,ENST00000357227,NP_006192.1,,,,,other,3_prime_UTR_variant,,,,,,,,,,,none,,,,,0.0,0.0,0.0,0.0,0.0,0.0,0.75,11.25
rs2055293866,Ensembl VEP (dbSNP),rs2055293866,rs2055293866,,X,47229082.0,T,C,rs2055293866,ENST00000357227.9:c.*314T>C,,ENST00000357227,NP_006192.1,,,,,other,3_prime_UTR_variant,,,,,,,,,,,none,,,,,0.0,0.0,0.0,0.0,0.0,0.0,0.75,11.25
rs2055293796,Ensembl VEP (dbSNP),rs2055293796,rs2055293796,,X,47229080.0,C,T,rs2055293796,ENST00000357227.9:c.*312C>T,,ENST00000357227,NP_006192.1,,,,,other,3_prime_UTR_variant,,,,,,,,,,,none,,,,,0.0,0.0,0.0,0.0,0.0,0.0,0.75,11.25
rs2055292451,Ensembl VEP (dbSNP),rs2055292451,rs2055292451,,X,47229036.0,T,G,rs2055292451,ENST00000357227.9:c.*268T>G,,ENST00000357227,NP_006192.1,,,,,other,3_prime_UTR_variant,,,,,,,,,,,none,,,,,0.0,0.0,0.0,0.0,0.0,0.0,0.75,11.25
rs2055291417,Ensembl VEP (dbSNP),rs2055291417,rs2055291417,,X,47229000.0,G,T,rs2055291417,ENST00000357227.9:c.*232G>T,,ENST00000357227,NP_006192.1,,,,,other,3_prime_UTR_variant,,,,,,,,,,,none,,,,,0.0,0.0,0.0,0.0,0.0,0.0,0.75,11.25
rs2055291021,Ensembl VEP (dbSNP),rs2055291021,rs2055291021,,X,47228998.0,-,GTGT,rs2055291021,ENST00000357227.9:c.*229_*230insGTGT,,ENST00000357227,NP_006192.1,,,,,other,3_prime_UTR_variant,,,,,,,,,,,none,,,,,0.0,0.0,0.0,0.0,0.0,0.0,0.75,11.25
rs2055290859,Ensembl VEP (dbSNP),rs2055290859,rs2055290859,,X,47228987.0,C,A,rs2055290859,ENST00000357227.9:c.*219C>A,,ENST00000357227,NP_006192.1,,,,,other,3_prime_UTR_variant,,,,,,,,,,,none,,,,,0.0,0.0,0.0,0.0,0.0,0.0,0.75,11.25
rs2055290764,Ensembl VEP (dbSNP),rs2055290764,rs2055290764,,X,47228980.0,A,C,rs2055290764,ENST00000357227.9:c.*212A>C,,ENST00000357227,NP_006192.1,,,,,other,3_prime_UTR_variant,,,,,,,,,,,none,,,,,0.0,0.0,0.0,0.0,0.0,0.0,0.75,11.25
rs2055290535,Ensembl VEP (dbSNP),rs2055290535,rs2055290535,,X,47228975.0,C,T,rs2055290535,ENST00000357227.9:c.*207C>T,,ENST00000357227,NP_006192.1,,,,,other,3_prime_UTR_variant,,,,,,,,,,,none,,,,,0.0,0.0,0.0,0.0,0.0,0.0,0.75,11.25
rs2055289688,Ensembl VEP (dbSNP),rs2055289688,rs2055289688,,X,47228940.0,C,T,rs2055289688,ENST00000357227.9:c.*172C>T,,ENST00000357227,NP_006192.1,,,,,other,3_prime_UTR_variant,,,,,,,,,,,none,,,,,0.0,0.0,0.0,0.0,0.0,0.0,0.75,11.25
rs2055289296,Ensembl VEP (dbSNP),rs2055289296,rs2055289296,,X,47228921.0,C,T,rs2055289296,ENST00000357227.9:c.*153C>T,,ENST00000357227,NP_006192.1,,,,,other,3_prime_UTR_variant,,,,,,,,,,,none,,,,,0.0,0.0,0.0,0.0,0.0,0.0,0.75,11.25
rs2055289100,Ensembl VEP (dbSNP),rs2055289100,rs2055289100,,X,47228918.0,A,G,rs2055289100,ENST00000357227.9:c.*150A>G,,ENST00000357227,NP_006192.1,,,,,other,3_prime_UTR_variant,,,,,,,,,,,none,,,,,0.0,0.0,0.0,0.0,0.0,0.0,0.75,11.25
rs2055288926,Ensembl VEP (dbSNP),rs2055288926,rs2055288926,,X,47228914.0,A,G,rs2055288926,ENST00000357227.9:c.*146A>G,,ENST00000357227,NP_006192.1,,,,,other,3_prime_UTR_variant,,,,,,,,,,,none,,,,,0.0,0.0,0.0,0.0,0.0,0.0,0.75,11.25
rs2055288834,Ensembl VEP (dbSNP),rs2055288834,rs2055288834,,X,47228913.0,C,T,rs2055288834,ENST00000357227.9:c.*145C>T,,ENST00000357227,NP_006192.1,,,,,other,3_prime_UTR_variant,,,,,,,,,,,none,,,,,0.0,0.0,0.0,0.0,0.0,0.0,0.75,11.25
rs2055288445,Ensembl VEP (dbSNP),rs2055288445,rs2055288445,,X,47228894.0,T,A,rs2055288445,ENST00000357227.9:c.*126T>A,,ENST00000357227,NP_006192.1,,,,,other,3_prime_UTR_variant,,,,,,,,,,,none,,,,,0.0,0.0,0.0,0.0,0.0,0.0,0.75,11.25
rs2055288174,Ensembl VEP (dbSNP),rs2055288174,rs2055288174,,X,47228879.0,T,C,rs2055288174,ENST00000357227.9:c.*111T>C,,ENST00000357227,NP_006192.1,,,,,other,3_prime_UTR_variant,,,,,,,,,,,none,,,,,0.0,0.0,0.0,0.0,0.0,0.0,0.75,11.25
rs2055288094,Ensembl VEP (dbSNP),rs2055288094,rs2055288094,,X,47228876.0,C,T,rs2055288094,ENST00000357227.9:c.*108C>T,,ENST00000357227,NP_006192.1,,,,,other,3_prime_UTR_variant,,,,,,,,,,,none,,,,,0.0,0.0,0.0,0.0,0.0,0.0,0.75,11.25
rs2055287911,Ensembl VEP (dbSNP),rs2055287911,rs2055287911,,X,47228867.0,C,T,rs2055287911,ENST00000357227.9:c.*99C>T,,ENST00000357227,NP_006192.1,,,,,other,3_prime_UTR_variant,,,,,,,,,,,none,,,,,0.0,0.0,0.0,0.0,0.0,0.0,0.75,11.25
rs2055287207,Ensembl VEP (dbSNP),rs2055287207,rs2055287207,,X,47228844.0,T,C,rs2055287207,ENST00000357227.9:c.*76T>C,,ENST00000357227,NP_006192.1,,,,,other,3_prime_UTR_variant,,,,,,,,,,,none,,,,,0.0,0.0,0.0,0.0,0.0,0.0,0.75,11.25
rs2055287019,Ensembl VEP (dbSNP),rs2055287019,rs2055287019,,X,47228839.0,A,T,rs2055287019,ENST00000357227.9:c.*71A>T,,ENST00000357227,NP_006192.1,,,,,other,3_prime_UTR_variant,,,,,,,,,,,none,,,,,0.0,0.0,0.0,0.0,0.0,0.0,0.75,11.25
rs2055286942,Ensembl VEP (dbSNP),rs2055286942,rs2055286942,,X,47228839.0,-,GCA,rs2055286942,ENST00000357227.9:c.*70_*71insGCA,,ENST00000357227,NP_006192.1,,,,,other,3_prime_UTR_variant,,,,,,,,,,,none,,,,,0.0,0.0,0.0,0.0,0.0,0.0,0.75,11.25
rs2055286572,Ensembl VEP (dbSNP),rs2055286572,rs2055286572,,X,47228823.0,A,G,rs2055286572,ENST00000357227.9:c.*55A>G,,ENST00000357227,NP_006192.1,,,,,other,3_prime_UTR_variant,,,,,,,,,,,none,,,,,0.0,0.0,0.0,0.0,0.0,0.0,0.75,11.25
rs2055286254,Ensembl VEP (dbSNP),rs2055286254,rs2055286254,,X,47228817.0,C,T,rs2055286254,ENST00000357227.9:c.*49C>T,,ENST00000357227,NP_006192.1,,,,,other,3_prime_UTR_variant,,,,,,,,,,,none,,,,,0.0,0.0,0.0,0.0,0.0,0.0,0.75,11.25
rs2055286088,Ensembl VEP (dbSNP),rs2055286088,rs2055286088,,X,47228813.0,C,T,rs2055286088,ENST00000357227.9:c.*45C>T,,ENST00000357227,NP_006192.1,,,,,other,3_prime_UTR_variant,,,,,,,,,,,none,,,,,0.0,0.0,0.0,0.0,0.0,0.0,0.75,11.25
rs2055285031,Ensembl VEP (dbSNP),rs2055285031,rs2055285031,,X,47228779.0,-,C,rs2055285031,ENST00000357227.9:c.*10dup,,ENST00000357227,NP_006192.1,,,,,other,3_prime_UTR_variant,,,,,,,,,,,none,,,,,0.0,0.0,0.0,0.0,0.0,0.0,0.75,11.25
rs2055284830,Ensembl VEP (dbSNP),rs2055284830,rs2055284830,,X,47228769.0,G,A,rs2055284830,ENST00000357227.9:c.*1G>A,,ENST00000357227,NP_006192.1,,,,,other,3_prime_UTR_variant,,,,,,,,,,,none,,,,,0.0,0.0,0.0,0.0,0.0,0.0,0.75,11.25
rs2055284729,Ensembl VEP (dbSNP),rs2055284729,rs2055284729,,X,47228765.0,C,T,rs2055284729,ENST00000357227.9:c.1488C>T,ENSP00000349762.4:p.Phe496=,ENST00000357227,NP_006192.1,496.0,,,,synonymous,synonymous_variant,,,,,,,,,,,none,1.0,2.0,,,0.0,0.0,1.0,0.0,0.0,0.0,1.0,30.0
rs2055283528,Ensembl VEP (dbSNP),rs2055283528,rs2055283528,,X,47228733.0,A,G,rs2055283528,ENST00000357227.9:c.1456A>G,ENSP00000349762.4:p.Arg486Gly,ENST00000357227,NP_006192.1,486.0,R,G,R486G,missense,missense_variant;splice_region_variant,,,,,,0.04,deleterious_low_confidence,0.0,benign,,none,1.0,2.0,0.1015,BENIGN,0.0,0.1015,1.0,0.0,0.0,0.0,1.0,31.52
rs2055283182,Ensembl VEP (dbSNP),rs2055283182,rs2055283182,,X,47228719.0,T,C,rs2055283182,ENST00000357227.9:c.1454-12T>C,,ENST00000357227,NP_006192.1,,,,,splice,splice_polypyrimidine_tract_variant;intron_variant,,,,,,,,,,,none,,,,,0.0,0.0,0.0,0.0,0.0,0.0,0.75,11.25
rs2055283080,Ensembl VEP (dbSNP),rs2055283080,rs2055283080,,X,47228718.0,C,T,rs2055283080,ENST00000357227.9:c.1454-13C>T,,ENST00000357227,NP_006192.1,,,,,splice,splice_polypyrimidine_tract_variant;intron_variant,,,,,,,,,,,none,,,,,0.0,0.0,0.0,0.0,0.0,0.0,0.75,11.25
rs2055282975,Ensembl VEP (dbSNP),rs2055282975,rs2055282975,,X,47228714.0,T,C,rs2055282975,ENST00000357227.9:c.1454-17T>C,,ENST00000357227,NP_006192.1,,,,,splice,splice_polypyrimidine_tract_variant;intron_variant,,,,,,,,,,,none,,,,,0.0,0.0,0.0,0.0,0.0,0.0,0.75,11.25
rs2055282233,Ensembl VEP (dbSNP),rs2055282233,rs2055282233,,X,47228690.0,G,C,rs2055282233,ENST00000357227.9:c.1454-41G>C,,ENST00000357227,NP_006192.1,,,,,other,intron_variant,,,,,,,,,,,none,,,,,0.0,0.0,0.0,0.0,0.0,0.0,0.75,11.25
rs2055282137,Ensembl VEP (dbSNP),rs2055282137,rs2055282137,,X,47228687.0,C,T,rs2055282137,ENST00000357227.9:c.1453+43C>T,,ENST00000357227,NP_006192.1,,,,,other,intron_variant,,,,,,,,,,,none,,,,,0.0,0.0,0.0,0.0,0.0,0.0,0.75,11.25
rs2055282030,Ensembl VEP (dbSNP),rs2055282030,rs2055282030,,X,47228684.0,C,T,rs2055282030,ENST00000357227.9:c.1453+40C>T,,ENST00000357227,NP_006192.1,,,,,other,intron_variant,,,,,,,,,,,none,,,,,0.0,0.0,0.0,0.0,0.0,0.0,0.75,11.25
rs2055281935,Ensembl VEP (dbSNP),rs2055281935,rs2055281935,,X,47228681.0,C,T,rs2055281935,ENST00000357227.9:c.1453+37C>T,,ENST00000357227,NP_006192.1,,,,,other,intron_variant,,,,,,,,,,,none,,,,,0.0,0.0,0.0,0.0,0.0,0.0,0.75,11.25
rs2055281634,Ensembl VEP (dbSNP),rs2055281634,rs2055281634,,X,47228670.0,C,T,rs2055281634,ENST00000357227.9:c.1453+26C>T,,ENST00000357227,NP_006192.1,,,,,other,intron_variant,,,,,,,,,,,none,,,,,0.0,0.0,0.0,0.0,0.0,0.0,0.75,11.25
rs2055280846,Ensembl VEP (dbSNP),rs2055280846,rs2055280846,,X,47228640.0,C,T,rs2055280846,ENST00000357227.9:c.1449C>T,ENSP00000349762.4:p.Asp483=,ENST00000357227,NP_006192.1,483.0,,,,synonymous,synonymous_variant,,,,,,,,,,,none,1.0,2.0,,,0.0,0.0,1.0,0.0,0.0,0.0,1.0,30.0
rs2055280743,Ensembl VEP (dbSNP),rs2055280743,rs2055280743,1328339,X,47228633.0,T,C,rs2055280743,ENST00000357227.9:c.1442T>C,ENSP00000349762.4:p.Met481Thr,ENST00000357227,NP_006192.1,481.0,M,T,M481T,missense,missense_variant,Uncertain significance,"criteria provided, single submitter",not specified,,,0.15,tolerated_low_confidence,0.012,benign,,none,1.0,2.0,0.0795,BENIGN,0.6,0.0795,1.0,0.0,0.0,0.0,1.0,43.19
rs2055280157,Ensembl VEP (dbSNP),rs2055280157,rs2055280157,,X,47228624.0,C,G,rs2055280157,ENST00000357227.9:c.1433C>G,ENSP00000349762.4:p.Ser478Cys,ENST00000357227,NP_006192.1,478.0,S,C,S478C,missense,missense_variant,,,,,,0.01,deleterious_low_confidence,0.603,possibly_damaging,,none,1.0,2.0,0.0744,BENIGN,0.0,0.0744,1.0,0.0,0.0,0.0,1.0,31.12
rs2055279592,Ensembl VEP (dbSNP),rs2055279592,rs2055279592,,X,47228605.0,A,G,rs2055279592,ENST00000357227.9:c.1414A>G,ENSP00000349762.4:p.Lys472Glu,ENST00000357227,NP_006192.1,472.0,K,E,K472E,missense,missense_variant,,,,,,0.01,deleterious_low_confidence,0.517,possibly_damaging,,none,1.0,2.0,0.391,AMBIGUOUS,0.0,0.391,1.0,0.0,0.0,0.0,1.0,35.87
rs2055278966,Ensembl VEP (dbSNP),rs2055278966,rs2055278966,,X,47228573.0,C,G,rs2055278966,ENST00000357227.9:c.1382C>G,ENSP00000349762.4:p.Ser461Cys,ENST00000357227,NP_006192.1,461.0,S,C,S461C,missense,missense_variant,,,,,,0.01,deleterious_low_confidence,0.154,benign,,none,1.0,2.0,0.7762,PATHOGENIC,0.0,0.7762,1.0,0.0,0.0,0.0,1.0,41.64
rs2055277230,Ensembl VEP (dbSNP),rs2055277230,rs2055277230,,X,47228534.0,C,G,rs2055277230,ENST00000357227.9:c.1376-33C>G,,ENST00000357227,NP_006192.1,,,,,other,intron_variant,,,,,,,,,,,none,,,,,0.0,0.0,0.0,0.0,0.0,0.0,0.75,11.25
rs2055276228,Ensembl VEP (dbSNP),rs2055276228,rs2055276228,,X,47228510.0,C,T,rs2055276228,ENST00000357227.9:c.1376-57C>T,,ENST00000357227,NP_006192.1,,,,,other,intron_variant,,,,,,,,,,,none,,,,,0.0,0.0,0.0,0.0,0.0,0.0,0.75,11.25
rs2055276126,Ensembl VEP (dbSNP),rs2055276126,rs2055276126,,X,47228505.0,T,C,rs2055276126,ENST00000357227.9:c.1376-62T>C,,ENST00000357227,NP_006192.1,,,,,other,intron_variant,,,,,,,,,,,none,,,,,0.0,0.0,0.0,0.0,0.0,0.0,0.75,11.25
rs2055276017,Ensembl VEP (dbSNP),rs2055276017,rs2055276017,,X,47228500.0,-,G,rs2055276017,ENST00000357227.9:c.1376-68dup,,ENST00000357227,NP_006192.1,,,,,other,intron_variant,,,,,,,,,,,none,,,,,0.0,0.0,0.0,0.0,0.0,0.0,0.75,11.25
rs2055275817,Ensembl VEP (dbSNP),rs2055275817,rs2055275817,,X,47228484.0,A,C,rs2055275817,ENST00000357227.9:c.1376-83A>C,,ENST00000357227,NP_006192.1,,,,,other,intron_variant,,,,,,,,,,,none,,,,,0.0,0.0,0.0,0.0,0.0,0.0,0.75,11.25
rs2055275620,Ensembl VEP (dbSNP),rs2055275620,rs2055275620,,X,47228475.0,G,C,rs2055275620,ENST00000357227.9:c.1376-92G>C,,ENST00000357227,NP_006192.1,,,,,other,intron_variant,,,,,,,,,,,none,,,,,0.0,0.0,0.0,0.0,0.0,0.0,0.75,11.25
rs2055275524,Ensembl VEP (dbSNP),rs2055275524,rs2055275524,,X,47228471.0,G,C,rs2055275524,ENST00000357227.9:c.1376-96G>C,,ENST00000357227,NP_006192.1,,,,,other,intron_variant,,,,,,,,,,,none,,,,,0.0,0.0,0.0,0.0,0.0,0.0,0.75,11.25
rs2055275322,Ensembl VEP (dbSNP),rs2055275322,rs2055275322,,X,47228466.0,GA,-,rs2055275322,ENST00000357227.9:c.1376-101_1376-100del,,ENST00000357227,NP_006192.1,,,,,other,intron_variant,,,,,,,,,,,none,,,,,0.0,0.0,0.0,0.0,0.0,0.0,0.75,11.25
rs2055274964,Ensembl VEP (dbSNP),rs2055274964,rs2055274964,,X,47228451.0,G,A,rs2055274964,ENST00000357227.9:c.1376-116G>A,,ENST00000357227,NP_006192.1,,,,,other,intron_variant,,,,,,,,,,,none,,,,,0.0,0.0,0.0,0.0,0.0,0.0,0.75,11.25
rs2055274708,Ensembl VEP (dbSNP),rs2055274708,rs2055274708,,X,47228438.0,T,C,rs2055274708,ENST00000357227.9:c.1376-129T>C,,ENST00000357227,NP_006192.1,,,,,other,intron_variant,,,,,,,,,,,none,,,,,0.0,0.0,0.0,0.0,0.0,0.0,0.75,11.25
rs2055274602,Ensembl VEP (dbSNP),rs2055274602,rs2055274602,,X,47228423.0,T,C,rs2055274602,ENST00000357227.9:c.1376-144T>C,,ENST00000357227,NP_006192.1,,,,,other,intron_variant,,,,,,,,,,,none,,,,,0.0,0.0,0.0,0.0,0.0,0.0,0.75,11.25
rs2055274371,Ensembl VEP (dbSNP),rs2055274371,rs2055274371,,X,47228414.0,T,G,rs2055274371,ENST00000357227.9:c.1376-153T>G,,ENST00000357227,NP_006192.1,,,,,other,intron_variant,,,,,,,,,,,none,,,,,0.0,0.0,0.0,0.0,0.0,0.0,0.75,11.25
rs2055273759,Ensembl VEP (dbSNP),rs2055273759,rs2055273759,,X,47228389.0,G,C,rs2055273759,ENST00000357227.9:c.1376-178G>C,,ENST00000357227,NP_006192.1,,,,,other,intron_variant,,,,,,,,,,,none,,,,,0.0,0.0,0.0,0.0,0.0,0.0,0.75,11.25
rs2055273657,Ensembl VEP (dbSNP),rs2055273657,rs2055273657,,X,47228389.0,-,A,rs2055273657,ENST00000357227.9:c.1376-179dup,,ENST00000357227,NP_006192.1,,,,,other,intron_variant,,,,,,,,,,,none,,,,,0.0,0.0,0.0,0.0,0.0,0.0,0.75,11.25
rs2055273570,Ensembl VEP (dbSNP),rs2055273570,rs2055273570,,X,47228386.0,A,G,rs2055273570,ENST00000357227.9:c.1376-181A>G,,ENST00000357227,NP_006192.1,,,,,other,intron_variant,,,,,,,,,,,none,,,,,0.0,0.0,0.0,0.0,0.0,0.0,0.75,11.25
rs2055273491,Ensembl VEP (dbSNP),rs2055273491,rs2055273491,,X,47228372.0,C,A,rs2055273491,ENST00000357227.9:c.1376-195C>A,,ENST00000357227,NP_006192.1,,,,,other,intron_variant,,,,,,,,,,,none,,,,,0.0,0.0,0.0,0.0,0.0,0.0,0.75,11.25
rs2055273264,Ensembl VEP (dbSNP),rs2055273264,rs2055273264,,X,47228364.0,AAT,-,rs2055273264,ENST00000357227.9:c.1376-203_1376-201del,,ENST00000357227,NP_006192.1,,,,,other,intron_variant,,,,,,,,,,,none,,,,,0.0,0.0,0.0,0.0,0.0,0.0,0.75,11.25
rs2055272386,Ensembl VEP (dbSNP),rs2055272386,rs2055272386,,X,47228319.0,A,G,rs2055272386,ENST00000357227.9:c.1376-248A>G,,ENST00000357227,NP_006192.1,,,,,other,intron_variant,,,,,,,,,,,none,,,,,0.0,0.0,0.0,0.0,0.0,0.0,0.75,11.25
rs2055272172,Ensembl VEP (dbSNP),rs2055272172,rs2055272172,,X,47228304.0,C,A,rs2055272172,ENST00000357227.9:c.1376-263C>A,,ENST00000357227,NP_006192.1,,,,,other,intron_variant,,,,,,,,,,,none,,,,,0.0,0.0,0.0,0.0,0.0,0.0,0.75,11.25
rs2055271782,Ensembl VEP (dbSNP),rs2055271782,rs2055271782,,X,47228295.0,-,C,rs2055271782,ENST00000357227.9:c.1376-273dup,,ENST00000357227,NP_006192.1,,,,,other,intron_variant,,,,,,,,,,,none,,,,,0.0,0.0,0.0,0.0,0.0,0.0,0.75,11.25
rs2055271668,Ensembl VEP (dbSNP),rs2055271668,rs2055271668,,X,47228287.0,C,G,rs2055271668,ENST00000357227.9:c.1376-280C>G,,ENST00000357227,NP_006192.1,,,,,other,intron_variant,,,,,,,,,,,none,,,,,0.0,0.0,0.0,0.0,0.0,0.0,0.75,11.25
rs2055271315,Ensembl VEP (dbSNP),rs2055271315,rs2055271315,,X,47228281.0,-,TAT,rs2055271315,ENST00000357227.9:c.1376-289_1376-287dup,,ENST00000357227,NP_006192.1,,,,,other,intron_variant,,,,,,,,,,,none,,,,,0.0,0.0,0.0,0.0,0.0,0.0,0.75,11.25
rs2055271119,Ensembl VEP (dbSNP),rs2055271119,rs2055271119,,X,47228277.0,-,T,rs2055271119,ENST00000357227.9:c.1376-291_1376-290insT,,ENST00000357227,NP_006192.1,,,,,other,intron_variant,,,,,,,,,,,none,,,,,0.0,0.0,0.0,0.0,0.0,0.0,0.75,11.25
rs2055270119,Ensembl VEP (dbSNP),rs2055270119,rs2055270119,,X,47228231.0,C,T,rs2055270119,ENST00000357227.9:c.1376-336C>T,,ENST00000357227,NP_006192.1,,,,,other,intron_variant,,,,,,,,,,,none,,,,,0.0,0.0,0.0,0.0,0.0,0.0,0.75,11.25
rs2055270040,Ensembl VEP (dbSNP),rs2055270040,rs2055270040,,X,47228228.0,A,T,rs2055270040,ENST00000357227.9:c.1376-339A>T,,ENST00000357227,NP_006192.1,,,,,other,intron_variant,,,,,,,,,,,none,,,,,0.0,0.0,0.0,0.0,0.0,0.0,0.75,11.25
rs2055269919,Ensembl VEP (dbSNP),rs2055269919,rs2055269919,,X,47228226.0,T,G,rs2055269919,ENST00000357227.9:c.1376-341T>G,,ENST00000357227,NP_006192.1,,,,,other,intron_variant,,,,,,,,,,,none,,,,,0.0,0.0,0.0,0.0,0.0,0.0,0.75,11.25
rs2055269812,Ensembl VEP (dbSNP),rs2055269812,rs2055269812,,X,47228224.0,T,C,rs2055269812,ENST00000357227.9:c.1376-343T>C,,ENST00000357227,NP_006192.1,,,,,other,intron_variant,,,,,,,,,,,none,,,,,0.0,0.0,0.0,0.0,0.0,0.0,0.75,11.25
rs2055269353,Ensembl VEP (dbSNP),rs2055269353,rs2055269353,,X,47228215.0,CAA,-,rs2055269353,ENST00000357227.9:c.1376-352_1376-350del,,ENST00000357227,NP_006192.1,,,,,other,intron_variant,,,,,,,,,,,none,,,,,0.0,0.0,0.0,0.0,0.0,0.0,0.75,11.25
rs2055269256,Ensembl VEP (dbSNP),rs2055269256,rs2055269256,,X,47228203.0,T,C,rs2055269256,ENST00000357227.9:c.1376-364T>C,,ENST00000357227,NP_006192.1,,,,,other,intron_variant,,,,,,,,,,,none,,,,,0.0,0.0,0.0,0.0,0.0,0.0,0.75,11.25
rs2055269058,Ensembl VEP (dbSNP),rs2055269058,rs2055269058,,X,47228199.0,G,T,rs2055269058,ENST00000357227.9:c.1376-368G>T,,ENST00000357227,NP_006192.1,,,,,other,intron_variant,,,,,,,,,,,none,,,,,0.0,0.0,0.0,0.0,0.0,0.0,0.75,11.25
rs2055268757,Ensembl VEP (dbSNP),rs2055268757,rs2055268757,,X,47228181.0,C,T,rs2055268757,ENST00000357227.9:c.1376-386C>T,,ENST00000357227,NP_006192.1,,,,,other,intron_variant,,,,,,,,,,,none,,,,,0.0,0.0,0.0,0.0,0.0,0.0,0.75,11.25
rs2055268475,Ensembl VEP (dbSNP),rs2055268475,rs2055268475,,X,47228178.0,T,C,rs2055268475,ENST00000357227.9:c.1376-389T>C,,ENST00000357227,NP_006192.1,,,,,other,intron_variant,,,,,,,,,,,none,,,,,0.0,0.0,0.0,0.0,0.0,0.0,0.75,11.25
rs2055268259,Ensembl VEP (dbSNP),rs2055268259,rs2055268259,,X,47228174.0,ATAA,-,rs2055268259,ENST00000357227.9:c.1376-393_1376-390del,,ENST00000357227,NP_006192.1,,,,,other,intron_variant,,,,,,,,,,,none,,,,,0.0,0.0,0.0,0.0,0.0,0.0,0.75,11.25
rs2055268167,Ensembl VEP (dbSNP),rs2055268167,rs2055268167,,X,47228169.0,C,T,rs2055268167,ENST00000357227.9:c.1376-398C>T,,ENST00000357227,NP_006192.1,,,,,other,intron_variant,,,,,,,,,,,none,,,,,0.0,0.0,0.0,0.0,0.0,0.0,0.75,11.25
rs2055268067,Ensembl VEP (dbSNP),rs2055268067,rs2055268067,,X,47228168.0,C,T,rs2055268067,ENST00000357227.9:c.1376-399C>T,,ENST00000357227,NP_006192.1,,,,,other,intron_variant,,,,,,,,,,,none,,,,,0.0,0.0,0.0,0.0,0.0,0.0,0.75,11.25
rs2055267839,Ensembl VEP (dbSNP),rs2055267839,rs2055267839,,X,47228145.0,A,G,rs2055267839,ENST00000357227.9:c.1376-422A>G,,ENST00000357227,NP_006192.1,,,,,other,intron_variant,,,,,,,,,,,none,,,,,0.0,0.0,0.0,0.0,0.0,0.0,0.75,11.25
rs2055267739,Ensembl VEP (dbSNP),rs2055267739,rs2055267739,,X,47228139.0,C,T,rs2055267739,ENST00000357227.9:c.1376-428C>T,,ENST00000357227,NP_006192.1,,,,,other,intron_variant,,,,,,,,,,,none,,,,,0.0,0.0,0.0,0.0,0.0,0.0,0.75,11.25
rs2055267302,Ensembl VEP (dbSNP),rs2055267302,rs2055267302,,X,47228124.0,G,A,rs2055267302,ENST00000357227.9:c.1376-443G>A,,ENST00000357227,NP_006192.1,,,,,other,intron_variant,,,,,,,,,,,none,,,,,0.0,0.0,0.0,0.0,0.0,0.0,0.75,11.25
rs2055267197,Ensembl VEP (dbSNP),rs2055267197,rs2055267197,,X,47228122.0,C,G,rs2055267197,ENST00000357227.9:c.1376-445C>G,,ENST00000357227,NP_006192.1,,,,,other,intron_variant,,,,,,,,,,,none,,,,,0.0,0.0,0.0,0.0,0.0,0.0,0.75,11.25
rs2055267085,Ensembl VEP (dbSNP),rs2055267085,rs2055267085,,X,47228120.0,CTCT,-,rs2055267085,ENST00000357227.9:c.1376-447_1376-444del,,ENST00000357227,NP_006192.1,,,,,other,intron_variant,,,,,,,,,,,none,,,,,0.0,0.0,0.0,0.0,0.0,0.0,0.75,11.25
rs2055265953,Ensembl VEP (dbSNP),rs2055265953,rs2055265953,,X,47228088.0,A,G,rs2055265953,ENST00000357227.9:c.1376-479A>G,,ENST00000357227,NP_006192.1,,,,,other,intron_variant,,,,,,,,,,,none,,,,,0.0,0.0,0.0,0.0,0.0,0.0,0.75,11.25
rs2055265748,Ensembl VEP (dbSNP),rs2055265748,rs2055265748,,X,47228077.0,G,A,rs2055265748,ENST00000357227.9:c.1376-490G>A,,ENST00000357227,NP_006192.1,,,,,other,intron_variant,,,,,,,,,,,none,,,,,0.0,0.0,0.0,0.0,0.0,0.0,0.75,11.25
rs2055265221,Ensembl VEP (dbSNP),rs2055265221,rs2055265221,,X,47228063.0,C,T,rs2055265221,ENST00000357227.9:c.1376-504C>T,,ENST00000357227,NP_006192.1,,,,,other,intron_variant,,,,,,,,,,,none,,,,,0.0,0.0,0.0,0.0,0.0,0.0,0.75,11.25
rs2055265125,Ensembl VEP (dbSNP),rs2055265125,rs2055265125,,X,47228058.0,T,C,rs2055265125,ENST00000357227.9:c.1376-509T>C,,ENST00000357227,NP_006192.1,,,,,other,intron_variant,,,,,,,,,,,none,,,,,0.0,0.0,0.0,0.0,0.0,0.0,0.75,11.25
rs2055264428,Ensembl VEP (dbSNP),rs2055264428,rs2055264428,,X,47228031.0,A,G,rs2055264428,ENST00000357227.9:c.1376-536A>G,,ENST00000357227,NP_006192.1,,,,,other,intron_variant,,,,,,,,,,,none,,,,,0.0,0.0,0.0,0.0,0.0,0.0,0.75,11.25
rs2055264106,Ensembl VEP (dbSNP),rs2055264106,rs2055264106,,X,47228029.0,GTAT,-,rs2055264106,ENST00000357227.9:c.1376-538_1376-535del,,ENST00000357227,NP_006192.1,,,,,other,intron_variant,,,,,,,,,,,none,,,,,0.0,0.0,0.0,0.0,0.0,0.0,0.75,11.25
rs2055263896,Ensembl VEP (dbSNP),rs2055263896,rs2055263896,,X,47228024.0,T,C,rs2055263896,ENST00000357227.9:c.1376-543T>C,,ENST00000357227,NP_006192.1,,,,,other,intron_variant,,,,,,,,,,,none,,,,,0.0,0.0,0.0,0.0,0.0,0.0,0.75,11.25
rs2055263790,Ensembl VEP (dbSNP),rs2055263790,rs2055263790,,X,47228023.0,A,C,rs2055263790,ENST00000357227.9:c.1376-544A>C,,ENST00000357227,NP_006192.1,,,,,other,intron_variant,,,,,,,,,,,none,,,,,0.0,0.0,0.0,0.0,0.0,0.0,0.75,11.25
rs2055263696,Ensembl VEP (dbSNP),rs2055263696,rs2055263696,,X,47228011.0,G,A,rs2055263696,ENST00000357227.9:c.1375+542G>A,,ENST00000357227,NP_006192.1,,,,,other,intron_variant,,,,,,,,,,,none,,,,,0.0,0.0,0.0,0.0,0.0,0.0,0.75,11.25
rs2055263378,Ensembl VEP (dbSNP),rs2055263378,rs2055263378,,X,47227986.0,C,G,rs2055263378,ENST00000357227.9:c.1375+517C>G,,ENST00000357227,NP_006192.1,,,,,other,intron_variant,,,,,,,,,,,none,,,,,0.0,0.0,0.0,0.0,0.0,0.0,0.75,11.25
rs2055262937,Ensembl VEP (dbSNP),rs2055262937,rs2055262937,,X,47227956.0,ATAGAA,-,rs2055262937,ENST00000357227.9:c.1375+487_1375+492del,,ENST00000357227,NP_006192.1,,,,,other,intron_variant,,,,,,,,,,,none,,,,,0.0,0.0,0.0,0.0,0.0,0.0,0.75,11.25
rs2055262600,Ensembl VEP (dbSNP),rs2055262600,rs2055262600,,X,47227939.0,CC,-,rs2055262600,ENST00000357227.9:c.1375+470_1375+471del,,ENST00000357227,NP_006192.1,,,,,other,intron_variant,,,,,,,,,,,none,,,,,0.0,0.0,0.0,0.0,0.0,0.0,0.75,11.25
rs2055262277,Ensembl VEP (dbSNP),rs2055262277,rs2055262277,,X,47227938.0,-,GT,rs2055262277,ENST00000357227.9:c.1375+468_1375+469insGT,,ENST00000357227,NP_006192.1,,,,,other,intron_variant,,,,,,,,,,,none,,,,,0.0,0.0,0.0,0.0,0.0,0.0,0.75,11.25
rs2055261916,Ensembl VEP (dbSNP),rs2055261916,rs2055261916,,X,47227930.0,T,A,rs2055261916,ENST00000357227.9:c.1375+461T>A,,ENST00000357227,NP_006192.1,,,,,other,intron_variant,,,,,,,,,,,none,,,,,0.0,0.0,0.0,0.0,0.0,0.0,0.75,11.25
rs2055261604,Ensembl VEP (dbSNP),rs2055261604,rs2055261604,,X,47227924.0,A,G,rs2055261604,ENST00000357227.9:c.1375+455A>G,,ENST00000357227,NP_006192.1,,,,,other,intron_variant,,,,,,,,,,,none,,,,,0.0,0.0,0.0,0.0,0.0,0.0,0.75,11.25
rs2055261102,Ensembl VEP (dbSNP),rs2055261102,rs2055261102,,X,47227914.0,A,G,rs2055261102,ENST00000357227.9:c.1375+445A>G,,ENST00000357227,NP_006192.1,,,,,other,intron_variant,,,,,,,,,,,none,,,,,0.0,0.0,0.0,0.0,0.0,0.0,0.75,11.25
rs2055260998,Ensembl VEP (dbSNP),rs2055260998,rs2055260998,,X,47227911.0,T,A,rs2055260998,ENST00000357227.9:c.1375+442T>A,,ENST00000357227,NP_006192.1,,,,,other,intron_variant,,,,,,,,,,,none,,,,,0.0,0.0,0.0,0.0,0.0,0.0,0.75,11.25
rs2055260889,Ensembl VEP (dbSNP),rs2055260889,rs2055260889,,X,47227909.0,C,T,rs2055260889,ENST00000357227.9:c.1375+440C>T,,ENST00000357227,NP_006192.1,,,,,other,intron_variant,,,,,,,,,,,none,,,,,0.0,0.0,0.0,0.0,0.0,0.0,0.75,11.25
rs2055260317,Ensembl VEP (dbSNP),rs2055260317,rs2055260317,,X,47227898.0,C,T,rs2055260317,ENST00000357227.9:c.1375+429C>T,,ENST00000357227,NP_006192.1,,,,,other,intron_variant,,,,,,,,,,,none,,,,,0.0,0.0,0.0,0.0,0.0,0.0,0.75,11.25
rs2055259906,Ensembl VEP (dbSNP),rs2055259906,rs2055259906,,X,47227886.0,C,T,rs2055259906,ENST00000357227.9:c.1375+417C>T,,ENST00000357227,NP_006192.1,,,,,other,intron_variant,,,,,,,,,,,none,,,,,0.0,0.0,0.0,0.0,0.0,0.0,0.75,11.25
rs2055259801,Ensembl VEP (dbSNP),rs2055259801,rs2055259801,,X,47227874.0,C,T,rs2055259801,ENST00000357227.9:c.1375+405C>T,,ENST00000357227,NP_006192.1,,,,,other,intron_variant,,,,,,,,,,,none,,,,,0.0,0.0,0.0,0.0,0.0,0.0,0.75,11.25
rs2055259699,Ensembl VEP (dbSNP),rs2055259699,rs2055259699,,X,47227863.0,C,T,rs2055259699,ENST00000357227.9:c.1375+394C>T,,ENST00000357227,NP_006192.1,,,,,other,intron_variant,,,,,,,,,,,none,,,,,0.0,0.0,0.0,0.0,0.0,0.0,0.75,11.25
rs2055259595,Ensembl VEP (dbSNP),rs2055259595,rs2055259595,,X,47227857.0,-,G,rs2055259595,ENST00000357227.9:c.1375+387dup,,ENST00000357227,NP_006192.1,,,,,other,intron_variant,,,,,,,,,,,none,,,,,0.0,0.0,0.0,0.0,0.0,0.0,0.75,11.25
rs2055259505,Ensembl VEP (dbSNP),rs2055259505,rs2055259505,,X,47227856.0,G,A,rs2055259505,ENST00000357227.9:c.1375+387G>A,,ENST00000357227,NP_006192.1,,,,,other,intron_variant,,,,,,,,,,,none,,,,,0.0,0.0,0.0,0.0,0.0,0.0,0.75,11.25
rs2055259307,Ensembl VEP (dbSNP),rs2055259307,rs2055259307,,X,47227848.0,G,A,rs2055259307,ENST00000357227.9:c.1375+379G>A,,ENST00000357227,NP_006192.1,,,,,other,intron_variant,,,,,,,,,,,none,,,,,0.0,0.0,0.0,0.0,0.0,0.0,0.75,11.25
rs2055258940,Ensembl VEP (dbSNP),rs2055258940,rs2055258940,,X,47227840.0,C,T,rs2055258940,ENST00000357227.9:c.1375+371C>T,,ENST00000357227,NP_006192.1,,,,,other,intron_variant,,,,,,,,,,,none,,,,,0.0,0.0,0.0,0.0,0.0,0.0,0.75,11.25
rs2055258470,Ensembl VEP (dbSNP),rs2055258470,rs2055258470,,X,47227823.0,G,A,rs2055258470,ENST00000357227.9:c.1375+354G>A,,ENST00000357227,NP_006192.1,,,,,other,intron_variant,,,,,,,,,,,none,,,,,0.0,0.0,0.0,0.0,0.0,0.0,0.75,11.25
rs2055258236,Ensembl VEP (dbSNP),rs2055258236,rs2055258236,,X,47227812.0,G,A,rs2055258236,ENST00000357227.9:c.1375+343G>A,,ENST00000357227,NP_006192.1,,,,,other,intron_variant,,,,,,,,,,,none,,,,,0.0,0.0,0.0,0.0,0.0,0.0,0.75,11.25
rs2055258138,Ensembl VEP (dbSNP),rs2055258138,rs2055258138,,X,47227802.0,T,C,rs2055258138,ENST00000357227.9:c.1375+333T>C,,ENST00000357227,NP_006192.1,,,,,other,intron_variant,,,,,,,,,,,none,,,,,0.0,0.0,0.0,0.0,0.0,0.0,0.75,11.25
rs2055258034,Ensembl VEP (dbSNP),rs2055258034,rs2055258034,,X,47227794.0,C,T,rs2055258034,ENST00000357227.9:c.1375+325C>T,,ENST00000357227,NP_006192.1,,,,,other,intron_variant,,,,,,,,,,,none,,,,,0.0,0.0,0.0,0.0,0.0,0.0,0.75,11.25
rs2055257933,Ensembl VEP (dbSNP),rs2055257933,rs2055257933,,X,47227791.0,A,G,rs2055257933,ENST00000357227.9:c.1375+322A>G,,ENST00000357227,NP_006192.1,,,,,other,intron_variant,,,,,,,,,,,none,,,,,0.0,0.0,0.0,0.0,0.0,0.0,0.75,11.25
rs2055257840,Ensembl VEP (dbSNP),rs2055257840,rs2055257840,,X,47227781.0,A,G,rs2055257840,ENST00000357227.9:c.1375+312A>G,,ENST00000357227,NP_006192.1,,,,,other,intron_variant,,,,,,,,,,,none,,,,,0.0,0.0,0.0,0.0,0.0,0.0,0.75,11.25
rs2055257656,Ensembl VEP (dbSNP),rs2055257656,rs2055257656,,X,47227766.0,C,G,rs2055257656,ENST00000357227.9:c.1375+297C>G,,ENST00000357227,NP_006192.1,,,,,other,intron_variant,,,,,,,,,,,none,,,,,0.0,0.0,0.0,0.0,0.0,0.0,0.75,11.25
rs2055257554,Ensembl VEP (dbSNP),rs2055257554,rs2055257554,,X,47227763.0,A,G,rs2055257554,ENST00000357227.9:c.1375+294A>G,,ENST00000357227,NP_006192.1,,,,,other,intron_variant,,,,,,,,,,,none,,,,,0.0,0.0,0.0,0.0,0.0,0.0,0.75,11.25
rs2055257454,Ensembl VEP (dbSNP),rs2055257454,rs2055257454,,X,47227759.0,T,C,rs2055257454,ENST00000357227.9:c.1375+290T>C,,ENST00000357227,NP_006192.1,,,,,other,intron_variant,,,,,,,,,,,none,,,,,0.0,0.0,0.0,0.0,0.0,0.0,0.75,11.25
rs2055257359,Ensembl VEP (dbSNP),rs2055257359,rs2055257359,,X,47227743.0,G,A,rs2055257359,ENST00000357227.9:c.1375+274G>A,,ENST00000357227,NP_006192.1,,,,,other,intron_variant,,,,,,,,,,,none,,,,,0.0,0.0,0.0,0.0,0.0,0.0,0.75,11.25
rs2055257265,Ensembl VEP (dbSNP),rs2055257265,rs2055257265,,X,47227734.0,C,T,rs2055257265,ENST00000357227.9:c.1375+265C>T,,ENST00000357227,NP_006192.1,,,,,other,intron_variant,,,,,,,,,,,none,,,,,0.0,0.0,0.0,0.0,0.0,0.0,0.75,11.25
rs2055257050,Ensembl VEP (dbSNP),rs2055257050,rs2055257050,,X,47227728.0,C,G,rs2055257050,ENST00000357227.9:c.1375+259C>G,,ENST00000357227,NP_006192.1,,,,,other,intron_variant,,,,,,,,,,,none,,,,,0.0,0.0,0.0,0.0,0.0,0.0,0.75,11.25
rs2055256952,Ensembl VEP (dbSNP),rs2055256952,rs2055256952,,X,47227718.0,C,T,rs2055256952,ENST00000357227.9:c.1375+249C>T,,ENST00000357227,NP_006192.1,,,,,other,intron_variant,,,,,,,,,,,none,,,,,0.0,0.0,0.0,0.0,0.0,0.0,0.75,11.25
rs2055256598,Ensembl VEP (dbSNP),rs2055256598,rs2055256598,,X,47227709.0,T,-,rs2055256598,ENST00000357227.9:c.1375+240del,,ENST00000357227,NP_006192.1,,,,,other,intron_variant,,,,,,,,,,,none,,,,,0.0,0.0,0.0,0.0,0.0,0.0,0.75,11.25
rs2055256403,Ensembl VEP (dbSNP),rs2055256403,rs2055256403,,X,47227702.0,C,T,rs2055256403,ENST00000357227.9:c.1375+233C>T,,ENST00000357227,NP_006192.1,,,,,other,intron_variant,,,,,,,,,,,none,,,,,0.0,0.0,0.0,0.0,0.0,0.0,0.75,11.25
rs2055255991,Ensembl VEP (dbSNP),rs2055255991,rs2055255991,,X,47227689.0,C,T,rs2055255991,ENST00000357227.9:c.1375+220C>T,,ENST00000357227,NP_006192.1,,,,,other,intron_variant,,,,,,,,,,,none,,,,,0.0,0.0,0.0,0.0,0.0,0.0,0.75,11.25
rs2055255780,Ensembl VEP (dbSNP),rs2055255780,rs2055255780,,X,47227682.0,A,-,rs2055255780,ENST00000357227.9:c.1375+213del,,ENST00000357227,NP_006192.1,,,,,other,intron_variant,,,,,,,,,,,none,,,,,0.0,0.0,0.0,0.0,0.0,0.0,0.75,11.25
rs2055255583,Ensembl VEP (dbSNP),rs2055255583,rs2055255583,,X,47227676.0,A,G,rs2055255583,ENST00000357227.9:c.1375+207A>G,,ENST00000357227,NP_006192.1,,,,,other,intron_variant,,,,,,,,,,,none,,,,,0.0,0.0,0.0,0.0,0.0,0.0,0.75,11.25
rs2055255487,Ensembl VEP (dbSNP),rs2055255487,rs2055255487,,X,47227674.0,A,G,rs2055255487,ENST00000357227.9:c.1375+205A>G,,ENST00000357227,NP_006192.1,,,,,other,intron_variant,,,,,,,,,,,none,,,,,0.0,0.0,0.0,0.0,0.0,0.0,0.75,11.25
rs2055255372,Ensembl VEP (dbSNP),rs2055255372,rs2055255372,,X,47227670.0,A,-,rs2055255372,ENST00000357227.9:c.1375+201del,,ENST00000357227,NP_006192.1,,,,,other,intron_variant,,,,,,,,,,,none,,,,,0.0,0.0,0.0,0.0,0.0,0.0,0.75,11.25
rs2055254807,Ensembl VEP (dbSNP),rs2055254807,rs2055254807,,X,47227638.0,C,T,rs2055254807,ENST00000357227.9:c.1375+169C>T,,ENST00000357227,NP_006192.1,,,,,other,intron_variant,,,,,,,,,,,none,,,,,0.0,0.0,0.0,0.0,0.0,0.0,0.75,11.25
rs2055254690,Ensembl VEP (dbSNP),rs2055254690,rs2055254690,,X,47227632.0,-,T,rs2055254690,ENST00000357227.9:c.1375+162dup,,ENST00000357227,NP_006192.1,,,,,other,intron_variant,,,,,,,,,,,none,,,,,0.0,0.0,0.0,0.0,0.0,0.0,0.75,11.25
rs2055254422,Ensembl VEP (dbSNP),rs2055254422,rs2055254422,,X,47227618.0,T,C,rs2055254422,ENST00000357227.9:c.1375+149T>C,,ENST00000357227,NP_006192.1,,,,,other,intron_variant,,,,,,,,,,,none,,,,,0.0,0.0,0.0,0.0,0.0,0.0,0.75,11.25
rs2055254320,Ensembl VEP (dbSNP),rs2055254320,rs2055254320,,X,47227601.0,A,G,rs2055254320,ENST00000357227.9:c.1375+132A>G,,ENST00000357227,NP_006192.1,,,,,other,intron_variant,,,,,,,,,,,none,,,,,0.0,0.0,0.0,0.0,0.0,0.0,0.75,11.25
rs2055254212,Ensembl VEP (dbSNP),rs2055254212,rs2055254212,,X,47227598.0,G,A,rs2055254212,ENST00000357227.9:c.1375+129G>A,,ENST00000357227,NP_006192.1,,,,,other,intron_variant,,,,,,,,,,,none,,,,,0.0,0.0,0.0,0.0,0.0,0.0,0.75,11.25
rs2055253125,Ensembl VEP (dbSNP),rs2055253125,rs2055253125,,X,47227569.0,C,T,rs2055253125,ENST00000357227.9:c.1375+100C>T,,ENST00000357227,NP_006192.1,,,,,other,intron_variant,,,,,,,,,,,none,,,,,0.0,0.0,0.0,0.0,0.0,0.0,0.75,11.25
rs2055252768,Ensembl VEP (dbSNP),rs2055252768,rs2055252768,,X,47227563.0,C,A,rs2055252768,ENST00000357227.9:c.1375+94C>A,,ENST00000357227,NP_006192.1,,,,,other,intron_variant,,,,,,,,,,,none,,,,,0.0,0.0,0.0,0.0,0.0,0.0,0.75,11.25
rs2055252257,Ensembl VEP (dbSNP),rs2055252257,rs2055252257,,X,47227515.0,A,G,rs2055252257,ENST00000357227.9:c.1375+46A>G,,ENST00000357227,NP_006192.1,,,,,other,intron_variant,,,,,,,,,,,none,,,,,0.0,0.0,0.0,0.0,0.0,0.0,0.75,11.25
rs2055249750,Ensembl VEP (dbSNP),rs2055249750,rs2055249750,,X,47227423.0,T,G,rs2055249750,ENST00000357227.9:c.1329T>G,ENSP00000349762.4:p.His443Gln,ENST00000357227,NP_006192.1,443.0,H,Q,H443Q,missense,missense_variant,,,,,,0.14,tolerated_low_confidence,0.913,probably_damaging,Protein kinase,none,1.0,2.0,0.6136,PATHOGENIC,0.0,0.6136,1.0,0.25,0.6,0.0,1.0,48.95
rs2055249495,Ensembl VEP (dbSNP),rs2055249495,rs2055249495,,X,47227415.0,A,G,rs2055249495,ENST00000357227.9:c.1321A>G,ENSP00000349762.4:p.Met441Val,ENST00000357227,NP_006192.1,441.0,M,V,M441V,missense,missense_variant,,,,,,0.02,deleterious_low_confidence,0.716,possibly_damaging,Protein kinase,none,1.0,2.0,0.1297,BENIGN,0.0,0.1297,1.0,0.25,0.6,0.0,1.0,41.7
rs2055249397,Ensembl VEP (dbSNP),rs2055249397,rs2055249397,,X,47227408.0,G,A,rs2055249397,ENST00000357227.9:c.1314G>A,ENSP00000349762.4:p.Glu438=,ENST00000357227,NP_006192.1,438.0,,,,synonymous,synonymous_variant,,,,,,,,,,Protein kinase,none,1.0,2.0,,,0.0,0.0,1.0,0.25,0.6,0.0,1.0,39.75
rs2055249176,Ensembl VEP (dbSNP),rs2055249176,rs2055249176,,X,47227394.0,C,T,rs2055249176,ENST00000357227.9:c.1300C>T,ENSP00000349762.4:p.Arg434Trp,ENST00000357227,NP_006192.1,434.0,R,W,R434W,missense,missense_variant,,,,,,0.0,deleterious_low_confidence,1.0,probably_damaging,Protein kinase,none,1.0,2.0,0.9961,PATHOGENIC,0.0,0.9961,1.0,0.25,0.6,0.0,1.0,54.69
rs2055249070,Ensembl VEP (dbSNP),rs2055249070,rs2055249070,,X,47227393.0,T,A,rs2055249070,ENST00000357227.9:c.1299T>A,ENSP00000349762.4:p.Asn433Lys,ENST00000357227,NP_006192.1,433.0,N,K,N433K,missense,missense_variant,,,,,,1.0,tolerated_low_confidence,0.003,benign,Protein kinase,none,1.0,2.0,0.0811,BENIGN,0.0,0.0811,1.0,0.25,0.6,0.0,1.0,40.97
rs2055248964,Ensembl VEP (dbSNP),rs2055248964,rs2055248964,,X,47227392.0,A,T,rs2055248964,ENST00000357227.9:c.1298A>T,ENSP00000349762.4:p.Asn433Ile,ENST00000357227,NP_006192.1,433.0,N,I,N433I,missense,missense_variant,,,,,,0.0,deleterious_low_confidence,0.213,benign,Protein kinase,none,1.0,2.0,0.14,BENIGN,0.0,0.14,1.0,0.25,0.6,0.0,1.0,41.85
rs1987787302,Ensembl VEP (dbSNP),rs1987787302,rs1987787302,,X,47224221.0,G,C,rs1987787302,ENST00000357227.9:c.203-164G>C,,ENST00000357227,NP_006192.1,,,,,other,intron_variant,,,,,,,,,,,none,,,,,0.0,0.0,0.0,0.0,0.0,0.0,0.75,11.25
rs1937575125,Ensembl VEP (dbSNP),rs1937575125,rs1937575125,,X,47227350.0,A,G,rs1937575125,ENST00000357227.9:c.1285-29A>G,,ENST00000357227,NP_006192.1,,,,,other,intron_variant,,,,,,,,,,,none,,,,,0.0,0.0,0.0,0.0,0.0,0.0,0.75,11.25
rs1937574815,Ensembl VEP (dbSNP),rs1937574815,rs1937574815,,X,47227343.0,T,C,rs1937574815,ENST00000357227.9:c.1285-36T>C,,ENST00000357227,NP_006192.1,,,,,other,intron_variant,,,,,,,,,,,none,,,,,0.0,0.0,0.0,0.0,0.0,0.0,0.75,11.25
rs1937573963,Ensembl VEP (dbSNP),rs1937573963,rs1937573963,,X,47227316.0,TGGG,-,rs1937573963,ENST00000357227.9:c.1285-63_1285-60del,,ENST00000357227,NP_006192.1,,,,,other,intron_variant,,,,,,,,,,,none,,,,,0.0,0.0,0.0,0.0,0.0,0.0,0.75,11.25
rs1937573375,Ensembl VEP (dbSNP),rs1937573375,rs1937573375,,X,47227291.0,C,A,rs1937573375,ENST00000357227.9:c.1284+68C>A,,ENST00000357227,NP_006192.1,,,,,other,intron_variant,,,,,,,,,,,none,,,,,0.0,0.0,0.0,0.0,0.0,0.0,0.75,11.25
rs1937573062,Ensembl VEP (dbSNP),rs1937573062,rs1937573062,,X,47227290.0,-,G,rs1937573062,ENST00000357227.9:c.1284+66_1284+67insG,,ENST00000357227,NP_006192.1,,,,,other,intron_variant,,,,,,,,,,,none,,,,,0.0,0.0,0.0,0.0,0.0,0.0,0.75,11.25
rs1937572725,Ensembl VEP (dbSNP),rs1937572725,rs1937572725,,X,47227286.0,C,G,rs1937572725,ENST00000357227.9:c.1284+63C>G,,ENST00000357227,NP_006192.1,,,,,other,intron_variant,,,,,,,,,,,none,,,,,0.0,0.0,0.0,0.0,0.0,0.0,0.75,11.25
rs1937572458,Ensembl VEP (dbSNP),rs1937572458,rs1937572458,,X,47227285.0,-,G,rs1937572458,ENST00000357227.9:c.1284+61_1284+62insG,,ENST00000357227,NP_006192.1,,,,,other,intron_variant,,,,,,,,,,,none,,,,,0.0,0.0,0.0,0.0,0.0,0.0,0.75,11.25
rs1937571865,Ensembl VEP (dbSNP),rs1937571865,rs1937571865,,X,47227282.0,-,C,rs1937571865,ENST00000357227.9:c.1284+58_1284+59insC,,ENST00000357227,NP_006192.1,,,,,other,intron_variant,,,,,,,,,,,none,,,,,0.0,0.0,0.0,0.0,0.0,0.0,0.75,11.25
rs1937571760,Ensembl VEP (dbSNP),rs1937571760,rs1937571760,,X,47227280.0,G,A,rs1937571760,ENST00000357227.9:c.1284+57G>A,,ENST00000357227,NP_006192.1,,,,,other,intron_variant,,,,,,,,,,,none,,,,,0.0,0.0,0.0,0.0,0.0,0.0,0.75,11.25
rs1937571653,Ensembl VEP (dbSNP),rs1937571653,rs1937571653,,X,47227282.0,-,G,rs1937571653,ENST00000357227.9:c.1284+58dup,,ENST00000357227,NP_006192.1,,,,,other,intron_variant,,,,,,,,,,,none,,,,,0.0,0.0,0.0,0.0,0.0,0.0,0.75,11.25
rs1937571040,Ensembl VEP (dbSNP),rs1937571040,rs1937571040,,X,47227251.0,G,C,rs1937571040,ENST00000357227.9:c.1284+28G>C,,ENST00000357227,NP_006192.1,,,,,other,intron_variant,,,,,,,,,,,none,,,,,0.0,0.0,0.0,0.0,0.0,0.0,0.75,11.25
rs1937570773,Ensembl VEP (dbSNP),rs1937570773,rs1937570773,,X,47227243.0,G,A,rs1937570773,ENST00000357227.9:c.1284+20G>A,,ENST00000357227,NP_006192.1,,,,,other,intron_variant,,,,,,,,,,,none,,,,,0.0,0.0,0.0,0.0,0.0,0.0,0.75,11.25
rs1937570584,Ensembl VEP (dbSNP),rs1937570584,rs1937570584,,X,47227239.0,G,A,rs1937570584,ENST00000357227.9:c.1284+16G>A,,ENST00000357227,NP_006192.1,,,,,other,intron_variant,,,,,,,,,,,none,,,,,0.0,0.0,0.0,0.0,0.0,0.0,0.75,11.25
rs1937570039,Ensembl VEP (dbSNP),rs1937570039,rs1937570039,,X,47227226.0,G,A,rs1937570039,ENST00000357227.9:c.1284+3G>A,,ENST00000357227,NP_006192.1,,,,,splice,splice_donor_region_variant;intron_variant,,,,,,,,,,,none,,,,,0.0,0.0,0.0,0.0,0.0,0.0,0.75,11.25
rs1937569772,Ensembl VEP (dbSNP),rs1937569772,rs1937569772,,X,47227215.0,C,G,rs1937569772,ENST00000357227.9:c.1276C>G,ENSP00000349762.4:p.Leu426Val,ENST00000357227,NP_006192.1,426.0,L,V,L426V,missense,missense_variant,,,,,,0.01,deleterious_low_confidence,0.398,benign,Protein kinase,none,1.0,2.0,0.4609,AMBIGUOUS,0.0,0.4609,1.0,0.25,0.6,0.0,1.0,46.66
rs1937569677,Ensembl VEP (dbSNP),rs1937569677,rs1937569677,,X,47227213.0,A,G,rs1937569677,ENST00000357227.9:c.1274A>G,ENSP00000349762.4:p.Lys425Arg,ENST00000357227,NP_006192.1,425.0,K,R,K425R,missense,missense_variant,,,,,,0.04,deleterious_low_confidence,0.005,benign,Protein kinase,none,1.0,2.0,0.0663,BENIGN,0.0,0.0663,1.0,0.25,0.6,0.0,1.0,40.74
rs1937569581,Ensembl VEP (dbSNP),rs1937569581,rs1937569581,,X,47227212.0,A,C,rs1937569581,ENST00000357227.9:c.1273A>C,ENSP00000349762.4:p.Lys425Gln,ENST00000357227,NP_006192.1,425.0,K,Q,K425Q,missense,missense_variant,,,,,,0.1,tolerated_low_confidence,0.83,possibly_damaging,Protein kinase,none,1.0,2.0,0.087,BENIGN,0.0,0.087,1.0,0.25,0.6,0.0,1.0,41.06
rs1937569408,Ensembl VEP (dbSNP),rs1937569408,rs1937569408,,X,47227202.0,C,T,rs1937569408,ENST00000357227.9:c.1263C>T,ENSP00000349762.4:p.Asp421=,ENST00000357227,NP_006192.1,421.0,,,,synonymous,synonymous_variant,,,,,,,,,,Protein kinase,none,1.0,2.0,,,0.0,0.0,1.0,0.25,0.6,0.0,1.0,39.75
rs1937569219,Ensembl VEP (dbSNP),rs1937569219,rs1937569219,,X,47227199.0,C,T,rs1937569219,ENST00000357227.9:c.1260C>T,ENSP00000349762.4:p.Ala420=,ENST00000357227,NP_006192.1,420.0,,,,synonymous,synonymous_variant,,,,,,,,,,Protein kinase,none,1.0,2.0,,,0.0,0.0,1.0,0.25,0.6,0.0,1.0,39.75
rs1937567781,Ensembl VEP (dbSNP),rs1937567781,rs1937567781,,X,47227149.0,T,C,rs1937567781,ENST00000357227.9:c.1242-32T>C,,ENST00000357227,NP_006192.1,,,,,other,intron_variant,,,,,,,,,,,none,,,,,0.0,0.0,0.0,0.0,0.0,0.0,0.75,11.25
rs1937567691,Ensembl VEP (dbSNP),rs1937567691,rs1937567691,,X,47227148.0,A,G,rs1937567691,ENST00000357227.9:c.1242-33A>G,,ENST00000357227,NP_006192.1,,,,,other,intron_variant,,,,,,,,,,,none,,,,,0.0,0.0,0.0,0.0,0.0,0.0,0.75,11.25
rs1937567314,Ensembl VEP (dbSNP),rs1937567314,rs1937567314,,X,47227129.0,G,A,rs1937567314,ENST00000357227.9:c.1241+30G>A,,ENST00000357227,NP_006192.1,,,,,other,intron_variant,,,,,,,,,,,none,,,,,0.0,0.0,0.0,0.0,0.0,0.0,0.75,11.25
rs1937566323,Ensembl VEP (dbSNP),rs1937566323,rs1937566323,,X,47227107.0,T,G,rs1937566323,ENST00000357227.9:c.1241+8T>G,,ENST00000357227,NP_006192.1,,,,,splice,splice_region_variant;intron_variant,,,,,,,,,,,none,,,,,0.0,0.0,0.0,0.0,0.0,0.0,0.75,11.25
rs1937564703,Ensembl VEP (dbSNP),rs1937564703,rs1937564703,,X,47227058.0,C,T,rs1937564703,ENST00000357227.9:c.1200C>T,ENSP00000349762.4:p.Tyr400=,ENST00000357227,NP_006192.1,400.0,,,,synonymous,synonymous_variant,,,,,,,,,,Protein kinase,none,1.0,2.0,,,0.0,0.0,1.0,0.25,0.6,0.0,1.0,39.75
rs1937564146,Ensembl VEP (dbSNP),rs1937564146,rs1937564146,,X,47227049.0,A,G,rs1937564146,ENST00000357227.9:c.1191A>G,ENSP00000349762.4:p.Thr397=,ENST00000357227,NP_006192.1,397.0,,,,synonymous,synonymous_variant,,,,,,,,,,Protein kinase,none,1.0,2.0,,,0.0,0.0,1.0,0.25,0.6,0.0,1.0,39.75
rs1937564072,Ensembl VEP (dbSNP),rs1937564072,rs1937564072,,X,47227043.0,C,T,rs1937564072,ENST00000357227.9:c.1185C>T,ENSP00000349762.4:p.Phe395=,ENST00000357227,NP_006192.1,395.0,,,,synonymous,synonymous_variant,,,,,,,,,,Protein kinase,none,1.0,2.0,,,0.0,0.0,1.0,0.25,0.6,0.0,1.0,39.75
rs1937563298,Ensembl VEP (dbSNP),rs1937563298,rs1937563298,,X,47227010.0,G,C,rs1937563298,ENST00000357227.9:c.1152G>C,ENSP00000349762.4:p.Glu384Asp,ENST00000357227,NP_006192.1,384.0,E,D,E384D,missense,missense_variant,,,,,,0.19,tolerated_low_confidence,0.0,benign,Protein kinase,none,1.0,2.0,0.0723,BENIGN,0.0,0.0723,1.0,0.25,0.6,0.0,1.0,40.83
rs1937561705,Ensembl VEP (dbSNP),rs1937561705,rs1937561705,,X,47226948.0,-,A,rs1937561705,ENST00000357227.9:c.1135+38_1135+39insA,,ENST00000357227,NP_006192.1,,,,,other,intron_variant,,,,,,,,,,,none,,,,,0.0,0.0,0.0,0.0,0.0,0.0,0.75,11.25
rs1937560873,Ensembl VEP (dbSNP),rs1937560873,rs1937560873,,X,47226924.0,G,A,rs1937560873,ENST00000357227.9:c.1135+15G>A,,ENST00000357227,NP_006192.1,,,,,other,intron_variant,,,,,,,,,,,none,,,,,0.0,0.0,0.0,0.0,0.0,0.0,0.75,11.25
rs1937560688,Ensembl VEP (dbSNP),rs1937560688,rs1937560688,,X,47226917.0,G,A,rs1937560688,ENST00000357227.9:c.1135+8G>A,,ENST00000357227,NP_006192.1,,,,,splice,splice_region_variant;intron_variant,,,,,,,,,,,none,,,,,0.0,0.0,0.0,0.0,0.0,0.0,0.75,11.25
rs1937560250,Ensembl VEP (dbSNP),rs1937560250,rs1937560250,,X,47226899.0,C,T,rs1937560250,ENST00000357227.9:c.1125C>T,ENSP00000349762.4:p.Phe375=,ENST00000357227,NP_006192.1,375.0,,,,synonymous,synonymous_variant,,,,,,,,,,Protein kinase,none,1.0,2.0,,,0.0,0.0,1.0,0.25,0.6,0.0,1.0,39.75
rs1937559153,Ensembl VEP (dbSNP),rs1937559153,rs1937559153,,X,47226842.0,C,T,rs1937559153,ENST00000357227.9:c.1068C>T,ENSP00000349762.4:p.Ala356=,ENST00000357227,NP_006192.1,356.0,,,,synonymous,synonymous_variant,,,,,,,,,,Protein kinase,none,1.0,2.0,,,0.0,0.0,1.0,0.25,0.6,0.0,1.0,39.75
rs1937558885,Ensembl VEP (dbSNP),rs1937558885,rs1937558885,,X,47226821.0,C,T,rs1937558885,ENST00000357227.9:c.1047C>T,ENSP00000349762.4:p.Gly349=,ENST00000357227,NP_006192.1,349.0,,,,synonymous,synonymous_variant,,,,,,,,,,Protein kinase,none,1.0,2.0,,,0.0,0.0,1.0,0.25,0.6,0.0,1.0,39.75
rs1937558792,Ensembl VEP (dbSNP),rs1937558792,rs1937558792,,X,47226818.0,G,T,rs1937558792,ENST00000357227.9:c.1044G>T,ENSP00000349762.4:p.Val348=,ENST00000357227,NP_006192.1,348.0,,,,synonymous,synonymous_variant,,,,,,,,,,Protein kinase,none,1.0,2.0,,,0.0,0.0,1.0,0.25,0.6,0.0,1.0,39.75
rs1937558596,Ensembl VEP (dbSNP),rs1937558596,rs1937558596,,X,47226807.0,C,G,rs1937558596,ENST00000357227.9:c.1038-5C>G,,ENST00000357227,NP_006192.1,,,,,splice,splice_region_variant;splice_polypyrimidine_tract_variant;intron_variant,,,,,,,,,,,none,,,,,0.0,0.0,0.0,0.0,0.0,0.0,0.75,11.25
rs1937558498,Ensembl VEP (dbSNP),rs1937558498,rs1937558498,,X,47226804.0,C,G,rs1937558498,ENST00000357227.9:c.1038-8C>G,,ENST00000357227,NP_006192.1,,,,,splice,splice_region_variant;splice_polypyrimidine_tract_variant;intron_variant,,,,,,,,,,,none,,,,,0.0,0.0,0.0,0.0,0.0,0.0,0.75,11.25
rs1937558269,Ensembl VEP (dbSNP),rs1937558269,rs1937558269,,X,47226802.0,C,A,rs1937558269,ENST00000357227.9:c.1038-10C>A,,ENST00000357227,NP_006192.1,,,,,splice,splice_polypyrimidine_tract_variant;intron_variant,,,,,,,,,,,none,,,,,0.0,0.0,0.0,0.0,0.0,0.0,0.75,11.25
rs1937557259,Ensembl VEP (dbSNP),rs1937557259,rs1937557259,,X,47226754.0,T,C,rs1937557259,ENST00000357227.9:c.1037+51T>C,,ENST00000357227,NP_006192.1,,,,,other,intron_variant,,,,,,,,,,,none,,,,,0.0,0.0,0.0,0.0,0.0,0.0,0.75,11.25
rs1937557011,Ensembl VEP (dbSNP),rs1937557011,rs1937557011,,X,47226745.0,G,A,rs1937557011,ENST00000357227.9:c.1037+42G>A,,ENST00000357227,NP_006192.1,,,,,other,intron_variant,,,,,,,,,,,none,,,,,0.0,0.0,0.0,0.0,0.0,0.0,0.75,11.25
rs1937556914,Ensembl VEP (dbSNP),rs1937556914,rs1937556914,,X,47226749.0,-,GG,rs1937556914,ENST00000357227.9:c.1037+44_1037+45dup,,ENST00000357227,NP_006192.1,,,,,other,intron_variant,,,,,,,,,,,none,,,,,0.0,0.0,0.0,0.0,0.0,0.0,0.75,11.25
rs1937556549,Ensembl VEP (dbSNP),rs1937556549,rs1937556549,,X,47226731.0,G,A,rs1937556549,ENST00000357227.9:c.1037+28G>A,,ENST00000357227,NP_006192.1,,,,,other,intron_variant,,,,,,,,,,,none,,,,,0.0,0.0,0.0,0.0,0.0,0.0,0.75,11.25
rs1937556322,Ensembl VEP (dbSNP),rs1937556322,rs1937556322,,X,47226726.0,C,G,rs1937556322,ENST00000357227.9:c.1037+23C>G,,ENST00000357227,NP_006192.1,,,,,other,intron_variant,,,,,,,,,,,none,,,,,0.0,0.0,0.0,0.0,0.0,0.0,0.75,11.25
rs1937556208,Ensembl VEP (dbSNP),rs1937556208,rs1937556208,,X,47226725.0,G,T,rs1937556208,ENST00000357227.9:c.1037+22G>T,,ENST00000357227,NP_006192.1,,,,,other,intron_variant,,,,,,,,,,,none,,,,,0.0,0.0,0.0,0.0,0.0,0.0,0.75,11.25
rs1937555662,Ensembl VEP (dbSNP),rs1937555662,rs1937555662,,X,47226716.0,G,A,rs1937555662,ENST00000357227.9:c.1037+13G>A,,ENST00000357227,NP_006192.1,,,,,other,intron_variant,,,,,,,,,,,none,,,,,0.0,0.0,0.0,0.0,0.0,0.0,0.75,11.25
rs1937555051,Ensembl VEP (dbSNP),rs1937555051,rs1937555051,,X,47226699.0,A,G,rs1937555051,ENST00000357227.9:c.1033A>G,ENSP00000349762.4:p.Met345Val,ENST00000357227,NP_006192.1,345.0,M,V,M345V,missense,missense_variant,,,,,,0.0,deleterious_low_confidence,0.994,probably_damaging,Protein kinase,none,1.0,2.0,0.2646,BENIGN,0.0,0.2646,1.0,0.25,0.6,0.0,1.0,43.72
rs1937554104,Ensembl VEP (dbSNP),rs1937554104,rs1937554104,,X,47226665.0,G,C,rs1937554104,ENST00000357227.9:c.999G>C,ENSP00000349762.4:p.Leu333=,ENST00000357227,NP_006192.1,333.0,,,,synonymous,synonymous_variant,,,,,,,,,,Protein kinase,none,1.0,2.0,,,0.0,0.0,1.0,0.25,0.6,0.0,1.0,39.75
rs1937553864,Ensembl VEP (dbSNP),rs1937553864,rs1937553864,,X,47226654.0,C,A,rs1937553864,ENST00000357227.9:c.988C>A,ENSP00000349762.4:p.Pro330Thr,ENST00000357227,NP_006192.1,330.0,P,T,P330T,missense,missense_variant,,,,,,0.0,deleterious_low_confidence,0.999,probably_damaging,Protein kinase,none,1.0,2.0,0.9957,PATHOGENIC,0.0,0.9957,1.0,0.25,0.6,0.0,1.0,54.69
rs1937553763,Ensembl VEP (dbSNP),rs1937553763,rs1937553763,,X,47226650.0,G,T,rs1937553763,ENST00000357227.9:c.984G>T,ENSP00000349762.4:p.Arg328=,ENST00000357227,NP_006192.1,328.0,,,,synonymous,synonymous_variant,,,,,,,,,,Protein kinase,none,1.0,2.0,,,0.0,0.0,1.0,0.25,0.6,0.0,1.0,39.75
rs1937553465,Ensembl VEP (dbSNP),rs1937553465,rs1937553465,,X,47226635.0,G,T,rs1937553465,ENST00000357227.9:c.969G>T,ENSP00000349762.4:p.Val323=,ENST00000357227,NP_006192.1,323.0,,,,synonymous,synonymous_variant,,,,,,,,,,Protein kinase,none,1.0,2.0,,,0.0,0.0,1.0,0.25,0.6,0.0,1.0,39.75
rs1937553283,Ensembl VEP (dbSNP),rs1937553283,rs1937553283,,X,47226624.0,A,G,rs1937553283,ENST00000357227.9:c.958A>G,ENSP00000349762.4:p.Asn320Asp,ENST00000357227,NP_006192.1,320.0,N,D,N320D,missense,missense_variant,,,,,,0.0,deleterious_low_confidence,0.997,probably_damaging,Protein kinase,none,1.0,2.0,0.9024,PATHOGENIC,0.0,0.9024,1.0,0.25,0.6,0.0,1.0,53.29
rs1937552113,Ensembl VEP (dbSNP),rs1937552113,rs1937552113,,X,47226577.0,T,C,rs1937552113,ENST00000357227.9:c.917-6T>C,,ENST00000357227,NP_006192.1,,,,,splice,splice_region_variant;splice_polypyrimidine_tract_variant;intron_variant,,,,,,,,,,,none,,,,,0.0,0.0,0.0,0.0,0.0,0.0,0.75,11.25
rs1937551832,Ensembl VEP (dbSNP),rs1937551832,rs1937551832,,X,47226572.0,C,-,rs1937551832,ENST00000357227.9:c.917-11del,,ENST00000357227,NP_006192.1,,,,,splice,splice_polypyrimidine_tract_variant;intron_variant,,,,,,,,,,,none,,,,,0.0,0.0,0.0,0.0,0.0,0.0,0.75,11.25
rs1937551740,Ensembl VEP (dbSNP),rs1937551740,rs1937551740,,X,47226568.0,T,G,rs1937551740,ENST00000357227.9:c.917-15T>G,,ENST00000357227,NP_006192.1,,,,,splice,splice_polypyrimidine_tract_variant;intron_variant,,,,,,,,,,,none,,,,,0.0,0.0,0.0,0.0,0.0,0.0,0.75,11.25
rs1937551083,Ensembl VEP (dbSNP),rs1937551083,rs1937551083,,X,47226551.0,C,T,rs1937551083,ENST00000357227.9:c.917-32C>T,,ENST00000357227,NP_006192.1,,,,,other,intron_variant,,,,,,,,,,,none,,,,,0.0,0.0,0.0,0.0,0.0,0.0,0.75,11.25
rs1937550244,Ensembl VEP (dbSNP),rs1937550244,rs1937550244,,X,47226527.0,C,G,rs1937550244,ENST00000357227.9:c.917-56C>G,,ENST00000357227,NP_006192.1,,,,,other,intron_variant,,,,,,,,,,,none,,,,,0.0,0.0,0.0,0.0,0.0,0.0,0.75,11.25
rs1937549509,Ensembl VEP (dbSNP),rs1937549509,rs1937549509,,X,47226497.0,C,T,rs1937549509,ENST00000357227.9:c.917-86C>T,,ENST00000357227,NP_006192.1,,,,,other,intron_variant,,,,,,,,,,,none,,,,,0.0,0.0,0.0,0.0,0.0,0.0,0.75,11.25
rs1937549332,Ensembl VEP (dbSNP),rs1937549332,rs1937549332,,X,47226475.0,C,T,rs1937549332,ENST00000357227.9:c.916+73C>T,,ENST00000357227,NP_006192.1,,,,,other,intron_variant,,,,,,,,,,,none,,,,,0.0,0.0,0.0,0.0,0.0,0.0,0.75,11.25
rs1937549135,Ensembl VEP (dbSNP),rs1937549135,rs1937549135,,X,47226464.0,G,A,rs1937549135,ENST00000357227.9:c.916+62G>A,,ENST00000357227,NP_006192.1,,,,,other,intron_variant,,,,,,,,,,,none,,,,,0.0,0.0,0.0,0.0,0.0,0.0,0.75,11.25
rs1937549038,Ensembl VEP (dbSNP),rs1937549038,rs1937549038,,X,47226460.0,C,T,rs1937549038,ENST00000357227.9:c.916+58C>T,,ENST00000357227,NP_006192.1,,,,,other,intron_variant,,,,,,,,,,,none,,,,,0.0,0.0,0.0,0.0,0.0,0.0,0.75,11.25
rs1937548955,Ensembl VEP (dbSNP),rs1937548955,rs1937548955,,X,47226459.0,A,T,rs1937548955,ENST00000357227.9:c.916+57A>T,,ENST00000357227,NP_006192.1,,,,,other,intron_variant,,,,,,,,,,,none,,,,,0.0,0.0,0.0,0.0,0.0,0.0,0.75,11.25
rs1937548676,Ensembl VEP (dbSNP),rs1937548676,rs1937548676,,X,47226456.0,A,G,rs1937548676,ENST00000357227.9:c.916+54A>G,,ENST00000357227,NP_006192.1,,,,,other,intron_variant,,,,,,,,,,,none,,,,,0.0,0.0,0.0,0.0,0.0,0.0,0.75,11.25
rs1937548041,Ensembl VEP (dbSNP),rs1937548041,rs1937548041,,X,47226430.0,G,A,rs1937548041,ENST00000357227.9:c.916+28G>A,,ENST00000357227,NP_006192.1,,,,,other,intron_variant,,,,,,,,,,,none,,,,,0.0,0.0,0.0,0.0,0.0,0.0,0.75,11.25
rs1937547509,Ensembl VEP (dbSNP),rs1937547509,rs1937547509,,X,47226417.0,C,A,rs1937547509,ENST00000357227.9:c.916+15C>A,,ENST00000357227,NP_006192.1,,,,,other,intron_variant,,,,,,,,,,,none,,,,,0.0,0.0,0.0,0.0,0.0,0.0,0.75,11.25
rs1937547426,Ensembl VEP (dbSNP),rs1937547426,rs1937547426,,X,47226413.0,C,T,rs1937547426,ENST00000357227.9:c.916+11C>T,,ENST00000357227,NP_006192.1,,,,,other,intron_variant,,,,,,,,,,,none,,,,,0.0,0.0,0.0,0.0,0.0,0.0,0.75,11.25
rs1937547229,Ensembl VEP (dbSNP),rs1937547229,rs1937547229,,X,47226409.0,C,T,rs1937547229,ENST00000357227.9:c.916+7C>T,,ENST00000357227,NP_006192.1,,,,,splice,splice_region_variant;intron_variant,,,,,,,,,,,none,,,,,0.0,0.0,0.0,0.0,0.0,0.0,0.75,11.25
rs1937546983,Ensembl VEP (dbSNP),rs1937546983,rs1937546983,,X,47226392.0,G,C,rs1937546983,ENST00000357227.9:c.906G>C,ENSP00000349762.4:p.Leu302=,ENST00000357227,NP_006192.1,302.0,,,,synonymous,synonymous_variant,,,,,,,,,,Protein kinase,none,1.0,2.0,,,0.0,0.0,1.0,0.25,0.6,0.0,1.0,39.75
rs1937546541,Ensembl VEP (dbSNP),rs1937546541,rs1937546541,,X,47226372.0,G,A,rs1937546541,ENST00000357227.9:c.886G>A,ENSP00000349762.4:p.Glu296Lys,ENST00000357227,NP_006192.1,296.0,E,K,E296K,missense,missense_variant,,,,,,0.06,tolerated_low_confidence,0.075,benign,Protein kinase,none,1.0,2.0,0.5837,PATHOGENIC,0.0,0.5837,1.0,0.25,0.6,0.0,1.0,48.51
rs1937544730,Ensembl VEP (dbSNP),rs1937544730,rs1937544730,,X,47226264.0,T,C,rs1937544730,ENST00000357227.9:c.793-15T>C,,ENST00000357227,NP_006192.1,,,,,splice,splice_polypyrimidine_tract_variant;intron_variant,,,,,,,,,,,none,,,,,0.0,0.0,0.0,0.0,0.0,0.0,0.75,11.25
rs1937543664,Ensembl VEP (dbSNP),rs1937543664,rs1937543664,,X,47226241.0,T,C,rs1937543664,ENST00000357227.9:c.793-38T>C,,ENST00000357227,NP_006192.1,,,,,other,intron_variant,,,,,,,,,,,none,,,,,0.0,0.0,0.0,0.0,0.0,0.0,0.75,11.25
rs1937542285,Ensembl VEP (dbSNP),rs1937542285,rs1937542285,,X,47226192.0,G,T,rs1937542285,ENST00000357227.9:c.793-87G>T,,ENST00000357227,NP_006192.1,,,,,other,intron_variant,,,,,,,,,,,none,,,,,0.0,0.0,0.0,0.0,0.0,0.0,0.75,11.25
rs1937540093,Ensembl VEP (dbSNP),rs1937540093,rs1937540093,,X,47226114.0,-,G,rs1937540093,ENST00000357227.9:c.792+86_792+87insG,,ENST00000357227,NP_006192.1,,,,,other,intron_variant,,,,,,,,,,,none,,,,,0.0,0.0,0.0,0.0,0.0,0.0,0.75,11.25
rs1937539171,Ensembl VEP (dbSNP),rs1937539171,rs1937539171,,X,47226082.0,A,G,rs1937539171,ENST00000357227.9:c.792+55A>G,,ENST00000357227,NP_006192.1,,,,,other,intron_variant,,,,,,,,,,,none,,,,,0.0,0.0,0.0,0.0,0.0,0.0,0.75,11.25
rs1937538559,Ensembl VEP (dbSNP),rs1937538559,rs1937538559,,X,47226068.0,A,C,rs1937538559,ENST00000357227.9:c.792+41A>C,,ENST00000357227,NP_006192.1,,,,,other,intron_variant,,,,,,,,,,,none,,,,,0.0,0.0,0.0,0.0,0.0,0.0,0.75,11.25
rs1937538405,Ensembl VEP (dbSNP),rs1937538405,rs1937538405,,X,47226068.0,-,C,rs1937538405,ENST00000357227.9:c.792+40dup,,ENST00000357227,NP_006192.1,,,,,other,intron_variant,,,,,,,,,,,none,,,,,0.0,0.0,0.0,0.0,0.0,0.0,0.75,11.25
rs1937538323,Ensembl VEP (dbSNP),rs1937538323,rs1937538323,,X,47226063.0,C,A,rs1937538323,ENST00000357227.9:c.792+36C>A,,ENST00000357227,NP_006192.1,,,,,other,intron_variant,,,,,,,,,,,none,,,,,0.0,0.0,0.0,0.0,0.0,0.0,0.75,11.25
rs1937538251,Ensembl VEP (dbSNP),rs1937538251,rs1937538251,,X,47226059.0,G,A,rs1937538251,ENST00000357227.9:c.792+32G>A,,ENST00000357227,NP_006192.1,,,,,other,intron_variant,,,,,,,,,,,none,,,,,0.0,0.0,0.0,0.0,0.0,0.0,0.75,11.25
rs1937538097,Ensembl VEP (dbSNP),rs1937538097,rs1937538097,,X,47226050.0,G,A,rs1937538097,ENST00000357227.9:c.792+23G>A,,ENST00000357227,NP_006192.1,,,,,other,intron_variant,,,,,,,,,,,none,,,,,0.0,0.0,0.0,0.0,0.0,0.0,0.75,11.25
rs1937536060,Ensembl VEP (dbSNP),rs1937536060,rs1937536060,,X,47225950.0,C,T,rs1937536060,ENST00000357227.9:c.730-15C>T,,ENST00000357227,NP_006192.1,,,,,splice,splice_polypyrimidine_tract_variant;intron_variant,,,,,,,,,,,none,,,,,0.0,0.0,0.0,0.0,0.0,0.0,0.75,11.25
rs1937535917,Ensembl VEP (dbSNP),rs1937535917,rs1937535917,,X,47225946.0,C,T,rs1937535917,ENST00000357227.9:c.730-19C>T,,ENST00000357227,NP_006192.1,,,,,other,intron_variant,,,,,,,,,,,none,,,,,0.0,0.0,0.0,0.0,0.0,0.0,0.75,11.25
rs1937535743,Ensembl VEP (dbSNP),rs1937535743,rs1937535743,,X,47225950.0,-,TACCAC,rs1937535743,ENST00000357227.9:c.730-21_730-16dup,,ENST00000357227,NP_006192.1,,,,,splice,splice_polypyrimidine_tract_variant;intron_variant,,,,,,,,,,,none,,,,,0.0,0.0,0.0,0.0,0.0,0.0,0.75,11.25
rs1937534940,Ensembl VEP (dbSNP),rs1937534940,rs1937534940,,X,47225908.0,A,G,rs1937534940,ENST00000357227.9:c.729+42A>G,,ENST00000357227,NP_006192.1,,,,,other,intron_variant,,,,,,,,,,,none,,,,,0.0,0.0,0.0,0.0,0.0,0.0,0.75,11.25
rs1937533856,Ensembl VEP (dbSNP),rs1937533856,rs1937533856,,X,47225881.0,C,G,rs1937533856,ENST00000357227.9:c.729+15C>G,,ENST00000357227,NP_006192.1,,,,,other,intron_variant,,,,,,,,,,,none,,,,,0.0,0.0,0.0,0.0,0.0,0.0,0.75,11.25
rs1937533404,Ensembl VEP (dbSNP),rs1937533404,rs1937533404,,X,47225854.0,C,T,rs1937533404,ENST00000357227.9:c.717C>T,ENSP00000349762.4:p.Val239=,ENST00000357227,NP_006192.1,239.0,,,,synonymous,synonymous_variant,,,,,,,,,,Protein kinase,none,1.0,2.0,,,0.0,0.0,1.0,0.25,0.6,0.0,1.0,39.75
rs1937533120,Ensembl VEP (dbSNP),rs1937533120,rs1937533120,,X,47225839.0,G,A,rs1937533120,ENST00000357227.9:c.702G>A,ENSP00000349762.4:p.Lys234=,ENST00000357227,NP_006192.1,234.0,,,,synonymous,synonymous_variant,,,,,,,,,,Protein kinase,none,1.0,2.0,,,0.0,0.0,1.0,0.25,0.6,0.0,1.0,39.75
rs1937532426,Ensembl VEP (dbSNP),rs1937532426,rs1937532426,,X,47225798.0,G,A,rs1937532426,ENST00000357227.9:c.661G>A,ENSP00000349762.4:p.Ala221Thr,ENST00000357227,NP_006192.1,221.0,A,T,A221T,missense,missense_variant,,,,,,0.0,deleterious_low_confidence,0.962,probably_damaging,Protein kinase,none,1.0,2.0,0.72,PATHOGENIC,0.0,0.72,1.0,0.25,0.6,0.0,1.0,50.55
rs1937532023,Ensembl VEP (dbSNP),rs1937532023,rs1937532023,,X,47225773.0,G,A,rs1937532023,ENST00000357227.9:c.636G>A,ENSP00000349762.4:p.Val212=,ENST00000357227,NP_006192.1,212.0,,,,synonymous,splice_region_variant;synonymous_variant,,,,,,,,,,Protein kinase,none,1.0,2.0,,,0.0,0.0,1.0,0.25,0.6,0.0,1.0,39.75
rs1937530895,Ensembl VEP (dbSNP),rs1937530895,rs1937530895,,X,47225692.0,C,T,rs1937530895,ENST00000357227.9:c.635-80C>T,,ENST00000357227,NP_006192.1,,,,,other,intron_variant,,,,,,,,,,,none,,,,,0.0,0.0,0.0,0.0,0.0,0.0,0.75,11.25
rs1937530545,Ensembl VEP (dbSNP),rs1937530545,rs1937530545,,X,47225685.0,C,G,rs1937530545,ENST00000357227.9:c.635-87C>G,,ENST00000357227,NP_006192.1,,,,,other,intron_variant,,,,,,,,,,,none,,,,,0.0,0.0,0.0,0.0,0.0,0.0,0.75,11.25
rs1937530478,Ensembl VEP (dbSNP),rs1937530478,rs1937530478,,X,47225679.0,C,T,rs1937530478,ENST00000357227.9:c.635-93C>T,,ENST00000357227,NP_006192.1,,,,,other,intron_variant,,,,,,,,,,,none,,,,,0.0,0.0,0.0,0.0,0.0,0.0,0.75,11.25
rs1937530397,Ensembl VEP (dbSNP),rs1937530397,rs1937530397,,X,47225679.0,-,A,rs1937530397,ENST00000357227.9:c.635-94dup,,ENST00000357227,NP_006192.1,,,,,other,intron_variant,,,,,,,,,,,none,,,,,0.0,0.0,0.0,0.0,0.0,0.0,0.75,11.25
rs1937530196,Ensembl VEP (dbSNP),rs1937530196,rs1937530196,,X,47225670.0,G,A,rs1937530196,ENST00000357227.9:c.635-102G>A,,ENST00000357227,NP_006192.1,,,,,other,intron_variant,,,,,,,,,,,none,,,,,0.0,0.0,0.0,0.0,0.0,0.0,0.75,11.25
rs1937529920,Ensembl VEP (dbSNP),rs1937529920,rs1937529920,,X,47225653.0,T,C,rs1937529920,ENST00000357227.9:c.635-119T>C,,ENST00000357227,NP_006192.1,,,,,other,intron_variant,,,,,,,,,,,none,,,,,0.0,0.0,0.0,0.0,0.0,0.0,0.75,11.25
rs1937529606,Ensembl VEP (dbSNP),rs1937529606,rs1937529606,,X,47225639.0,C,T,rs1937529606,ENST00000357227.9:c.635-133C>T,,ENST00000357227,NP_006192.1,,,,,other,intron_variant,,,,,,,,,,,none,,,,,0.0,0.0,0.0,0.0,0.0,0.0,0.75,11.25
rs1937529507,Ensembl VEP (dbSNP),rs1937529507,rs1937529507,,X,47225635.0,G,C,rs1937529507,ENST00000357227.9:c.635-137G>C,,ENST00000357227,NP_006192.1,,,,,other,intron_variant,,,,,,,,,,,none,,,,,0.0,0.0,0.0,0.0,0.0,0.0,0.75,11.25
rs1937529299,Ensembl VEP (dbSNP),rs1937529299,rs1937529299,,X,47225633.0,GTGG,-,rs1937529299,ENST00000357227.9:c.635-139_635-136del,,ENST00000357227,NP_006192.1,,,,,other,intron_variant,,,,,,,,,,,none,,,,,0.0,0.0,0.0,0.0,0.0,0.0,0.75,11.25
rs1937529005,Ensembl VEP (dbSNP),rs1937529005,rs1937529005,,X,47225623.0,G,C,rs1937529005,ENST00000357227.9:c.635-149G>C,,ENST00000357227,NP_006192.1,,,,,other,intron_variant,,,,,,,,,,,none,,,,,0.0,0.0,0.0,0.0,0.0,0.0,0.75,11.25
rs1937528927,Ensembl VEP (dbSNP),rs1937528927,rs1937528927,,X,47225622.0,G,T,rs1937528927,ENST00000357227.9:c.635-150G>T,,ENST00000357227,NP_006192.1,,,,,other,intron_variant,,,,,,,,,,,none,,,,,0.0,0.0,0.0,0.0,0.0,0.0,0.75,11.25
rs1937528862,Ensembl VEP (dbSNP),rs1937528862,rs1937528862,,X,47225621.0,G,A,rs1937528862,ENST00000357227.9:c.635-151G>A,,ENST00000357227,NP_006192.1,,,,,other,intron_variant,,,,,,,,,,,none,,,,,0.0,0.0,0.0,0.0,0.0,0.0,0.75,11.25
rs1937528607,Ensembl VEP (dbSNP),rs1937528607,rs1937528607,,X,47225607.0,T,G,rs1937528607,ENST00000357227.9:c.635-165T>G,,ENST00000357227,NP_006192.1,,,,,other,intron_variant,,,,,,,,,,,none,,,,,0.0,0.0,0.0,0.0,0.0,0.0,0.75,11.25
rs1937528308,Ensembl VEP (dbSNP),rs1937528308,rs1937528308,,X,47225596.0,A,T,rs1937528308,ENST00000357227.9:c.635-176A>T,,ENST00000357227,NP_006192.1,,,,,other,intron_variant,,,,,,,,,,,none,,,,,0.0,0.0,0.0,0.0,0.0,0.0,0.75,11.25
rs1937528105,Ensembl VEP (dbSNP),rs1937528105,rs1937528105,,X,47225590.0,A,G,rs1937528105,ENST00000357227.9:c.635-182A>G,,ENST00000357227,NP_006192.1,,,,,other,intron_variant,,,,,,,,,,,none,,,,,0.0,0.0,0.0,0.0,0.0,0.0,0.75,11.25
rs1937527851,Ensembl VEP (dbSNP),rs1937527851,rs1937527851,,X,47225580.0,C,T,rs1937527851,ENST00000357227.9:c.635-192C>T,,ENST00000357227,NP_006192.1,,,,,other,intron_variant,,,,,,,,,,,none,,,,,0.0,0.0,0.0,0.0,0.0,0.0,0.75,11.25
rs1937527775,Ensembl VEP (dbSNP),rs1937527775,rs1937527775,,X,47225579.0,A,C,rs1937527775,ENST00000357227.9:c.635-193A>C,,ENST00000357227,NP_006192.1,,,,,other,intron_variant,,,,,,,,,,,none,,,,,0.0,0.0,0.0,0.0,0.0,0.0,0.75,11.25
rs1937526888,Ensembl VEP (dbSNP),rs1937526888,rs1937526888,,X,47225550.0,T,C,rs1937526888,ENST00000357227.9:c.635-222T>C,,ENST00000357227,NP_006192.1,,,,,other,intron_variant,,,,,,,,,,,none,,,,,0.0,0.0,0.0,0.0,0.0,0.0,0.75,11.25
rs1937526800,Ensembl VEP (dbSNP),rs1937526800,rs1937526800,,X,47225546.0,T,C,rs1937526800,ENST00000357227.9:c.635-226T>C,,ENST00000357227,NP_006192.1,,,,,other,intron_variant,,,,,,,,,,,none,,,,,0.0,0.0,0.0,0.0,0.0,0.0,0.75,11.25
rs1937526096,Ensembl VEP (dbSNP),rs1937526096,rs1937526096,,X,47225524.0,C,T,rs1937526096,ENST00000357227.9:c.635-248C>T,,ENST00000357227,NP_006192.1,,,,,other,intron_variant,,,,,,,,,,,none,,,,,0.0,0.0,0.0,0.0,0.0,0.0,0.75,11.25
rs1937525929,Ensembl VEP (dbSNP),rs1937525929,rs1937525929,,X,47225521.0,A,T,rs1937525929,ENST00000357227.9:c.635-251A>T,,ENST00000357227,NP_006192.1,,,,,other,intron_variant,,,,,,,,,,,none,,,,,0.0,0.0,0.0,0.0,0.0,0.0,0.75,11.25
rs1937525758,Ensembl VEP (dbSNP),rs1937525758,rs1937525758,,X,47225508.0,C,G,rs1937525758,ENST00000357227.9:c.635-264C>G,,ENST00000357227,NP_006192.1,,,,,other,intron_variant,,,,,,,,,,,none,,,,,0.0,0.0,0.0,0.0,0.0,0.0,0.75,11.25
rs1937524758,Ensembl VEP (dbSNP),rs1937524758,rs1937524758,,X,47225473.0,C,T,rs1937524758,ENST00000357227.9:c.635-299C>T,,ENST00000357227,NP_006192.1,,,,,other,intron_variant,,,,,,,,,,,none,,,,,0.0,0.0,0.0,0.0,0.0,0.0,0.75,11.25
rs1937523945,Ensembl VEP (dbSNP),rs1937523945,rs1937523945,,X,47225450.0,-,T,rs1937523945,ENST00000357227.9:c.635-323dup,,ENST00000357227,NP_006192.1,,,,,other,intron_variant,,,,,,,,,,,none,,,,,0.0,0.0,0.0,0.0,0.0,0.0,0.75,11.25
rs1937522858,Ensembl VEP (dbSNP),rs1937522858,rs1937522858,,X,47225431.0,-,TA,rs1937522858,ENST00000357227.9:c.634+328_634+329insTA,,ENST00000357227,NP_006192.1,,,,,other,intron_variant,,,,,,,,,,,none,,,,,0.0,0.0,0.0,0.0,0.0,0.0,0.75,11.25
rs1937522682,Ensembl VEP (dbSNP),rs1937522682,rs1937522682,,X,47225428.0,T,C,rs1937522682,ENST00000357227.9:c.634+326T>C,,ENST00000357227,NP_006192.1,,,,,other,intron_variant,,,,,,,,,,,none,,,,,0.0,0.0,0.0,0.0,0.0,0.0,0.75,11.25
rs1937522489,Ensembl VEP (dbSNP),rs1937522489,rs1937522489,,X,47225425.0,C,T,rs1937522489,ENST00000357227.9:c.634+323C>T,,ENST00000357227,NP_006192.1,,,,,other,intron_variant,,,,,,,,,,,none,,,,,0.0,0.0,0.0,0.0,0.0,0.0,0.75,11.25
rs1937522263,Ensembl VEP (dbSNP),rs1937522263,rs1937522263,,X,47225406.0,G,A,rs1937522263,ENST00000357227.9:c.634+304G>A,,ENST00000357227,NP_006192.1,,,,,other,intron_variant,,,,,,,,,,,none,,,,,0.0,0.0,0.0,0.0,0.0,0.0,0.75,11.25
rs1937522172,Ensembl VEP (dbSNP),rs1937522172,rs1937522172,,X,47225399.0,T,C,rs1937522172,ENST00000357227.9:c.634+297T>C,,ENST00000357227,NP_006192.1,,,,,other,intron_variant,,,,,,,,,,,none,,,,,0.0,0.0,0.0,0.0,0.0,0.0,0.75,11.25
rs1937521031,Ensembl VEP (dbSNP),rs1937521031,rs1937521031,,X,47225355.0,CTGTA,-,rs1937521031,ENST00000357227.9:c.634+253_634+257del,,ENST00000357227,NP_006192.1,,,,,other,intron_variant,,,,,,,,,,,none,,,,,0.0,0.0,0.0,0.0,0.0,0.0,0.75,11.25
rs1937520897,Ensembl VEP (dbSNP),rs1937520897,rs1937520897,,X,47225353.0,T,C,rs1937520897,ENST00000357227.9:c.634+251T>C,,ENST00000357227,NP_006192.1,,,,,other,intron_variant,,,,,,,,,,,none,,,,,0.0,0.0,0.0,0.0,0.0,0.0,0.75,11.25
rs1937520283,Ensembl VEP (dbSNP),rs1937520283,rs1937520283,,X,47225332.0,G,A,rs1937520283,ENST00000357227.9:c.634+230G>A,,ENST00000357227,NP_006192.1,,,,,other,intron_variant,,,,,,,,,,,none,,,,,0.0,0.0,0.0,0.0,0.0,0.0,0.75,11.25
rs1937520180,Ensembl VEP (dbSNP),rs1937520180,rs1937520180,,X,47225320.0,G,A,rs1937520180,ENST00000357227.9:c.634+218G>A,,ENST00000357227,NP_006192.1,,,,,other,intron_variant,,,,,,,,,,,none,,,,,0.0,0.0,0.0,0.0,0.0,0.0,0.75,11.25
rs1937519805,Ensembl VEP (dbSNP),rs1937519805,rs1937519805,,X,47225304.0,A,G,rs1937519805,ENST00000357227.9:c.634+202A>G,,ENST00000357227,NP_006192.1,,,,,other,intron_variant,,,,,,,,,,,none,,,,,0.0,0.0,0.0,0.0,0.0,0.0,0.75,11.25
rs1937519586,Ensembl VEP (dbSNP),rs1937519586,rs1937519586,,X,47225290.0,T,C,rs1937519586,ENST00000357227.9:c.634+188T>C,,ENST00000357227,NP_006192.1,,,,,other,intron_variant,,,,,,,,,,,none,,,,,0.0,0.0,0.0,0.0,0.0,0.0,0.75,11.25
rs1937519528,Ensembl VEP (dbSNP),rs1937519528,rs1937519528,,X,47225281.0,G,A,rs1937519528,ENST00000357227.9:c.634+179G>A,,ENST00000357227,NP_006192.1,,,,,other,intron_variant,,,,,,,,,,,none,,,,,0.0,0.0,0.0,0.0,0.0,0.0,0.75,11.25
rs1937518456,Ensembl VEP (dbSNP),rs1937518456,rs1937518456,,X,47225252.0,C,G,rs1937518456,ENST00000357227.9:c.634+150C>G,,ENST00000357227,NP_006192.1,,,,,other,intron_variant,,,,,,,,,,,none,,,,,0.0,0.0,0.0,0.0,0.0,0.0,0.75,11.25
rs1937518266,Ensembl VEP (dbSNP),rs1937518266,rs1937518266,,X,47225251.0,-,A,rs1937518266,ENST00000357227.9:c.634+148dup,,ENST00000357227,NP_006192.1,,,,,other,intron_variant,,,,,,,,,,,none,,,,,0.0,0.0,0.0,0.0,0.0,0.0,0.75,11.25
rs1937518174,Ensembl VEP (dbSNP),rs1937518174,rs1937518174,,X,47225249.0,AAT,-,rs1937518174,ENST00000357227.9:c.634+147_634+149del,,ENST00000357227,NP_006192.1,,,,,other,intron_variant,,,,,,,,,,,none,,,,,0.0,0.0,0.0,0.0,0.0,0.0,0.75,11.25
rs1937517773,Ensembl VEP (dbSNP),rs1937517773,rs1937517773,,X,47225207.0,T,C,rs1937517773,ENST00000357227.9:c.634+105T>C,,ENST00000357227,NP_006192.1,,,,,other,intron_variant,,,,,,,,,,,none,,,,,0.0,0.0,0.0,0.0,0.0,0.0,0.75,11.25
rs1937517689,Ensembl VEP (dbSNP),rs1937517689,rs1937517689,,X,47225202.0,C,A,rs1937517689,ENST00000357227.9:c.634+100C>A,,ENST00000357227,NP_006192.1,,,,,other,intron_variant,,,,,,,,,,,none,,,,,0.0,0.0,0.0,0.0,0.0,0.0,0.75,11.25
rs1937517507,Ensembl VEP (dbSNP),rs1937517507,rs1937517507,,X,47225193.0,C,T,rs1937517507,ENST00000357227.9:c.634+91C>T,,ENST00000357227,NP_006192.1,,,,,other,intron_variant,,,,,,,,,,,none,,,,,0.0,0.0,0.0,0.0,0.0,0.0,0.75,11.25
rs1937517116,Ensembl VEP (dbSNP),rs1937517116,rs1937517116,,X,47225171.0,G,A,rs1937517116,ENST00000357227.9:c.634+69G>A,,ENST00000357227,NP_006192.1,,,,,other,intron_variant,,,,,,,,,,,none,,,,,0.0,0.0,0.0,0.0,0.0,0.0,0.75,11.25
rs1937516834,Ensembl VEP (dbSNP),rs1937516834,rs1937516834,,X,47225158.0,C,A,rs1937516834,ENST00000357227.9:c.634+56C>A,,ENST00000357227,NP_006192.1,,,,,other,intron_variant,,,,,,,,,,,none,,,,,0.0,0.0,0.0,0.0,0.0,0.0,0.75,11.25
rs1937516725,Ensembl VEP (dbSNP),rs1937516725,rs1937516725,,X,47225155.0,A,G,rs1937516725,ENST00000357227.9:c.634+53A>G,,ENST00000357227,NP_006192.1,,,,,other,intron_variant,,,,,,,,,,,none,,,,,0.0,0.0,0.0,0.0,0.0,0.0,0.75,11.25
rs1937516186,Ensembl VEP (dbSNP),rs1937516186,rs1937516186,,X,47225144.0,A,G,rs1937516186,ENST00000357227.9:c.634+42A>G,,ENST00000357227,NP_006192.1,,,,,other,intron_variant,,,,,,,,,,,none,,,,,0.0,0.0,0.0,0.0,0.0,0.0,0.75,11.25
rs1937514787,Ensembl VEP (dbSNP),rs1937514787,rs1937514787,,X,47225108.0,C,-,rs1937514787,ENST00000357227.9:c.634+6del,,ENST00000357227,NP_006192.1,,,,,splice,splice_donor_region_variant;intron_variant,,,,,,,,,,,none,,,,,0.0,0.0,0.0,0.0,0.0,0.0,0.75,11.25
rs1937513598,Ensembl VEP (dbSNP),rs1937513598,rs1937513598,,X,47225002.0,C,A,rs1937513598,ENST00000357227.9:c.534C>A,ENSP00000349762.4:p.Thr178=,ENST00000357227,NP_006192.1,178.0,,,,synonymous,synonymous_variant,,,,,,,,,,Protein kinase,none,1.0,2.0,,,0.0,0.0,1.0,0.25,0.6,0.0,1.0,39.75
rs1937513085,Ensembl VEP (dbSNP),rs1937513085,rs1937513085,,X,47224972.0,C,T,rs1937513085,ENST00000357227.9:c.520-16C>T,,ENST00000357227,NP_006192.1,,,,,splice,splice_polypyrimidine_tract_variant;intron_variant,,,,,,,,,,,none,,,,,0.0,0.0,0.0,0.0,0.0,0.0,0.75,11.25
rs1937512656,Ensembl VEP (dbSNP),rs1937512656,rs1937512656,,X,47224961.0,C,T,rs1937512656,ENST00000357227.9:c.520-27C>T,,ENST00000357227,NP_006192.1,,,,,other,intron_variant,,,,,,,,,,,none,,,,,0.0,0.0,0.0,0.0,0.0,0.0,0.75,11.25
rs1937512474,Ensembl VEP (dbSNP),rs1937512474,rs1937512474,,X,47224953.0,T,C,rs1937512474,ENST00000357227.9:c.520-35T>C,,ENST00000357227,NP_006192.1,,,,,other,intron_variant,,,,,,,,,,,none,,,,,0.0,0.0,0.0,0.0,0.0,0.0,0.75,11.25
rs1937511934,Ensembl VEP (dbSNP),rs1937511934,rs1937511934,,X,47224930.0,C,G,rs1937511934,ENST00000357227.9:c.519+40C>G,,ENST00000357227,NP_006192.1,,,,,other,intron_variant,,,,,,,,,,,none,,,,,0.0,0.0,0.0,0.0,0.0,0.0,0.75,11.25
rs1937510699,Ensembl VEP (dbSNP),rs1937510699,rs1937510699,,X,47224888.0,G,A,rs1937510699,ENST00000357227.9:c.517G>A,ENSP00000349762.4:p.Glu173Lys,ENST00000357227,NP_006192.1,173.0,E,K,E173K,missense,missense_variant;splice_region_variant,,,,,,0.0,deleterious_low_confidence,0.891,possibly_damaging,Protein kinase,none,1.0,2.0,0.9882,PATHOGENIC,0.0,0.9882,1.0,0.25,0.6,0.0,1.0,54.57
rs1937510384,Ensembl VEP (dbSNP),rs1937510384,rs1937510384,,X,47224876.0,G,A,rs1937510384,ENST00000357227.9:c.505G>A,ENSP00000349762.4:p.Asp169Asn,ENST00000357227,NP_006192.1,169.0,D,N,D169N,missense,missense_variant,,,,,,0.01,deleterious_low_confidence,0.829,possibly_damaging,Protein kinase,modified_residue,1.0,2.0,0.6527,PATHOGENIC,0.0,0.6527,1.0,0.5,0.6,0.0,1.0,53.29
rs1937509987,Ensembl VEP (dbSNP),rs1937509987,rs1937509987,,X,47224831.0,C,T,rs1937509987,ENST00000357227.9:c.463-3C>T,,ENST00000357227,NP_006192.1,,,,,splice,splice_region_variant;splice_polypyrimidine_tract_variant;intron_variant,,,,,,,,,,,none,,,,,0.0,0.0,0.0,0.0,0.0,0.0,0.75,11.25
rs1937509777,Ensembl VEP (dbSNP),rs1937509777,rs1937509777,,X,47224827.0,C,G,rs1937509777,ENST00000357227.9:c.463-7C>G,,ENST00000357227,NP_006192.1,,,,,splice,splice_region_variant;splice_polypyrimidine_tract_variant;intron_variant,,,,,,,,,,,none,,,,,0.0,0.0,0.0,0.0,0.0,0.0,0.75,11.25
rs1937509598,Ensembl VEP (dbSNP),rs1937509598,rs1937509598,,X,47224802.0,G,C,rs1937509598,ENST00000357227.9:c.463-32G>C,,ENST00000357227,NP_006192.1,,,,,other,intron_variant,,,,,,,,,,,none,,,,,0.0,0.0,0.0,0.0,0.0,0.0,0.75,11.25
rs1937509479,Ensembl VEP (dbSNP),rs1937509479,rs1937509479,,X,47224801.0,A,G,rs1937509479,ENST00000357227.9:c.463-33A>G,,ENST00000357227,NP_006192.1,,,,,other,intron_variant,,,,,,,,,,,none,,,,,0.0,0.0,0.0,0.0,0.0,0.0,0.75,11.25
rs1937508858,Ensembl VEP (dbSNP),rs1937508858,rs1937508858,,X,47224791.0,C,G,rs1937508858,ENST00000357227.9:c.463-43C>G,,ENST00000357227,NP_006192.1,,,,,other,intron_variant,,,,,,,,,,,none,,,,,0.0,0.0,0.0,0.0,0.0,0.0,0.75,11.25
rs1937508649,Ensembl VEP (dbSNP),rs1937508649,rs1937508649,,X,47224783.0,T,C,rs1937508649,ENST00000357227.9:c.462+40T>C,,ENST00000357227,NP_006192.1,,,,,other,intron_variant,,,,,,,,,,,none,,,,,0.0,0.0,0.0,0.0,0.0,0.0,0.75,11.25
rs1937507767,Ensembl VEP (dbSNP),rs1937507767,rs1937507767,,X,47224772.0,-,A,rs1937507767,ENST00000357227.9:c.462+28_462+29insA,,ENST00000357227,NP_006192.1,,,,,other,intron_variant,,,,,,,,,,,none,,,,,0.0,0.0,0.0,0.0,0.0,0.0,0.75,11.25
rs1937506353,Ensembl VEP (dbSNP),rs1937506353,rs1937506353,,X,47224752.0,C,T,rs1937506353,ENST00000357227.9:c.462+9C>T,,ENST00000357227,NP_006192.1,,,,,other,intron_variant,,,,,,,,,,,none,,,,,0.0,0.0,0.0,0.0,0.0,0.0,0.75,11.25
rs1937505364,Ensembl VEP (dbSNP),rs1937505364,rs1937505364,,X,47224727.0,T,A,rs1937505364,ENST00000357227.9:c.446T>A,ENSP00000349762.4:p.Leu149His,ENST00000357227,NP_006192.1,149.0,L,H,L149H,missense,missense_variant,,,,,,0.0,deleterious_low_confidence,0.772,possibly_damaging,,none,1.0,2.0,0.745,PATHOGENIC,0.0,0.745,1.0,0.0,0.0,0.0,1.0,41.17
rs1937505054,Ensembl VEP (dbSNP),rs1937505054,rs1937505054,,X,47224716.0,C,T,rs1937505054,ENST00000357227.9:c.435C>T,ENSP00000349762.4:p.Leu145=,ENST00000357227,NP_006192.1,145.0,,,,synonymous,synonymous_variant,,,,,,,,,,,binding_site,1.0,2.0,,,0.0,0.0,1.0,0.5,0.0,0.0,1.0,37.5
rs1937503761,Ensembl VEP (dbSNP),rs1937503761,rs1937503761,,X,47224671.0,C,T,rs1937503761,ENST00000357227.9:c.390C>T,ENSP00000349762.4:p.Tyr130=,ENST00000357227,NP_006192.1,130.0,,,,synonymous,synonymous_variant,,,,,,,,,,,none,1.0,2.0,,,0.0,0.0,1.0,0.0,0.0,0.0,1.0,30.0
rs1937502172,Ensembl VEP (dbSNP),rs1937502172,rs1937502172,,X,47224631.0,G,A,rs1937502172,ENST00000357227.9:c.350G>A,ENSP00000349762.4:p.Arg117His,ENST00000357227,NP_006192.1,117.0,R,H,R117H,missense,missense_variant,,,,,,0.05,deleterious_low_confidence,0.999,probably_damaging,,none,1.0,2.0,0.9653,PATHOGENIC,0.0,0.9653,1.0,0.0,0.0,0.0,1.0,44.48
rs1937501991,Ensembl VEP (dbSNP),rs1937501991,rs1937501991,,X,47224622.0,T,C,rs1937501991,ENST00000357227.9:c.341T>C,ENSP00000349762.4:p.Ile114Thr,ENST00000357227,NP_006192.1,114.0,I,T,I114T,missense,missense_variant,,,,,,0.0,deleterious_low_confidence,0.182,benign,,none,1.0,2.0,0.9601,PATHOGENIC,0.0,0.9601,1.0,0.0,0.0,0.0,1.0,44.4
rs1937501496,Ensembl VEP (dbSNP),rs1937501496,rs1937501496,,X,47224608.0,TACCT,-,rs1937501496,ENST00000357227.9:c.337-10_337-6del,,ENST00000357227,NP_006192.1,,,,,splice,splice_region_variant;splice_polypyrimidine_tract_variant;intron_variant,,,,,,,,,,,none,,,,,0.0,0.0,0.0,0.0,0.0,0.0,0.75,11.25
rs1937501156,Ensembl VEP (dbSNP),rs1937501156,rs1937501156,,X,47224600.0,-,CCCCA,rs1937501156,ENST00000357227.9:c.337-19_337-18insCCCCA,,ENST00000357227,NP_006192.1,,,,,other,intron_variant,,,,,,,,,,,none,,,,,0.0,0.0,0.0,0.0,0.0,0.0,0.75,11.25
rs1937500651,Ensembl VEP (dbSNP),rs1937500651,rs1937500651,,X,47224583.0,T,G,rs1937500651,ENST00000357227.9:c.337-35T>G,,ENST00000357227,NP_006192.1,,,,,other,intron_variant,,,,,,,,,,,none,,,,,0.0,0.0,0.0,0.0,0.0,0.0,0.75,11.25
rs1937499506,Ensembl VEP (dbSNP),rs1937499506,rs1937499506,,X,47224573.0,G,-,rs1937499506,ENST00000357227.9:c.337-45del,,ENST00000357227,NP_006192.1,,,,,other,intron_variant,,,,,,,,,,,none,,,,,0.0,0.0,0.0,0.0,0.0,0.0,0.75,11.25
rs1937499160,Ensembl VEP (dbSNP),rs1937499160,rs1937499160,,X,47224561.0,G,A,rs1937499160,ENST00000357227.9:c.336+43G>A,,ENST00000357227,NP_006192.1,,,,,other,intron_variant,,,,,,,,,,,none,,,,,0.0,0.0,0.0,0.0,0.0,0.0,0.75,11.25
rs1937498789,Ensembl VEP (dbSNP),rs1937498789,rs1937498789,,X,47224559.0,G,A,rs1937498789,ENST00000357227.9:c.336+41G>A,,ENST00000357227,NP_006192.1,,,,,other,intron_variant,,,,,,,,,,,none,,,,,0.0,0.0,0.0,0.0,0.0,0.0,0.75,11.25
rs1937497722,Ensembl VEP (dbSNP),rs1937497722,rs1937497722,,X,47224540.0,G,C,rs1937497722,ENST00000357227.9:c.336+22G>C,,ENST00000357227,NP_006192.1,,,,,other,intron_variant,,,,,,,,,,,none,,,,,0.0,0.0,0.0,0.0,0.0,0.0,0.75,11.25
rs1937497529,Ensembl VEP (dbSNP),rs1937497529,rs1937497529,,X,47224540.0,G,-,rs1937497529,ENST00000357227.9:c.336+22del,,ENST00000357227,NP_006192.1,,,,,other,intron_variant,,,,,,,,,,,none,,,,,0.0,0.0,0.0,0.0,0.0,0.0,0.75,11.25
rs1937496927,Ensembl VEP (dbSNP),rs1937496927,rs1937496927,,X,47224531.0,-,CT,rs1937496927,ENST00000357227.9:c.336+12_336+13insCT,,ENST00000357227,NP_006192.1,,,,,other,intron_variant,,,,,,,,,,,none,,,,,0.0,0.0,0.0,0.0,0.0,0.0,0.75,11.25
rs1937496227,Ensembl VEP (dbSNP),rs1937496227,rs1937496227,,X,47224521.0,G,A,rs1937496227,ENST00000357227.9:c.336+3G>A,,ENST00000357227,NP_006192.1,,,,,splice,splice_donor_region_variant;intron_variant,,,,,,,,,,,none,,,,,0.0,0.0,0.0,0.0,0.0,0.0,0.75,11.25
rs1937494376,Ensembl VEP (dbSNP),rs1937494376,rs1937494376,,X,47224486.0,C,T,rs1937494376,ENST00000357227.9:c.304C>T,ENSP00000349762.4:p.Arg102Cys,ENST00000357227,NP_006192.1,102.0,R,C,R102C,missense,missense_variant,,,,,,0.0,deleterious_low_confidence,0.838,possibly_damaging,,none,1.0,2.0,0.8868,PATHOGENIC,0.0,0.8868,1.0,0.0,0.0,0.0,1.0,43.3
rs1937493695,Ensembl VEP (dbSNP),rs1937493695,rs1937493695,,X,47224453.0,G,A,rs1937493695,ENST00000357227.9:c.271G>A,ENSP00000349762.4:p.Asp91Asn,ENST00000357227,NP_006192.1,91.0,D,N,D91N,missense,missense_variant,,,,,,0.03,deleterious_low_confidence,0.651,possibly_damaging,Disordered,none,1.0,2.0,0.8752,PATHOGENIC,0.0,0.8752,1.0,0.25,0.3,0.0,1.0,49.88
rs1937493515,Ensembl VEP (dbSNP),rs1937493515,rs1937493515,,X,47224452.0,G,A,rs1937493515,ENST00000357227.9:c.270G>A,ENSP00000349762.4:p.Ser90=,ENST00000357227,NP_006192.1,90.0,,,,synonymous,synonymous_variant,,,,,,,,,,Disordered,none,1.0,2.0,,,0.0,0.0,1.0,0.25,0.3,0.0,1.0,36.75
rs1937492241,Ensembl VEP (dbSNP),rs1937492241,rs1937492241,,X,47224422.0,G,A,rs1937492241,ENST00000357227.9:c.240G>A,ENSP00000349762.4:p.Gly80=,ENST00000357227,NP_006192.1,80.0,,,,synonymous,synonymous_variant,,,,,,,,,,Disordered,none,1.0,2.0,,,0.0,0.0,1.0,0.25,0.3,0.0,1.0,36.75
rs1937492063,Ensembl VEP (dbSNP),rs1937492063,rs1937492063,,X,47224416.0,T,G,rs1937492063,ENST00000357227.9:c.234T>G,ENSP00000349762.4:p.Ser78=,ENST00000357227,NP_006192.1,78.0,,,,synonymous,synonymous_variant,,,,,,,,,,Disordered,none,1.0,2.0,,,0.0,0.0,1.0,0.25,0.3,0.0,1.0,36.75
rs1937491674,Ensembl VEP (dbSNP),rs1937491674,rs1937491674,,X,47224411.0,G,A,rs1937491674,ENST00000357227.9:c.229G>A,ENSP00000349762.4:p.Gly77Arg,ENST00000357227,NP_006192.1,77.0,G,R,G77R,missense,missense_variant,,,,,,0.0,deleterious_low_confidence,0.94,probably_damaging,Disordered,none,1.0,2.0,0.9445,PATHOGENIC,0.0,0.9445,1.0,0.25,0.3,0.0,1.0,50.92
rs1937490638,Ensembl VEP (dbSNP),rs1937490638,rs1937490638,1012864,X,47224391.0,T,C,rs1937490638,ENST00000357227.9:c.209T>C,ENSP00000349762.4:p.Val70Ala,ENST00000357227,NP_006192.1,70.0,V,A,V70A,missense,missense_variant,Uncertain significance,"criteria provided, single submitter",not provided,,,0.05,deleterious_low_confidence,0.323,benign,Disordered,none,1.0,2.0,0.7907,PATHOGENIC,0.6,0.7907,1.0,0.25,0.3,0.0,1.0,60.61
rs1937490138,Ensembl VEP (dbSNP),rs1937490138,rs1937490138,,X,47224371.0,C,T,rs1937490138,ENST00000357227.9:c.203-14C>T,,ENST00000357227,NP_006192.1,,,,,splice,splice_polypyrimidine_tract_variant;intron_variant,,,,,,,,,,,none,,,,,0.0,0.0,0.0,0.0,0.0,0.0,0.75,11.25
rs1937489444,Ensembl VEP (dbSNP),rs1937489444,rs1937489444,,X,47224368.0,-,TACC,rs1937489444,ENST00000357227.9:c.203-21_203-18dup,,ENST00000357227,NP_006192.1,,,,,splice,splice_polypyrimidine_tract_variant;intron_variant,,,,,,,,,,,none,,,,,0.0,0.0,0.0,0.0,0.0,0.0,0.75,11.25
rs1937488738,Ensembl VEP (dbSNP),rs1937488738,rs1937488738,,X,47224358.0,C,-,rs1937488738,ENST00000357227.9:c.203-27del,,ENST00000357227,NP_006192.1,,,,,other,intron_variant,,,,,,,,,,,none,,,,,0.0,0.0,0.0,0.0,0.0,0.0,0.75,11.25
rs1937488195,Ensembl VEP (dbSNP),rs1937488195,rs1937488195,,X,47224355.0,G,A,rs1937488195,ENST00000357227.9:c.203-30G>A,,ENST00000357227,NP_006192.1,,,,,other,intron_variant,,,,,,,,,,,none,,,,,0.0,0.0,0.0,0.0,0.0,0.0,0.75,11.25
rs1937487262,Ensembl VEP (dbSNP),rs1937487262,rs1937487262,,X,47224346.0,A,G,rs1937487262,ENST00000357227.9:c.203-39A>G,,ENST00000357227,NP_006192.1,,,,,other,intron_variant,,,,,,,,,,,none,,,,,0.0,0.0,0.0,0.0,0.0,0.0,0.75,11.25
rs1937486287,Ensembl VEP (dbSNP),rs1937486287,rs1937486287,,X,47224336.0,G,A,rs1937486287,ENST00000357227.9:c.203-49G>A,,ENST00000357227,NP_006192.1,,,,,other,intron_variant,,,,,,,,,,,none,,,,,0.0,0.0,0.0,0.0,0.0,0.0,0.75,11.25
rs1937486017,Ensembl VEP (dbSNP),rs1937486017,rs1937486017,,X,47224334.0,C,T,rs1937486017,ENST00000357227.9:c.203-51C>T,,ENST00000357227,NP_006192.1,,,,,other,intron_variant,,,,,,,,,,,none,,,,,0.0,0.0,0.0,0.0,0.0,0.0,0.75,11.25
rs1937485120,Ensembl VEP (dbSNP),rs1937485120,rs1937485120,,X,47224328.0,G,A,rs1937485120,ENST00000357227.9:c.203-57G>A,,ENST00000357227,NP_006192.1,,,,,other,intron_variant,,,,,,,,,,,none,,,,,0.0,0.0,0.0,0.0,0.0,0.0,0.75,11.25
rs1937482476,Ensembl VEP (dbSNP),rs1937482476,rs1937482476,,X,47224304.0,T,C,rs1937482476,ENST00000357227.9:c.203-81T>C,,ENST00000357227,NP_006192.1,,,,,other,intron_variant,,,,,,,,,,,none,,,,,0.0,0.0,0.0,0.0,0.0,0.0,0.75,11.25
rs1937482105,Ensembl VEP (dbSNP),rs1937482105,rs1937482105,,X,47224301.0,T,C,rs1937482105,ENST00000357227.9:c.203-84T>C,,ENST00000357227,NP_006192.1,,,,,other,intron_variant,,,,,,,,,,,none,,,,,0.0,0.0,0.0,0.0,0.0,0.0,0.75,11.25
rs1937481805,Ensembl VEP (dbSNP),rs1937481805,rs1937481805,,X,47224294.0,T,C,rs1937481805,ENST00000357227.9:c.203-91T>C,,ENST00000357227,NP_006192.1,,,,,other,intron_variant,,,,,,,,,,,none,,,,,0.0,0.0,0.0,0.0,0.0,0.0,0.75,11.25
rs1937481028,Ensembl VEP (dbSNP),rs1937481028,rs1937481028,,X,47224292.0,-,A,rs1937481028,ENST00000357227.9:c.203-94dup,,ENST00000357227,NP_006192.1,,,,,other,intron_variant,,,,,,,,,,,none,,,,,0.0,0.0,0.0,0.0,0.0,0.0,0.75,11.25
rs1937480756,Ensembl VEP (dbSNP),rs1937480756,rs1937480756,,X,47224291.0,A,T,rs1937480756,ENST00000357227.9:c.203-94A>T,,ENST00000357227,NP_006192.1,,,,,other,intron_variant,,,,,,,,,,,none,,,,,0.0,0.0,0.0,0.0,0.0,0.0,0.75,11.25
rs1937480497,Ensembl VEP (dbSNP),rs1937480497,rs1937480497,,X,47224287.0,-,T,rs1937480497,ENST00000357227.9:c.203-99dup,,ENST00000357227,NP_006192.1,,,,,other,intron_variant,,,,,,,,,,,none,,,,,0.0,0.0,0.0,0.0,0.0,0.0,0.75,11.25
rs1937479669,Ensembl VEP (dbSNP),rs1937479669,rs1937479669,,X,47224284.0,CGTGCAC,-,rs1937479669,ENST00000357227.9:c.203-101_203-95del,,ENST00000357227,NP_006192.1,,,,,other,intron_variant,,,,,,,,,,,none,,,,,0.0,0.0,0.0,0.0,0.0,0.0,0.75,11.25
rs1937478950,Ensembl VEP (dbSNP),rs1937478950,rs1937478950,,X,47224281.0,-,AATT,rs1937478950,ENST00000357227.9:c.203-105_203-104insAATT,,ENST00000357227,NP_006192.1,,,,,other,intron_variant,,,,,,,,,,,none,,,,,0.0,0.0,0.0,0.0,0.0,0.0,0.75,11.25
rs1937478702,Ensembl VEP (dbSNP),rs1937478702,rs1937478702,,X,47224279.0,-,ATGAT,rs1937478702,ENST00000357227.9:c.203-107_203-106insATGAT,,ENST00000357227,NP_006192.1,,,,,other,intron_variant,,,,,,,,,,,none,,,,,0.0,0.0,0.0,0.0,0.0,0.0,0.75,11.25
rs1937478401,Ensembl VEP (dbSNP),rs1937478401,rs1937478401,,X,47224277.0,G,T,rs1937478401,ENST00000357227.9:c.203-108G>T,,ENST00000357227,NP_006192.1,,,,,other,intron_variant,,,,,,,,,,,none,,,,,0.0,0.0,0.0,0.0,0.0,0.0,0.75,11.25
rs1937477862,Ensembl VEP (dbSNP),rs1937477862,rs1937477862,,X,47224269.0,T,A,rs1937477862,ENST00000357227.9:c.203-116T>A,,ENST00000357227,NP_006192.1,,,,,other,intron_variant,,,,,,,,,,,none,,,,,0.0,0.0,0.0,0.0,0.0,0.0,0.75,11.25
rs1937477594,Ensembl VEP (dbSNP),rs1937477594,rs1937477594,,X,47224264.0,C,T,rs1937477594,ENST00000357227.9:c.203-121C>T,,ENST00000357227,NP_006192.1,,,,,other,intron_variant,,,,,,,,,,,none,,,,,0.0,0.0,0.0,0.0,0.0,0.0,0.75,11.25
rs1937476754,Ensembl VEP (dbSNP),rs1937476754,rs1937476754,,X,47224255.0,G,A,rs1937476754,ENST00000357227.9:c.203-130G>A,,ENST00000357227,NP_006192.1,,,,,other,intron_variant,,,,,,,,,,,none,,,,,0.0,0.0,0.0,0.0,0.0,0.0,0.75,11.25
rs1937476066,Ensembl VEP (dbSNP),rs1937476066,rs1937476066,,X,47224246.0,C,A,rs1937476066,ENST00000357227.9:c.203-139C>A,,ENST00000357227,NP_006192.1,,,,,other,intron_variant,,,,,,,,,,,none,,,,,0.0,0.0,0.0,0.0,0.0,0.0,0.75,11.25
rs1937475786,Ensembl VEP (dbSNP),rs1937475786,rs1937475786,,X,47224239.0,A,C,rs1937475786,ENST00000357227.9:c.203-146A>C,,ENST00000357227,NP_006192.1,,,,,other,intron_variant,,,,,,,,,,,none,,,,,0.0,0.0,0.0,0.0,0.0,0.0,0.75,11.25
rs1937475495,Ensembl VEP (dbSNP),rs1937475495,rs1937475495,,X,47224232.0,C,T,rs1937475495,ENST00000357227.9:c.203-153C>T,,ENST00000357227,NP_006192.1,,,,,other,intron_variant,,,,,,,,,,,none,,,,,0.0,0.0,0.0,0.0,0.0,0.0,0.75,11.25
rs1937475012,Ensembl VEP (dbSNP),rs1937475012,rs1937475012,,X,47224229.0,G,A,rs1937475012,ENST00000357227.9:c.203-156G>A,,ENST00000357227,NP_006192.1,,,,,other,intron_variant,,,,,,,,,,,none,,,,,0.0,0.0,0.0,0.0,0.0,0.0,0.75,11.25
rs1937474828,Ensembl VEP (dbSNP),rs1937474828,rs1937474828,,X,47224219.0,G,C,rs1937474828,ENST00000357227.9:c.203-166G>C,,ENST00000357227,NP_006192.1,,,,,other,intron_variant,,,,,,,,,,,none,,,,,0.0,0.0,0.0,0.0,0.0,0.0,0.75,11.25
rs1937474100,Ensembl VEP (dbSNP),rs1937474100,rs1937474100,,X,47224191.0,C,G,rs1937474100,ENST00000357227.9:c.203-194C>G,,ENST00000357227,NP_006192.1,,,,,other,intron_variant,,,,,,,,,,,none,,,,,0.0,0.0,0.0,0.0,0.0,0.0,0.75,11.25
rs1937473872,Ensembl VEP (dbSNP),rs1937473872,rs1937473872,,X,47224189.0,C,A,rs1937473872,ENST00000357227.9:c.203-196C>A,,ENST00000357227,NP_006192.1,,,,,other,intron_variant,,,,,,,,,,,none,,,,,0.0,0.0,0.0,0.0,0.0,0.0,0.75,11.25
rs1937473515,Ensembl VEP (dbSNP),rs1937473515,rs1937473515,,X,47224186.0,C,T,rs1937473515,ENST00000357227.9:c.203-199C>T,,ENST00000357227,NP_006192.1,,,,,other,intron_variant,,,,,,,,,,,none,,,,,0.0,0.0,0.0,0.0,0.0,0.0,0.75,11.25
rs1937473343,Ensembl VEP (dbSNP),rs1937473343,rs1937473343,,X,47224184.0,C,T,rs1937473343,ENST00000357227.9:c.203-201C>T,,ENST00000357227,NP_006192.1,,,,,other,intron_variant,,,,,,,,,,,none,,,,,0.0,0.0,0.0,0.0,0.0,0.0,0.75,11.25
rs1937473182,Ensembl VEP (dbSNP),rs1937473182,rs1937473182,,X,47224183.0,C,T,rs1937473182,ENST00000357227.9:c.203-202C>T,,ENST00000357227,NP_006192.1,,,,,other,intron_variant,,,,,,,,,,,none,,,,,0.0,0.0,0.0,0.0,0.0,0.0,0.75,11.25
rs1937472809,Ensembl VEP (dbSNP),rs1937472809,rs1937472809,,X,47224177.0,T,C,rs1937472809,ENST00000357227.9:c.203-208T>C,,ENST00000357227,NP_006192.1,,,,,other,intron_variant,,,,,,,,,,,none,,,,,0.0,0.0,0.0,0.0,0.0,0.0,0.75,11.25
rs1937471714,Ensembl VEP (dbSNP),rs1937471714,rs1937471714,,X,47224141.0,C,G,rs1937471714,ENST00000357227.9:c.203-244C>G,,ENST00000357227,NP_006192.1,,,,,other,intron_variant,,,,,,,,,,,none,,,,,0.0,0.0,0.0,0.0,0.0,0.0,0.75,11.25
rs1937471319,Ensembl VEP (dbSNP),rs1937471319,rs1937471319,,X,47224139.0,A,G,rs1937471319,ENST00000357227.9:c.203-246A>G,,ENST00000357227,NP_006192.1,,,,,other,intron_variant,,,,,,,,,,,none,,,,,0.0,0.0,0.0,0.0,0.0,0.0,0.75,11.25
rs1937470978,Ensembl VEP (dbSNP),rs1937470978,rs1937470978,,X,47224134.0,A,T,rs1937470978,ENST00000357227.9:c.203-251A>T,,ENST00000357227,NP_006192.1,,,,,other,intron_variant,,,,,,,,,,,none,,,,,0.0,0.0,0.0,0.0,0.0,0.0,0.75,11.25
rs1937470811,Ensembl VEP (dbSNP),rs1937470811,rs1937470811,,X,47224133.0,G,T,rs1937470811,ENST00000357227.9:c.203-252G>T,,ENST00000357227,NP_006192.1,,,,,other,intron_variant,,,,,,,,,,,none,,,,,0.0,0.0,0.0,0.0,0.0,0.0,0.75,11.25
rs1937470119,Ensembl VEP (dbSNP),rs1937470119,rs1937470119,,X,47224119.0,T,C,rs1937470119,ENST00000357227.9:c.203-266T>C,,ENST00000357227,NP_006192.1,,,,,other,intron_variant,,,,,,,,,,,none,,,,,0.0,0.0,0.0,0.0,0.0,0.0,0.75,11.25
rs1937469607,Ensembl VEP (dbSNP),rs1937469607,rs1937469607,,X,47224106.0,C,T,rs1937469607,ENST00000357227.9:c.203-279C>T,,ENST00000357227,NP_006192.1,,,,,other,intron_variant,,,,,,,,,,,none,,,,,0.0,0.0,0.0,0.0,0.0,0.0,0.75,11.25
rs1937469428,Ensembl VEP (dbSNP),rs1937469428,rs1937469428,,X,47224105.0,C,T,rs1937469428,ENST00000357227.9:c.203-280C>T,,ENST00000357227,NP_006192.1,,,,,other,intron_variant,,,,,,,,,,,none,,,,,0.0,0.0,0.0,0.0,0.0,0.0,0.75,11.25
rs1937468155,Ensembl VEP (dbSNP),rs1937468155,rs1937468155,,X,47224080.0,C,T,rs1937468155,ENST00000357227.9:c.203-305C>T,,ENST00000357227,NP_006192.1,,,,,other,intron_variant,,,,,,,,,,,none,,,,,0.0,0.0,0.0,0.0,0.0,0.0,0.75,11.25
rs1937467818,Ensembl VEP (dbSNP),rs1937467818,rs1937467818,,X,47224072.0,G,C,rs1937467818,ENST00000357227.9:c.202+313G>C,,ENST00000357227,NP_006192.1,,,,,other,intron_variant,,,,,,,,,,,none,,,,,0.0,0.0,0.0,0.0,0.0,0.0,0.75,11.25
rs1937467627,Ensembl VEP (dbSNP),rs1937467627,rs1937467627,,X,47224069.0,C,T,rs1937467627,ENST00000357227.9:c.202+310C>T,,ENST00000357227,NP_006192.1,,,,,other,intron_variant,,,,,,,,,,,none,,,,,0.0,0.0,0.0,0.0,0.0,0.0,0.75,11.25
rs1937467291,Ensembl VEP (dbSNP),rs1937467291,rs1937467291,,X,47224056.0,CCTCTGGT,-,rs1937467291,ENST00000357227.9:c.202+297_202+304del,,ENST00000357227,NP_006192.1,,,,,other,intron_variant,,,,,,,,,,,none,,,,,0.0,0.0,0.0,0.0,0.0,0.0,0.75,11.25
rs1937466373,Ensembl VEP (dbSNP),rs1937466373,rs1937466373,,X,47224039.0,A,G,rs1937466373,ENST00000357227.9:c.202+280A>G,,ENST00000357227,NP_006192.1,,,,,other,intron_variant,,,,,,,,,,,none,,,,,0.0,0.0,0.0,0.0,0.0,0.0,0.75,11.25
rs1937466007,Ensembl VEP (dbSNP),rs1937466007,rs1937466007,,X,47224033.0,C,T,rs1937466007,ENST00000357227.9:c.202+274C>T,,ENST00000357227,NP_006192.1,,,,,other,intron_variant,,,,,,,,,,,none,,,,,0.0,0.0,0.0,0.0,0.0,0.0,0.75,11.25
rs1937465659,Ensembl VEP (dbSNP),rs1937465659,rs1937465659,,X,47224019.0,C,T,rs1937465659,ENST00000357227.9:c.202+260C>T,,ENST00000357227,NP_006192.1,,,,,other,intron_variant,,,,,,,,,,,none,,,,,0.0,0.0,0.0,0.0,0.0,0.0,0.75,11.25
rs1937465305,Ensembl VEP (dbSNP),rs1937465305,rs1937465305,,X,47224007.0,G,A,rs1937465305,ENST00000357227.9:c.202+248G>A,,ENST00000357227,NP_006192.1,,,,,other,intron_variant,,,,,,,,,,,none,,,,,0.0,0.0,0.0,0.0,0.0,0.0,0.75,11.25
rs1937465145,Ensembl VEP (dbSNP),rs1937465145,rs1937465145,,X,47224025.0,-,TCACAGCTGCCCCAAGGCTCCCTCTG,rs1937465145,ENST00000357227.9:c.202+240_202+265dup,,ENST00000357227,NP_006192.1,,,,,other,intron_variant,,,,,,,,,,,none,,,,,0.0,0.0,0.0,0.0,0.0,0.0,0.75,11.25
rs1937464966,Ensembl VEP (dbSNP),rs1937464966,rs1937464966,,X,47223993.0,-,GGTCATTTATTCTGGACA,rs1937464966,ENST00000357227.9:c.202+233_202+234insGGTCATTTATTCTGGACA,,ENST00000357227,NP_006192.1,,,,,other,intron_variant,,,,,,,,,,,none,,,,,0.0,0.0,0.0,0.0,0.0,0.0,0.75,11.25
rs1937464410,Ensembl VEP (dbSNP),rs1937464410,rs1937464410,,X,47223975.0,G,C,rs1937464410,ENST00000357227.9:c.202+216G>C,,ENST00000357227,NP_006192.1,,,,,other,intron_variant,,,,,,,,,,,none,,,,,0.0,0.0,0.0,0.0,0.0,0.0,0.75,11.25
rs1937463369,Ensembl VEP (dbSNP),rs1937463369,rs1937463369,,X,47223945.0,C,T,rs1937463369,ENST00000357227.9:c.202+186C>T,,ENST00000357227,NP_006192.1,,,,,other,intron_variant,,,,,,,,,,,none,,,,,0.0,0.0,0.0,0.0,0.0,0.0,0.75,11.25
rs1937463181,Ensembl VEP (dbSNP),rs1937463181,rs1937463181,,X,47223943.0,C,G,rs1937463181,ENST00000357227.9:c.202+184C>G,,ENST00000357227,NP_006192.1,,,,,other,intron_variant,,,,,,,,,,,none,,,,,0.0,0.0,0.0,0.0,0.0,0.0,0.75,11.25
rs1937460554,Ensembl VEP (dbSNP),rs1937460554,rs1937460554,,X,47223912.0,A,G,rs1937460554,ENST00000357227.9:c.202+153A>G,,ENST00000357227,NP_006192.1,,,,,other,intron_variant,,,,,,,,,,,none,,,,,0.0,0.0,0.0,0.0,0.0,0.0,0.75,11.25
rs1937460397,Ensembl VEP (dbSNP),rs1937460397,rs1937460397,,X,47223909.0,T,C,rs1937460397,ENST00000357227.9:c.202+150T>C,,ENST00000357227,NP_006192.1,,,,,other,intron_variant,,,,,,,,,,,none,,,,,0.0,0.0,0.0,0.0,0.0,0.0,0.75,11.25
rs1937459848,Ensembl VEP (dbSNP),rs1937459848,rs1937459848,,X,47223901.0,A,C,rs1937459848,ENST00000357227.9:c.202+142A>C,,ENST00000357227,NP_006192.1,,,,,other,intron_variant,,,,,,,,,,,none,,,,,0.0,0.0,0.0,0.0,0.0,0.0,0.75,11.25
rs1937459496,Ensembl VEP (dbSNP),rs1937459496,rs1937459496,,X,47223892.0,T,C,rs1937459496,ENST00000357227.9:c.202+133T>C,,ENST00000357227,NP_006192.1,,,,,other,intron_variant,,,,,,,,,,,none,,,,,0.0,0.0,0.0,0.0,0.0,0.0,0.75,11.25
rs1937459148,Ensembl VEP (dbSNP),rs1937459148,rs1937459148,,X,47223887.0,C,A,rs1937459148,ENST00000357227.9:c.202+128C>A,,ENST00000357227,NP_006192.1,,,,,other,intron_variant,,,,,,,,,,,none,,,,,0.0,0.0,0.0,0.0,0.0,0.0,0.75,11.25
rs1937458983,Ensembl VEP (dbSNP),rs1937458983,rs1937458983,,X,47223886.0,T,A,rs1937458983,ENST00000357227.9:c.202+127T>A,,ENST00000357227,NP_006192.1,,,,,other,intron_variant,,,,,,,,,,,none,,,,,0.0,0.0,0.0,0.0,0.0,0.0,0.75,11.25
rs1937458756,Ensembl VEP (dbSNP),rs1937458756,rs1937458756,,X,47223880.0,C,G,rs1937458756,ENST00000357227.9:c.202+121C>G,,ENST00000357227,NP_006192.1,,,,,other,intron_variant,,,,,,,,,,,none,,,,,0.0,0.0,0.0,0.0,0.0,0.0,0.75,11.25
rs1937458225,Ensembl VEP (dbSNP),rs1937458225,rs1937458225,,X,47223875.0,G,C,rs1937458225,ENST00000357227.9:c.202+116G>C,,ENST00000357227,NP_006192.1,,,,,other,intron_variant,,,,,,,,,,,none,,,,,0.0,0.0,0.0,0.0,0.0,0.0,0.75,11.25
rs1937456789,Ensembl VEP (dbSNP),rs1937456789,rs1937456789,,X,47223867.0,C,G,rs1937456789,ENST00000357227.9:c.202+108C>G,,ENST00000357227,NP_006192.1,,,,,other,intron_variant,,,,,,,,,,,none,,,,,0.0,0.0,0.0,0.0,0.0,0.0,0.75,11.25
rs1937456598,Ensembl VEP (dbSNP),rs1937456598,rs1937456598,,X,47223864.0,C,G,rs1937456598,ENST00000357227.9:c.202+105C>G,,ENST00000357227,NP_006192.1,,,,,other,intron_variant,,,,,,,,,,,none,,,,,0.0,0.0,0.0,0.0,0.0,0.0,0.75,11.25
rs1937456255,Ensembl VEP (dbSNP),rs1937456255,rs1937456255,,X,47223850.0,T,C,rs1937456255,ENST00000357227.9:c.202+91T>C,,ENST00000357227,NP_006192.1,,,,,other,intron_variant,,,,,,,,,,,none,,,,,0.0,0.0,0.0,0.0,0.0,0.0,0.75,11.25
rs1937455850,Ensembl VEP (dbSNP),rs1937455850,rs1937455850,,X,47223841.0,C,T,rs1937455850,ENST00000357227.9:c.202+82C>T,,ENST00000357227,NP_006192.1,,,,,other,intron_variant,,,,,,,,,,,none,,,,,0.0,0.0,0.0,0.0,0.0,0.0,0.75,11.25
rs1937454682,Ensembl VEP (dbSNP),rs1937454682,rs1937454682,,X,47223820.0,C,G,rs1937454682,ENST00000357227.9:c.202+61C>G,,ENST00000357227,NP_006192.1,,,,,other,intron_variant,,,,,,,,,,,none,,,,,0.0,0.0,0.0,0.0,0.0,0.0,0.75,11.25
rs1937454003,Ensembl VEP (dbSNP),rs1937454003,rs1937454003,,X,47223801.0,T,-,rs1937454003,ENST00000357227.9:c.202+42del,,ENST00000357227,NP_006192.1,,,,,other,intron_variant,,,,,,,,,,,none,,,,,0.0,0.0,0.0,0.0,0.0,0.0,0.75,11.25
rs1937453814,Ensembl VEP (dbSNP),rs1937453814,rs1937453814,,X,47223800.0,C,A,rs1937453814,ENST00000357227.9:c.202+41C>A,,ENST00000357227,NP_006192.1,,,,,other,intron_variant,,,,,,,,,,,none,,,,,0.0,0.0,0.0,0.0,0.0,0.0,0.75,11.25
rs1937451847,Ensembl VEP (dbSNP),rs1937451847,rs1937451847,,X,47223779.0,C,T,rs1937451847,ENST00000357227.9:c.202+20C>T,,ENST00000357227,NP_006192.1,,,,,other,intron_variant,,,,,,,,,,,none,,,,,0.0,0.0,0.0,0.0,0.0,0.0,0.75,11.25
rs1937451042,Ensembl VEP (dbSNP),rs1937451042,rs1937451042,,X,47223775.0,A,G,rs1937451042,ENST00000357227.9:c.202+16A>G,,ENST00000357227,NP_006192.1,,,,,other,intron_variant,,,,,,,,,,,none,,,,,0.0,0.0,0.0,0.0,0.0,0.0,0.75,11.25
rs1937449743,Ensembl VEP (dbSNP),rs1937449743,rs1937449743,,X,47223742.0,C,T,rs1937449743,ENST00000357227.9:c.185C>T,ENSP00000349762.4:p.Pro62Leu,ENST00000357227,NP_006192.1,62.0,P,L,P62L,missense,missense_variant,,,,,,0.14,tolerated_low_confidence,0.005,benign,Disordered,none,1.0,2.0,0.0756,BENIGN,0.0,0.0756,1.0,0.25,0.3,0.0,1.0,37.88
rs1937448795,Ensembl VEP (dbSNP),rs1937448795,rs1937448795,,X,47223728.0,T,C,rs1937448795,ENST00000357227.9:c.171T>C,ENSP00000349762.4:p.Arg57=,ENST00000357227,NP_006192.1,57.0,,,,synonymous,synonymous_variant,,,,,,,,,,Disordered,none,1.0,2.0,,,0.0,0.0,1.0,0.25,0.3,0.0,1.0,36.75
rs1937447716,Ensembl VEP (dbSNP),rs1937447716,rs1937447716,,X,47223714.0,C,T,rs1937447716,ENST00000357227.9:c.157C>T,ENSP00000349762.4:p.Pro53Ser,ENST00000357227,NP_006192.1,53.0,P,S,P53S,missense,missense_variant,,,,,,0.14,tolerated_low_confidence,0.007,benign,Disordered,none,1.0,2.0,0.068,BENIGN,0.0,0.068,1.0,0.25,0.3,0.0,1.0,37.77
rs1937446669,Ensembl VEP (dbSNP),rs1937446669,rs1937446669,,X,47223692.0,A,C,rs1937446669,ENST00000357227.9:c.135A>C,ENSP00000349762.4:p.Gly45=,ENST00000357227,NP_006192.1,45.0,,,,synonymous,synonymous_variant,,,,,,,,,,Disordered,none,1.0,2.0,,,0.0,0.0,1.0,0.25,0.3,0.0,1.0,36.75
rs1937446359,Ensembl VEP (dbSNP),rs1937446359,rs1937446359,,X,47223689.0,T,C,rs1937446359,ENST00000357227.9:c.132T>C,ENSP00000349762.4:p.Pro44=,ENST00000357227,NP_006192.1,44.0,,,,synonymous,synonymous_variant,,,,,,,,,,Disordered,none,1.0,2.0,,,0.0,0.0,1.0,0.25,0.3,0.0,1.0,36.75
rs1937444685,Ensembl VEP (dbSNP),rs1937444685,rs1937444685,,X,47223664.0,G,A,rs1937444685,ENST00000357227.9:c.107G>A,ENSP00000349762.4:p.Ser36Asn,ENST00000357227,NP_006192.1,36.0,S,N,S36N,missense,missense_variant,,,,,,0.47,tolerated_low_confidence,0.0,benign,Disordered,none,1.0,2.0,0.0778,BENIGN,0.0,0.0778,1.0,0.25,0.3,0.0,1.0,37.92
rs1937444228,Ensembl VEP (dbSNP),rs1937444228,rs1937444228,,X,47223647.0,G,A,rs1937444228,ENST00000357227.9:c.90G>A,ENSP00000349762.4:p.Gln30=,ENST00000357227,NP_006192.1,30.0,,,,synonymous,synonymous_variant,,,,,,,,,,Disordered,none,1.0,2.0,,,0.0,0.0,1.0,0.25,0.3,0.0,1.0,36.75
rs1937443827,Ensembl VEP (dbSNP),rs1937443827,rs1937443827,,X,47223644.0,G,A,rs1937443827,ENST00000357227.9:c.87G>A,ENSP00000349762.4:p.Glu29=,ENST00000357227,NP_006192.1,29.0,,,,synonymous,synonymous_variant,,,,,,,,,,Disordered,none,1.0,2.0,,,0.0,0.0,1.0,0.25,0.3,0.0,1.0,36.75
rs1937443327,Ensembl VEP (dbSNP),rs1937443327,rs1937443327,,X,47223639.0,C,T,rs1937443327,ENST00000357227.9:c.82C>T,ENSP00000349762.4:p.Pro28Ser,ENST00000357227,NP_006192.1,28.0,P,S,P28S,missense,missense_variant,,,,,,0.2,tolerated_low_confidence,0.0,benign,Disordered,none,1.0,2.0,0.0701,BENIGN,0.0,0.0701,1.0,0.25,0.3,0.0,1.0,37.8
rs1937442740,Ensembl VEP (dbSNP),rs1937442740,rs1937442740,,X,47223633.0,G,A,rs1937442740,ENST00000357227.9:c.76G>A,ENSP00000349762.4:p.Gly26Ser,ENST00000357227,NP_006192.1,26.0,G,S,G26S,missense,missense_variant,,,,,,0.6,tolerated_low_confidence,0.003,benign,Disordered,none,1.0,2.0,0.0792,BENIGN,0.0,0.0792,1.0,0.25,0.3,0.0,1.0,37.94
rs1937442176,Ensembl VEP (dbSNP),rs1937442176,rs1937442176,,X,47223623.0,C,T,rs1937442176,ENST00000357227.9:c.66C>T,ENSP00000349762.4:p.Asp22=,ENST00000357227,NP_006192.1,22.0,,,,synonymous,synonymous_variant,,,,,,,,,,Disordered,none,1.0,2.0,,,0.0,0.0,1.0,0.25,0.3,0.0,1.0,36.75
rs1937441454,Ensembl VEP (dbSNP),rs1937441454,rs1937441454,,X,47223607.0,G,A,rs1937441454,ENST00000357227.9:c.50G>A,ENSP00000349762.4:p.Gly17Asp,ENST00000357227,NP_006192.1,17.0,G,D,G17D,missense,missense_variant,,,,,,0.01,deleterious_low_confidence,0.621,possibly_damaging,Disordered,none,1.0,2.0,0.7129,PATHOGENIC,0.0,0.7129,1.0,0.25,0.3,0.0,1.0,47.44
rs1937439729,Ensembl VEP (dbSNP),rs1937439729,rs1937439729,,X,47223560.0,G,A,rs1937439729,ENST00000357227.9:c.3G>A,ENSP00000349762.4:p.Met1?,ENST00000357227,NP_006192.1,1.0,,,,start_lost,start_lost,,,,,,0.01,deleterious_low_confidence,0.007,benign,Disordered,none,1.0,2.0,,,0.0,0.0,1.0,0.25,0.3,0.0,1.0,36.75
rs1937438124,Ensembl VEP (dbSNP),rs1937438124,rs1937438124,,X,47223516.0,A,G,rs1937438124,ENST00000357227.9:c.-6-36A>G,,ENST00000357227,NP_006192.1,,,,,other,intron_variant,,,,,,,,,,,none,,,,,0.0,0.0,0.0,0.0,0.0,0.0,0.75,11.25
rs1937437517,Ensembl VEP (dbSNP),rs1937437517,rs1937437517,,X,47223509.0,A,G,rs1937437517,ENST00000357227.9:c.-6-43A>G,,ENST00000357227,NP_006192.1,,,,,other,intron_variant,,,,,,,,,,,none,,,,,0.0,0.0,0.0,0.0,0.0,0.0,0.75,11.25
rs1937436823,Ensembl VEP (dbSNP),rs1937436823,rs1937436823,,X,47223492.0,C,A,rs1937436823,ENST00000357227.9:c.-6-60C>A,,ENST00000357227,NP_006192.1,,,,,other,intron_variant,,,,,,,,,,,none,,,,,0.0,0.0,0.0,0.0,0.0,0.0,0.75,11.25
rs1937436295,Ensembl VEP (dbSNP),rs1937436295,rs1937436295,,X,47223477.0,G,A,rs1937436295,ENST00000357227.9:c.-6-75G>A,,ENST00000357227,NP_006192.1,,,,,other,intron_variant,,,,,,,,,,,none,,,,,0.0,0.0,0.0,0.0,0.0,0.0,0.75,11.25
rs1937435783,Ensembl VEP (dbSNP),rs1937435783,rs1937435783,,X,47223468.0,T,-,rs1937435783,ENST00000357227.9:c.-6-84del,,ENST00000357227,NP_006192.1,,,,,other,intron_variant,,,,,,,,,,,none,,,,,0.0,0.0,0.0,0.0,0.0,0.0,0.75,11.25
rs1937435458,Ensembl VEP (dbSNP),rs1937435458,rs1937435458,,X,47223464.0,C,T,rs1937435458,ENST00000357227.9:c.-6-88C>T,,ENST00000357227,NP_006192.1,,,,,other,intron_variant,,,,,,,,,,,none,,,,,0.0,0.0,0.0,0.0,0.0,0.0,0.75,11.25
rs1937434597,Ensembl VEP (dbSNP),rs1937434597,rs1937434597,,X,47223450.0,G,A,rs1937434597,ENST00000357227.9:c.-6-102G>A,,ENST00000357227,NP_006192.1,,,,,other,intron_variant,,,,,,,,,,,none,,,,,0.0,0.0,0.0,0.0,0.0,0.0,0.75,11.25
rs1937433728,Ensembl VEP (dbSNP),rs1937433728,rs1937433728,,X,47223442.0,A,C,rs1937433728,ENST00000357227.9:c.-6-110A>C,,ENST00000357227,NP_006192.1,,,,,other,intron_variant,,,,,,,,,,,none,,,,,0.0,0.0,0.0,0.0,0.0,0.0,0.75,11.25
rs1937432985,Ensembl VEP (dbSNP),rs1937432985,rs1937432985,,X,47223426.0,T,C,rs1937432985,ENST00000357227.9:c.-6-126T>C,,ENST00000357227,NP_006192.1,,,,,other,intron_variant,,,,,,,,,,,none,,,,,0.0,0.0,0.0,0.0,0.0,0.0,0.75,11.25
rs1937432260,Ensembl VEP (dbSNP),rs1937432260,rs1937432260,,X,47223404.0,T,C,rs1937432260,ENST00000357227.9:c.-6-148T>C,,ENST00000357227,NP_006192.1,,,,,other,intron_variant,,,,,,,,,,,none,,,,,0.0,0.0,0.0,0.0,0.0,0.0,0.75,11.25
rs1937432077,Ensembl VEP (dbSNP),rs1937432077,rs1937432077,,X,47223405.0,CCT,-,rs1937432077,ENST00000357227.9:c.-6-147_-6-145del,,ENST00000357227,NP_006192.1,,,,,other,intron_variant,,,,,,,,,,,none,,,,,0.0,0.0,0.0,0.0,0.0,0.0,0.75,11.25
rs1937431143,Ensembl VEP (dbSNP),rs1937431143,rs1937431143,,X,47223383.0,T,C,rs1937431143,ENST00000357227.9:c.-6-169T>C,,ENST00000357227,NP_006192.1,,,,,other,intron_variant,,,,,,,,,,,none,,,,,0.0,0.0,0.0,0.0,0.0,0.0,0.75,11.25
rs1937430977,Ensembl VEP (dbSNP),rs1937430977,rs1937430977,,X,47223379.0,C,T,rs1937430977,ENST00000357227.9:c.-6-173C>T,,ENST00000357227,NP_006192.1,,,,,other,intron_variant,,,,,,,,,,,none,,,,,0.0,0.0,0.0,0.0,0.0,0.0,0.75,11.25
rs1937430253,Ensembl VEP (dbSNP),rs1937430253,rs1937430253,,X,47223369.0,G,C,rs1937430253,ENST00000357227.9:c.-6-183G>C,,ENST00000357227,NP_006192.1,,,,,other,intron_variant,,,,,,,,,,,none,,,,,0.0,0.0,0.0,0.0,0.0,0.0,0.75,11.25
rs1937429341,Ensembl VEP (dbSNP),rs1937429341,rs1937429341,,X,47223343.0,G,T,rs1937429341,ENST00000357227.9:c.-6-209G>T,,ENST00000357227,NP_006192.1,,,,,other,intron_variant,,,,,,,,,,,none,,,,,0.0,0.0,0.0,0.0,0.0,0.0,0.75,11.25
rs1937429026,Ensembl VEP (dbSNP),rs1937429026,rs1937429026,,X,47223337.0,A,C,rs1937429026,ENST00000357227.9:c.-6-215A>C,,ENST00000357227,NP_006192.1,,,,,other,intron_variant,,,,,,,,,,,none,,,,,0.0,0.0,0.0,0.0,0.0,0.0,0.75,11.25
rs1937428645,Ensembl VEP (dbSNP),rs1937428645,rs1937428645,,X,47223335.0,C,G,rs1937428645,ENST00000357227.9:c.-6-217C>G,,ENST00000357227,NP_006192.1,,,,,other,intron_variant,,,,,,,,,,,none,,,,,0.0,0.0,0.0,0.0,0.0,0.0,0.75,11.25
rs1937428329,Ensembl VEP (dbSNP),rs1937428329,rs1937428329,,X,47223332.0,G,A,rs1937428329,ENST00000357227.9:c.-6-220G>A,,ENST00000357227,NP_006192.1,,,,,other,intron_variant,,,,,,,,,,,none,,,,,0.0,0.0,0.0,0.0,0.0,0.0,0.75,11.25
rs1937427519,Ensembl VEP (dbSNP),rs1937427519,rs1937427519,,X,47223326.0,A,C,rs1937427519,ENST00000357227.9:c.-6-226A>C,,ENST00000357227,NP_006192.1,,,,,other,intron_variant,,,,,,,,,,,none,,,,,0.0,0.0,0.0,0.0,0.0,0.0,0.75,11.25
rs1937426941,Ensembl VEP (dbSNP),rs1937426941,rs1937426941,,X,47223319.0,A,G,rs1937426941,ENST00000357227.9:c.-6-233A>G,,ENST00000357227,NP_006192.1,,,,,other,intron_variant,,,,,,,,,,,none,,,,,0.0,0.0,0.0,0.0,0.0,0.0,0.75,11.25
rs1937426766,Ensembl VEP (dbSNP),rs1937426766,rs1937426766,,X,47223318.0,T,C,rs1937426766,ENST00000357227.9:c.-6-234T>C,,ENST00000357227,NP_006192.1,,,,,other,intron_variant,,,,,,,,,,,none,,,,,0.0,0.0,0.0,0.0,0.0,0.0,0.75,11.25
rs1937425533,Ensembl VEP (dbSNP),rs1937425533,rs1937425533,,X,47223289.0,G,A,rs1937425533,ENST00000357227.9:c.-6-263G>A,,ENST00000357227,NP_006192.1,,,,,other,intron_variant,,,,,,,,,,,none,,,,,0.0,0.0,0.0,0.0,0.0,0.0,0.75,11.25
rs1937423410,Ensembl VEP (dbSNP),rs1937423410,rs1937423410,,X,47223236.0,G,A,rs1937423410,ENST00000357227.9:c.-6-316G>A,,ENST00000357227,NP_006192.1,,,,,other,intron_variant,,,,,,,,,,,none,,,,,0.0,0.0,0.0,0.0,0.0,0.0,0.75,11.25
rs1937422663,Ensembl VEP (dbSNP),rs1937422663,rs1937422663,,X,47223227.0,C,T,rs1937422663,ENST00000357227.9:c.-6-325C>T,,ENST00000357227,NP_006192.1,,,,,other,intron_variant,,,,,,,,,,,none,,,,,0.0,0.0,0.0,0.0,0.0,0.0,0.75,11.25
rs1937422507,Ensembl VEP (dbSNP),rs1937422507,rs1937422507,,X,47223226.0,C,T,rs1937422507,ENST00000357227.9:c.-6-326C>T,,ENST00000357227,NP_006192.1,,,,,other,intron_variant,,,,,,,,,,,none,,,,,0.0,0.0,0.0,0.0,0.0,0.0,0.75,11.25
rs1937422348,Ensembl VEP (dbSNP),rs1937422348,rs1937422348,,X,47223225.0,T,C,rs1937422348,ENST00000357227.9:c.-6-327T>C,,ENST00000357227,NP_006192.1,,,,,other,intron_variant,,,,,,,,,,,none,,,,,0.0,0.0,0.0,0.0,0.0,0.0,0.75,11.25
rs1937422196,Ensembl VEP (dbSNP),rs1937422196,rs1937422196,4651514,X,47223219.0,T,C,rs1937422196,ENST00000357227.9:c.-6-333T>C,,ENST00000357227,NP_006192.1,,,,,other,intron_variant,Likely benign,"criteria provided, single submitter",not specified,,,,,,,,none,,,,,0.2,0.0,0.0,0.0,0.0,0.0,0.75,15.25
rs1937421548,Ensembl VEP (dbSNP),rs1937421548,rs1937421548,,X,47223202.0,A,G,rs1937421548,ENST00000357227.9:c.-6-350A>G,,ENST00000357227,NP_006192.1,,,,,other,intron_variant,,,,,,,,,,,none,,,,,0.0,0.0,0.0,0.0,0.0,0.0,0.75,11.25
rs1937420852,Ensembl VEP (dbSNP),rs1937420852,rs1937420852,,X,47223176.0,G,C,rs1937420852,ENST00000357227.9:c.-6-376G>C,,ENST00000357227,NP_006192.1,,,,,other,intron_variant,,,,,,,,,,,none,,,,,0.0,0.0,0.0,0.0,0.0,0.0,0.75,11.25
rs1937419856,Ensembl VEP (dbSNP),rs1937419856,rs1937419856,,X,47223161.0,-,G,rs1937419856,ENST00000357227.9:c.-6-392dup,,ENST00000357227,NP_006192.1,,,,,other,intron_variant,,,,,,,,,,,none,,,,,0.0,0.0,0.0,0.0,0.0,0.0,0.75,11.25
rs1937418246,Ensembl VEP (dbSNP),rs1937418246,rs1937418246,,X,47223147.0,G,T,rs1937418246,ENST00000357227.9:c.-6-405G>T,,ENST00000357227,NP_006192.1,,,,,other,intron_variant,,,,,,,,,,,none,,,,,0.0,0.0,0.0,0.0,0.0,0.0,0.75,11.25
rs1937418084,Ensembl VEP (dbSNP),rs1937418084,rs1937418084,978185,X,47223136.0,C,T,rs1937418084,ENST00000357227.9:c.-6-416C>T,,ENST00000357227,NP_006192.1,,,,,other,intron_variant,Uncertain significance,"criteria provided, single submitter",CDK16-related Intellectual Disability,,,,,,,,none,,,,,0.6,0.0,0.0,0.0,0.0,0.0,0.75,23.25
rs1937415330,Ensembl VEP (dbSNP),rs1937415330,rs1937415330,,X,47223102.0,C,T,rs1937415330,ENST00000357227.9:c.-6-450C>T,,ENST00000357227,NP_006192.1,,,,,other,intron_variant,,,,,,,,,,,none,,,,,0.0,0.0,0.0,0.0,0.0,0.0,0.75,11.25
rs1937414835,Ensembl VEP (dbSNP),rs1937414835,rs1937414835,,X,47223096.0,AT,-,rs1937414835,ENST00000357227.9:c.-6-456_-6-455del,,ENST00000357227,NP_006192.1,,,,,other,intron_variant,,,,,,,,,,,none,,,,,0.0,0.0,0.0,0.0,0.0,0.0,0.75,11.25
rs1937414194,Ensembl VEP (dbSNP),rs1937414194,rs1937414194,,X,47223075.0,G,T,rs1937414194,ENST00000357227.9:c.-6-477G>T,,ENST00000357227,NP_006192.1,,,,,other,intron_variant,,,,,,,,,,,none,,,,,0.0,0.0,0.0,0.0,0.0,0.0,0.75,11.25
rs1937412873,Ensembl VEP (dbSNP),rs1937412873,rs1937412873,,X,47223040.0,C,T,rs1937412873,ENST00000357227.9:c.-6-512C>T,,ENST00000357227,NP_006192.1,,,,,other,intron_variant,,,,,,,,,,,none,,,,,0.0,0.0,0.0,0.0,0.0,0.0,0.75,11.25
rs1937412228,Ensembl VEP (dbSNP),rs1937412228,rs1937412228,,X,47223035.0,G,A,rs1937412228,ENST00000357227.9:c.-6-517G>A,,ENST00000357227,NP_006192.1,,,,,other,intron_variant,,,,,,,,,,,none,,,,,0.0,0.0,0.0,0.0,0.0,0.0,0.75,11.25
rs1937411441,Ensembl VEP (dbSNP),rs1937411441,rs1937411441,,X,47223021.0,A,C,rs1937411441,ENST00000357227.9:c.-6-531A>C,,ENST00000357227,NP_006192.1,,,,,other,intron_variant,,,,,,,,,,,none,,,,,0.0,0.0,0.0,0.0,0.0,0.0,0.75,11.25
rs1937410689,Ensembl VEP (dbSNP),rs1937410689,rs1937410689,,X,47223011.0,T,C,rs1937410689,ENST00000357227.9:c.-6-541T>C,,ENST00000357227,NP_006192.1,,,,,other,intron_variant,,,,,,,,,,,none,,,,,0.0,0.0,0.0,0.0,0.0,0.0,0.75,11.25
rs1937410148,Ensembl VEP (dbSNP),rs1937410148,rs1937410148,,X,47223008.0,C,T,rs1937410148,ENST00000357227.9:c.-6-544C>T,,ENST00000357227,NP_006192.1,,,,,other,intron_variant,,,,,,,,,,,none,,,,,0.0,0.0,0.0,0.0,0.0,0.0,0.75,11.25
rs1937407677,Ensembl VEP (dbSNP),rs1937407677,rs1937407677,,X,47222970.0,C,T,rs1937407677,ENST00000357227.9:c.-6-582C>T,,ENST00000357227,NP_006192.1,,,,,other,intron_variant,,,,,,,,,,,none,,,,,0.0,0.0,0.0,0.0,0.0,0.0,0.75,11.25
rs1937407418,Ensembl VEP (dbSNP),rs1937407418,rs1937407418,,X,47222971.0,-,C,rs1937407418,ENST00000357227.9:c.-6-582dup,,ENST00000357227,NP_006192.1,,,,,other,intron_variant,,,,,,,,,,,none,,,,,0.0,0.0,0.0,0.0,0.0,0.0,0.75,11.25
rs1937407116,Ensembl VEP (dbSNP),rs1937407116,rs1937407116,,X,47222968.0,A,-,rs1937407116,ENST00000357227.9:c.-6-584del,,ENST00000357227,NP_006192.1,,,,,other,intron_variant,,,,,,,,,,,none,,,,,0.0,0.0,0.0,0.0,0.0,0.0,0.75,11.25
rs1937405172,Ensembl VEP (dbSNP),rs1937405172,rs1937405172,,X,47222964.0,C,G,rs1937405172,ENST00000357227.9:c.-6-588C>G,,ENST00000357227,NP_006192.1,,,,,other,intron_variant,,,,,,,,,,,none,,,,,0.0,0.0,0.0,0.0,0.0,0.0,0.75,11.25
rs1937403787,Ensembl VEP (dbSNP),rs1937403787,rs1937403787,,X,47222957.0,T,-,rs1937403787,ENST00000357227.9:c.-6-595del,,ENST00000357227,NP_006192.1,,,,,other,intron_variant,,,,,,,,,,,none,,,,,0.0,0.0,0.0,0.0,0.0,0.0,0.75,11.25
rs1937403104,Ensembl VEP (dbSNP),rs1937403104,rs1937403104,,X,47222957.0,-,G,rs1937403104,ENST00000357227.9:c.-6-596_-6-595insG,,ENST00000357227,NP_006192.1,,,,,other,intron_variant,,,,,,,,,,,none,,,,,0.0,0.0,0.0,0.0,0.0,0.0,0.75,11.25
rs1937402856,Ensembl VEP (dbSNP),rs1937402856,rs1937402856,,X,47222954.0,C,T,rs1937402856,ENST00000357227.9:c.-6-598C>T,,ENST00000357227,NP_006192.1,,,,,other,intron_variant,,,,,,,,,,,none,,,,,0.0,0.0,0.0,0.0,0.0,0.0,0.75,11.25
rs1937402313,Ensembl VEP (dbSNP),rs1937402313,rs1937402313,,X,47222953.0,C,T,rs1937402313,ENST00000357227.9:c.-6-599C>T,,ENST00000357227,NP_006192.1,,,,,other,intron_variant,,,,,,,,,,,none,,,,,0.0,0.0,0.0,0.0,0.0,0.0,0.75,11.25
rs1937401490,Ensembl VEP (dbSNP),rs1937401490,rs1937401490,,X,47222950.0,G,A,rs1937401490,ENST00000357227.9:c.-6-602G>A,,ENST00000357227,NP_006192.1,,,,,other,intron_variant,,,,,,,,,,,none,,,,,0.0,0.0,0.0,0.0,0.0,0.0,0.75,11.25
rs1937400674,Ensembl VEP (dbSNP),rs1937400674,rs1937400674,,X,47222945.0,C,T,rs1937400674,ENST00000357227.9:c.-6-607C>T,,ENST00000357227,NP_006192.1,,,,,other,intron_variant,,,,,,,,,,,none,,,,,0.0,0.0,0.0,0.0,0.0,0.0,0.75,11.25
rs1937400320,Ensembl VEP (dbSNP),rs1937400320,rs1937400320,,X,47222940.0,C,A,rs1937400320,ENST00000357227.9:c.-6-612C>A,,ENST00000357227,NP_006192.1,,,,,other,intron_variant,,,,,,,,,,,none,,,,,0.0,0.0,0.0,0.0,0.0,0.0,0.75,11.25
rs1937399005,Ensembl VEP (dbSNP),rs1937399005,rs1937399005,,X,47222920.0,G,T,rs1937399005,ENST00000357227.9:c.-6-632G>T,,ENST00000357227,NP_006192.1,,,,,other,intron_variant,,,,,,,,,,,none,,,,,0.0,0.0,0.0,0.0,0.0,0.0,0.75,11.25
rs1937396493,Ensembl VEP (dbSNP),rs1937396493,rs1937396493,,X,47222887.0,-,C,rs1937396493,ENST00000357227.9:c.-6-666_-6-665insC,,ENST00000357227,NP_006192.1,,,,,other,intron_variant,,,,,,,,,,,none,,,,,0.0,0.0,0.0,0.0,0.0,0.0,0.75,11.25
rs1937396127,Ensembl VEP (dbSNP),rs1937396127,rs1937396127,,X,47222881.0,A,C,rs1937396127,ENST00000357227.9:c.-6-671A>C,,ENST00000357227,NP_006192.1,,,,,other,intron_variant,,,,,,,,,,,none,,,,,0.0,0.0,0.0,0.0,0.0,0.0,0.75,11.25
rs1937395204,Ensembl VEP (dbSNP),rs1937395204,rs1937395204,,X,47222858.0,A,G,rs1937395204,ENST00000357227.9:c.-6-694A>G,,ENST00000357227,NP_006192.1,,,,,other,intron_variant,,,,,,,,,,,none,,,,,0.0,0.0,0.0,0.0,0.0,0.0,0.75,11.25
rs1937394710,Ensembl VEP (dbSNP),rs1937394710,rs1937394710,,X,47222849.0,C,A,rs1937394710,ENST00000357227.9:c.-6-703C>A,,ENST00000357227,NP_006192.1,,,,,other,intron_variant,,,,,,,,,,,none,,,,,0.0,0.0,0.0,0.0,0.0,0.0,0.75,11.25
rs1937394528,Ensembl VEP (dbSNP),rs1937394528,rs1937394528,,X,47222846.0,A,G,rs1937394528,ENST00000357227.9:c.-6-706A>G,,ENST00000357227,NP_006192.1,,,,,other,intron_variant,,,,,,,,,,,none,,,,,0.0,0.0,0.0,0.0,0.0,0.0,0.75,11.25
rs1937394377,Ensembl VEP (dbSNP),rs1937394377,rs1937394377,,X,47222839.0,C,T,rs1937394377,ENST00000357227.9:c.-6-713C>T,,ENST00000357227,NP_006192.1,,,,,other,intron_variant,,,,,,,,,,,none,,,,,0.0,0.0,0.0,0.0,0.0,0.0,0.75,11.25
rs1937394186,Ensembl VEP (dbSNP),rs1937394186,rs1937394186,,X,47222838.0,-,A,rs1937394186,ENST00000357227.9:c.-6-715dup,,ENST00000357227,NP_006192.1,,,,,other,intron_variant,,,,,,,,,,,none,,,,,0.0,0.0,0.0,0.0,0.0,0.0,0.75,11.25
rs1937394027,Ensembl VEP (dbSNP),rs1937394027,rs1937394027,,X,47222833.0,C,T,rs1937394027,ENST00000357227.9:c.-6-719C>T,,ENST00000357227,NP_006192.1,,,,,other,intron_variant,,,,,,,,,,,none,,,,,0.0,0.0,0.0,0.0,0.0,0.0,0.75,11.25
rs1937393251,Ensembl VEP (dbSNP),rs1937393251,rs1937393251,,X,47222816.0,G,T,rs1937393251,ENST00000357227.9:c.-6-736G>T,,ENST00000357227,NP_006192.1,,,,,other,intron_variant,,,,,,,,,,,none,,,,,0.0,0.0,0.0,0.0,0.0,0.0,0.75,11.25
rs1937392850,Ensembl VEP (dbSNP),rs1937392850,rs1937392850,,X,47222810.0,A,C,rs1937392850,ENST00000357227.9:c.-6-742A>C,,ENST00000357227,NP_006192.1,,,,,other,intron_variant,,,,,,,,,,,none,,,,,0.0,0.0,0.0,0.0,0.0,0.0,0.75,11.25
rs1937392675,Ensembl VEP (dbSNP),rs1937392675,rs1937392675,,X,47222808.0,A,G,rs1937392675,ENST00000357227.9:c.-6-744A>G,,ENST00000357227,NP_006192.1,,,,,other,intron_variant,,,,,,,,,,,none,,,,,0.0,0.0,0.0,0.0,0.0,0.0,0.75,11.25
rs1937391958,Ensembl VEP (dbSNP),rs1937391958,rs1937391958,,X,47222802.0,C,G,rs1937391958,ENST00000357227.9:c.-6-750C>G,,ENST00000357227,NP_006192.1,,,,,other,intron_variant,,,,,,,,,,,none,,,,,0.0,0.0,0.0,0.0,0.0,0.0,0.75,11.25
rs1937391775,Ensembl VEP (dbSNP),rs1937391775,rs1937391775,,X,47222801.0,G,T,rs1937391775,ENST00000357227.9:c.-6-751G>T,,ENST00000357227,NP_006192.1,,,,,other,intron_variant,,,,,,,,,,,none,,,,,0.0,0.0,0.0,0.0,0.0,0.0,0.75,11.25
rs1937391589,Ensembl VEP (dbSNP),rs1937391589,rs1937391589,,X,47222785.0,G,A,rs1937391589,ENST00000357227.9:c.-6-767G>A,,ENST00000357227,NP_006192.1,,,,,other,intron_variant,,,,,,,,,,,none,,,,,0.0,0.0,0.0,0.0,0.0,0.0,0.75,11.25
rs1937390899,Ensembl VEP (dbSNP),rs1937390899,rs1937390899,,X,47222747.0,G,T,rs1937390899,ENST00000357227.9:c.-6-805G>T,,ENST00000357227,NP_006192.1,,,,,other,intron_variant,,,,,,,,,,,none,,,,,0.0,0.0,0.0,0.0,0.0,0.0,0.75,11.25
rs1937389573,Ensembl VEP (dbSNP),rs1937389573,rs1937389573,,X,47222719.0,C,G,rs1937389573,ENST00000357227.9:c.-6-833C>G,,ENST00000357227,NP_006192.1,,,,,other,intron_variant,,,,,,,,,,,none,,,,,0.0,0.0,0.0,0.0,0.0,0.0,0.75,11.25
rs1937389390,Ensembl VEP (dbSNP),rs1937389390,rs1937389390,,X,47222713.0,A,G,rs1937389390,ENST00000357227.9:c.-6-839A>G,,ENST00000357227,NP_006192.1,,,,,other,intron_variant,,,,,,,,,,,none,,,,,0.0,0.0,0.0,0.0,0.0,0.0,0.75,11.25
rs1937389221,Ensembl VEP (dbSNP),rs1937389221,rs1937389221,,X,47222708.0,T,G,rs1937389221,ENST00000357227.9:c.-6-844T>G,,ENST00000357227,NP_006192.1,,,,,other,intron_variant,,,,,,,,,,,none,,,,,0.0,0.0,0.0,0.0,0.0,0.0,0.75,11.25
rs1937388324,Ensembl VEP (dbSNP),rs1937388324,rs1937388324,,X,47222697.0,G,A,rs1937388324,ENST00000357227.9:c.-6-855G>A,,ENST00000357227,NP_006192.1,,,,,other,intron_variant,,,,,,,,,,,none,,,,,0.0,0.0,0.0,0.0,0.0,0.0,0.75,11.25
rs1937386795,Ensembl VEP (dbSNP),rs1937386795,rs1937386795,,X,47222676.0,CC,CCCC,rs1937386795,ENST00000357227.9:c.-6-876_-6-875dup,,ENST00000357227,NP_006192.1,,,,,other,intron_variant,,,,,,,,,,,none,,,,,0.0,0.0,0.0,0.0,0.0,0.0,0.75,11.25
rs1937386018,Ensembl VEP (dbSNP),rs1937386018,rs1937386018,,X,47222673.0,G,A,rs1937386018,ENST00000357227.9:c.-6-879G>A,,ENST00000357227,NP_006192.1,,,,,other,intron_variant,,,,,,,,,,,none,,,,,0.0,0.0,0.0,0.0,0.0,0.0,0.75,11.25
rs1937385857,Ensembl VEP (dbSNP),rs1937385857,rs1937385857,,X,47222672.0,G,T,rs1937385857,ENST00000357227.9:c.-6-880G>T,,ENST00000357227,NP_006192.1,,,,,other,intron_variant,,,,,,,,,,,none,,,,,0.0,0.0,0.0,0.0,0.0,0.0,0.75,11.25
rs1937384151,Ensembl VEP (dbSNP),rs1937384151,rs1937384151,,X,47222666.0,T,-,rs1937384151,ENST00000357227.9:c.-6-886del,,ENST00000357227,NP_006192.1,,,,,other,intron_variant,,,,,,,,,,,none,,,,,0.0,0.0,0.0,0.0,0.0,0.0,0.75,11.25
rs1937383968,Ensembl VEP (dbSNP),rs1937383968,rs1937383968,,X,47222667.0,-,T,rs1937383968,ENST00000357227.9:c.-6-886dup,,ENST00000357227,NP_006192.1,,,,,other,intron_variant,,,,,,,,,,,none,,,,,0.0,0.0,0.0,0.0,0.0,0.0,0.75,11.25
rs1937383126,Ensembl VEP (dbSNP),rs1937383126,rs1937383126,,X,47222661.0,GGGGG,GGGGGG,rs1937383126,ENST00000357227.9:c.-6-887_-6-886insG,,ENST00000357227,NP_006192.1,,,,,other,intron_variant,,,,,,,,,,,none,,,,,0.0,0.0,0.0,0.0,0.0,0.0,0.75,11.25
rs1937382568,Ensembl VEP (dbSNP),rs1937382568,rs1937382568,,X,47222661.0,-,AGATCTC,rs1937382568,ENST00000357227.9:c.-6-892_-6-891insAGATCTC,,ENST00000357227,NP_006192.1,,,,,other,intron_variant,,,,,,,,,,,none,,,,,0.0,0.0,0.0,0.0,0.0,0.0,0.75,11.25
rs1937382047,Ensembl VEP (dbSNP),rs1937382047,rs1937382047,,X,47222664.0,GGTGGGGGGGGGCCGTGGG,-,rs1937382047,ENST00000357227.9:c.-6-888_-6-870del,,ENST00000357227,NP_006192.1,,,,,other,intron_variant,,,,,,,,,,,none,,,,,0.0,0.0,0.0,0.0,0.0,0.0,0.75,11.25
rs1937381781,Ensembl VEP (dbSNP),rs1937381781,rs1937381781,,X,47222659.0,G,A,rs1937381781,ENST00000357227.9:c.-6-893G>A,,ENST00000357227,NP_006192.1,,,,,other,intron_variant,,,,,,,,,,,none,,,,,0.0,0.0,0.0,0.0,0.0,0.0,0.75,11.25
rs1937381542,Ensembl VEP (dbSNP),rs1937381542,rs1937381542,,X,47222658.0,TGT,-,rs1937381542,ENST00000357227.9:c.-6-894_-6-892del,,ENST00000357227,NP_006192.1,,,,,other,intron_variant,,,,,,,,,,,none,,,,,0.0,0.0,0.0,0.0,0.0,0.0,0.75,11.25
rs1937380940,Ensembl VEP (dbSNP),rs1937380940,rs1937380940,,X,47222657.0,G,A,rs1937380940,ENST00000357227.9:c.-6-895G>A,,ENST00000357227,NP_006192.1,,,,,other,intron_variant,,,,,,,,,,,none,,,,,0.0,0.0,0.0,0.0,0.0,0.0,0.75,11.25
rs1937380435,Ensembl VEP (dbSNP),rs1937380435,rs1937380435,,X,47222658.0,-,GGTGGGGG,rs1937380435,ENST00000357227.9:c.-6-895_-6-894insGGTGGGGG,,ENST00000357227,NP_006192.1,,,,,other,intron_variant,,,,,,,,,,,none,,,,,0.0,0.0,0.0,0.0,0.0,0.0,0.75,11.25
rs1937380258,Ensembl VEP (dbSNP),rs1937380258,rs1937380258,,X,47222653.0,G,C,rs1937380258,ENST00000357227.9:c.-6-899G>C,,ENST00000357227,NP_006192.1,,,,,other,intron_variant,,,,,,,,,,,none,,,,,0.0,0.0,0.0,0.0,0.0,0.0,0.75,11.25
rs1937378849,Ensembl VEP (dbSNP),rs1937378849,rs1937378849,,X,47222642.0,A,G,rs1937378849,ENST00000357227.9:c.-6-910A>G,,ENST00000357227,NP_006192.1,,,,,other,intron_variant,,,,,,,,,,,none,,,,,0.0,0.0,0.0,0.0,0.0,0.0,0.75,11.25
rs1937378525,Ensembl VEP (dbSNP),rs1937378525,rs1937378525,,X,47222635.0,A,G,rs1937378525,ENST00000357227.9:c.-6-917A>G,,ENST00000357227,NP_006192.1,,,,,other,intron_variant,,,,,,,,,,,none,,,,,0.0,0.0,0.0,0.0,0.0,0.0,0.75,11.25
rs1937377888,Ensembl VEP (dbSNP),rs1937377888,rs1937377888,,X,47222623.0,T,C,rs1937377888,ENST00000357227.9:c.-6-929T>C,,ENST00000357227,NP_006192.1,,,,,other,intron_variant,,,,,,,,,,,none,,,,,0.0,0.0,0.0,0.0,0.0,0.0,0.75,11.25
rs1937377392,Ensembl VEP (dbSNP),rs1937377392,rs1937377392,,X,47222615.0,G,A,rs1937377392,ENST00000357227.9:c.-6-937G>A,,ENST00000357227,NP_006192.1,,,,,other,intron_variant,,,,,,,,,,,none,,,,,0.0,0.0,0.0,0.0,0.0,0.0,0.75,11.25
rs1937377135,Ensembl VEP (dbSNP),rs1937377135,rs1937377135,,X,47222613.0,C,T,rs1937377135,ENST00000357227.9:c.-6-939C>T,,ENST00000357227,NP_006192.1,,,,,other,intron_variant,,,,,,,,,,,none,,,,,0.0,0.0,0.0,0.0,0.0,0.0,0.75,11.25
rs1937376872,Ensembl VEP (dbSNP),rs1937376872,rs1937376872,,X,47222612.0,AC,-,rs1937376872,ENST00000357227.9:c.-6-940_-6-939del,,ENST00000357227,NP_006192.1,,,,,other,intron_variant,,,,,,,,,,,none,,,,,0.0,0.0,0.0,0.0,0.0,0.0,0.75,11.25
rs1937376093,Ensembl VEP (dbSNP),rs1937376093,rs1937376093,,X,47222602.0,G,C,rs1937376093,ENST00000357227.9:c.-6-950G>C,,ENST00000357227,NP_006192.1,,,,,other,intron_variant,,,,,,,,,,,none,,,,,0.0,0.0,0.0,0.0,0.0,0.0,0.75,11.25
rs1937373090,Ensembl VEP (dbSNP),rs1937373090,rs1937373090,,X,47222560.0,G,A,rs1937373090,ENST00000357227.9:c.-6-992G>A,,ENST00000357227,NP_006192.1,,,,,other,intron_variant,,,,,,,,,,,none,,,,,0.0,0.0,0.0,0.0,0.0,0.0,0.75,11.25
rs1937372653,Ensembl VEP (dbSNP),rs1937372653,rs1937372653,,X,47222537.0,G,A,rs1937372653,ENST00000357227.9:c.-6-1015G>A,,ENST00000357227,NP_006192.1,,,,,other,intron_variant,,,,,,,,,,,none,,,,,0.0,0.0,0.0,0.0,0.0,0.0,0.75,11.25
rs1937372486,Ensembl VEP (dbSNP),rs1937372486,rs1937372486,,X,47222533.0,G,C,rs1937372486,ENST00000357227.9:c.-6-1019G>C,,ENST00000357227,NP_006192.1,,,,,other,intron_variant,,,,,,,,,,,none,,,,,0.0,0.0,0.0,0.0,0.0,0.0,0.75,11.25
rs1937372297,Ensembl VEP (dbSNP),rs1937372297,rs1937372297,,X,47222531.0,G,A,rs1937372297,ENST00000357227.9:c.-6-1021G>A,,ENST00000357227,NP_006192.1,,,,,other,intron_variant,,,,,,,,,,,none,,,,,0.0,0.0,0.0,0.0,0.0,0.0,0.75,11.25
rs1937371743,Ensembl VEP (dbSNP),rs1937371743,rs1937371743,,X,47222512.0,A,G,rs1937371743,ENST00000357227.9:c.-6-1040A>G,,ENST00000357227,NP_006192.1,,,,,other,intron_variant,,,,,,,,,,,none,,,,,0.0,0.0,0.0,0.0,0.0,0.0,0.75,11.25
rs1937371014,Ensembl VEP (dbSNP),rs1937371014,rs1937371014,,X,47222489.0,A,G,rs1937371014,ENST00000357227.9:c.-6-1063A>G,,ENST00000357227,NP_006192.1,,,,,other,intron_variant,,,,,,,,,,,none,,,,,0.0,0.0,0.0,0.0,0.0,0.0,0.75,11.25
rs1937370098,Ensembl VEP (dbSNP),rs1937370098,rs1937370098,,X,47222471.0,G,-,rs1937370098,ENST00000357227.9:c.-6-1081del,,ENST00000357227,NP_006192.1,,,,,other,intron_variant,,,,,,,,,,,none,,,,,0.0,0.0,0.0,0.0,0.0,0.0,0.75,11.25
rs1937369753,Ensembl VEP (dbSNP),rs1937369753,rs1937369753,,X,47222449.0,G,A,rs1937369753,ENST00000357227.9:c.-6-1103G>A,,ENST00000357227,NP_006192.1,,,,,other,intron_variant,,,,,,,,,,,none,,,,,0.0,0.0,0.0,0.0,0.0,0.0,0.75,11.25
rs1937369207,Ensembl VEP (dbSNP),rs1937369207,rs1937369207,,X,47222439.0,G,C,rs1937369207,ENST00000357227.9:c.-6-1113G>C,,ENST00000357227,NP_006192.1,,,,,other,intron_variant,,,,,,,,,,,none,,,,,0.0,0.0,0.0,0.0,0.0,0.0,0.75,11.25
rs1937368492,Ensembl VEP (dbSNP),rs1937368492,rs1937368492,,X,47222428.0,T,A,rs1937368492,ENST00000357227.9:c.-6-1124T>A,,ENST00000357227,NP_006192.1,,,,,other,intron_variant,,,,,,,,,,,none,,,,,0.0,0.0,0.0,0.0,0.0,0.0,0.75,11.25
rs1937367971,Ensembl VEP (dbSNP),rs1937367971,rs1937367971,,X,47222417.0,G,C,rs1937367971,ENST00000357227.9:c.-6-1135G>C,,ENST00000357227,NP_006192.1,,,,,other,intron_variant,,,,,,,,,,,none,,,,,0.0,0.0,0.0,0.0,0.0,0.0,0.75,11.25
rs1937367796,Ensembl VEP (dbSNP),rs1937367796,rs1937367796,,X,47222415.0,C,T,rs1937367796,ENST00000357227.9:c.-6-1137C>T,,ENST00000357227,NP_006192.1,,,,,other,intron_variant,,,,,,,,,,,none,,,,,0.0,0.0,0.0,0.0,0.0,0.0,0.75,11.25
rs1937367317,Ensembl VEP (dbSNP),rs1937367317,rs1937367317,,X,47222388.0,G,A,rs1937367317,ENST00000357227.9:c.-6-1164G>A,,ENST00000357227,NP_006192.1,,,,,other,intron_variant,,,,,,,,,,,none,,,,,0.0,0.0,0.0,0.0,0.0,0.0,0.75,11.25
rs1937367001,Ensembl VEP (dbSNP),rs1937367001,rs1937367001,,X,47222374.0,C,A,rs1937367001,ENST00000357227.9:c.-6-1178C>A,,ENST00000357227,NP_006192.1,,,,,other,intron_variant,,,,,,,,,,,none,,,,,0.0,0.0,0.0,0.0,0.0,0.0,0.75,11.25
rs1937366697,Ensembl VEP (dbSNP),rs1937366697,rs1937366697,,X,47222370.0,G,A,rs1937366697,ENST00000357227.9:c.-6-1182G>A,,ENST00000357227,NP_006192.1,,,,,other,intron_variant,,,,,,,,,,,none,,,,,0.0,0.0,0.0,0.0,0.0,0.0,0.75,11.25
rs1937366561,Ensembl VEP (dbSNP),rs1937366561,rs1937366561,,X,47222351.0,A,C,rs1937366561,ENST00000357227.9:c.-6-1201A>C,,ENST00000357227,NP_006192.1,,,,,other,intron_variant,,,,,,,,,,,none,,,,,0.0,0.0,0.0,0.0,0.0,0.0,0.75,11.25
rs1937365767,Ensembl VEP (dbSNP),rs1937365767,rs1937365767,,X,47222330.0,TCT,-,rs1937365767,ENST00000357227.9:c.-6-1222_-6-1220del,,ENST00000357227,NP_006192.1,,,,,other,intron_variant,,,,,,,,,,,none,,,,,0.0,0.0,0.0,0.0,0.0,0.0,0.75,11.25
rs1937364921,Ensembl VEP (dbSNP),rs1937364921,rs1937364921,,X,47222311.0,A,G,rs1937364921,ENST00000357227.9:c.-6-1241A>G,,ENST00000357227,NP_006192.1,,,,,other,intron_variant,,,,,,,,,,,none,,,,,0.0,0.0,0.0,0.0,0.0,0.0,0.75,11.25
rs1937364761,Ensembl VEP (dbSNP),rs1937364761,rs1937364761,,X,47222302.0,-,GA,rs1937364761,ENST00000357227.9:c.-6-1251_-6-1250insGA,,ENST00000357227,NP_006192.1,,,,,other,intron_variant,,,,,,,,,,,none,,,,,0.0,0.0,0.0,0.0,0.0,0.0,0.75,11.25
rs1937364597,Ensembl VEP (dbSNP),rs1937364597,rs1937364597,,X,47222290.0,G,A,rs1937364597,ENST00000357227.9:c.-6-1262G>A,,ENST00000357227,NP_006192.1,,,,,other,intron_variant,,,,,,,,,,,none,,,,,0.0,0.0,0.0,0.0,0.0,0.0,0.75,11.25
rs1937364474,Ensembl VEP (dbSNP),rs1937364474,rs1937364474,,X,47222284.0,A,G,rs1937364474,ENST00000357227.9:c.-6-1268A>G,,ENST00000357227,NP_006192.1,,,,,other,intron_variant,,,,,,,,,,,none,,,,,0.0,0.0,0.0,0.0,0.0,0.0,0.75,11.25
rs1937364063,Ensembl VEP (dbSNP),rs1937364063,rs1937364063,,X,47222269.0,C,T,rs1937364063,ENST00000357227.9:c.-6-1283C>T,,ENST00000357227,NP_006192.1,,,,,other,intron_variant,,,,,,,,,,,none,,,,,0.0,0.0,0.0,0.0,0.0,0.0,0.75,11.25
rs1937363731,Ensembl VEP (dbSNP),rs1937363731,rs1937363731,,X,47222254.0,G,A,rs1937363731,ENST00000357227.9:c.-6-1298G>A,,ENST00000357227,NP_006192.1,,,,,other,intron_variant,,,,,,,,,,,none,,,,,0.0,0.0,0.0,0.0,0.0,0.0,0.75,11.25
rs1937363579,Ensembl VEP (dbSNP),rs1937363579,rs1937363579,,X,47222256.0,GT,-,rs1937363579,ENST00000357227.9:c.-6-1296_-6-1295del,,ENST00000357227,NP_006192.1,,,,,other,intron_variant,,,,,,,,,,,none,,,,,0.0,0.0,0.0,0.0,0.0,0.0,0.75,11.25
rs1937363418,Ensembl VEP (dbSNP),rs1937363418,rs1937363418,,X,47222248.0,T,C,rs1937363418,ENST00000357227.9:c.-6-1304T>C,,ENST00000357227,NP_006192.1,,,,,other,intron_variant,,,,,,,,,,,none,,,,,0.0,0.0,0.0,0.0,0.0,0.0,0.75,11.25
rs1937363111,Ensembl VEP (dbSNP),rs1937363111,rs1937363111,,X,47222229.0,T,C,rs1937363111,ENST00000357227.9:c.-6-1323T>C,,ENST00000357227,NP_006192.1,,,,,other,intron_variant,,,,,,,,,,,none,,,,,0.0,0.0,0.0,0.0,0.0,0.0,0.75,11.25
rs1937362957,Ensembl VEP (dbSNP),rs1937362957,rs1937362957,,X,47222228.0,A,C,rs1937362957,ENST00000357227.9:c.-6-1324A>C,,ENST00000357227,NP_006192.1,,,,,other,intron_variant,,,,,,,,,,,none,,,,,0.0,0.0,0.0,0.0,0.0,0.0,0.75,11.25
rs1937362654,Ensembl VEP (dbSNP),rs1937362654,rs1937362654,,X,47222215.0,A,G,rs1937362654,ENST00000357227.9:c.-6-1337A>G,,ENST00000357227,NP_006192.1,,,,,other,intron_variant,,,,,,,,,,,none,,,,,0.0,0.0,0.0,0.0,0.0,0.0,0.75,11.25
rs1937362487,Ensembl VEP (dbSNP),rs1937362487,rs1937362487,,X,47222214.0,C,G,rs1937362487,ENST00000357227.9:c.-6-1338C>G,,ENST00000357227,NP_006192.1,,,,,other,intron_variant,,,,,,,,,,,none,,,,,0.0,0.0,0.0,0.0,0.0,0.0,0.75,11.25
rs1937361973,Ensembl VEP (dbSNP),rs1937361973,rs1937361973,,X,47222196.0,G,T,rs1937361973,ENST00000357227.9:c.-6-1356G>T,,ENST00000357227,NP_006192.1,,,,,other,intron_variant,,,,,,,,,,,none,,,,,0.0,0.0,0.0,0.0,0.0,0.0,0.75,11.25
rs1937361481,Ensembl VEP (dbSNP),rs1937361481,rs1937361481,,X,47222184.0,G,A,rs1937361481,ENST00000357227.9:c.-6-1368G>A,,ENST00000357227,NP_006192.1,,,,,other,intron_variant,,,,,,,,,,,none,,,,,0.0,0.0,0.0,0.0,0.0,0.0,0.75,11.25
rs1937361127,Ensembl VEP (dbSNP),rs1937361127,rs1937361127,,X,47222175.0,C,-,rs1937361127,ENST00000357227.9:c.-6-1377del,,ENST00000357227,NP_006192.1,,,,,other,intron_variant,,,,,,,,,,,none,,,,,0.0,0.0,0.0,0.0,0.0,0.0,0.75,11.25
rs1937360977,Ensembl VEP (dbSNP),rs1937360977,rs1937360977,,X,47222170.0,A,G,rs1937360977,ENST00000357227.9:c.-6-1382A>G,,ENST00000357227,NP_006192.1,,,,,other,intron_variant,,,,,,,,,,,none,,,,,0.0,0.0,0.0,0.0,0.0,0.0,0.75,11.25
rs1937360826,Ensembl VEP (dbSNP),rs1937360826,rs1937360826,,X,47222164.0,G,A,rs1937360826,ENST00000357227.9:c.-6-1388G>A,,ENST00000357227,NP_006192.1,,,,,other,intron_variant,,,,,,,,,,,none,,,,,0.0,0.0,0.0,0.0,0.0,0.0,0.75,11.25
rs1937360023,Ensembl VEP (dbSNP),rs1937360023,rs1937360023,,X,47222135.0,C,T,rs1937360023,ENST00000357227.9:c.-6-1417C>T,,ENST00000357227,NP_006192.1,,,,,other,intron_variant,,,,,,,,,,,none,,,,,0.0,0.0,0.0,0.0,0.0,0.0,0.75,11.25
rs1937358442,Ensembl VEP (dbSNP),rs1937358442,rs1937358442,,X,47222062.0,-,AATCCAT,rs1937358442,ENST00000357227.9:c.-6-1491_-6-1490insAATCCAT,,ENST00000357227,NP_006192.1,,,,,other,intron_variant,,,,,,,,,,,none,,,,,0.0,0.0,0.0,0.0,0.0,0.0,0.75,11.25
rs1937356335,Ensembl VEP (dbSNP),rs1937356335,rs1937356335,,X,47222015.0,T,G,rs1937356335,ENST00000357227.9:c.-6-1537T>G,,ENST00000357227,NP_006192.1,,,,,other,intron_variant,,,,,,,,,,,none,,,,,0.0,0.0,0.0,0.0,0.0,0.0,0.75,11.25
rs1937356068,Ensembl VEP (dbSNP),rs1937356068,rs1937356068,,X,47222011.0,C,G,rs1937356068,ENST00000357227.9:c.-6-1541C>G,,ENST00000357227,NP_006192.1,,,,,other,intron_variant,,,,,,,,,,,none,,,,,0.0,0.0,0.0,0.0,0.0,0.0,0.75,11.25
rs1937355829,Ensembl VEP (dbSNP),rs1937355829,rs1937355829,,X,47222008.0,C,T,rs1937355829,ENST00000357227.9:c.-6-1544C>T,,ENST00000357227,NP_006192.1,,,,,other,intron_variant,,,,,,,,,,,none,,,,,0.0,0.0,0.0,0.0,0.0,0.0,0.75,11.25
rs1937355591,Ensembl VEP (dbSNP),rs1937355591,rs1937355591,,X,47222007.0,-,T,rs1937355591,ENST00000357227.9:c.-6-1546dup,,ENST00000357227,NP_006192.1,,,,,other,intron_variant,,,,,,,,,,,none,,,,,0.0,0.0,0.0,0.0,0.0,0.0,0.75,11.25
rs1937355324,Ensembl VEP (dbSNP),rs1937355324,rs1937355324,,X,47221993.0,-,C,rs1937355324,ENST00000357227.9:c.-6-1560dup,,ENST00000357227,NP_006192.1,,,,,other,intron_variant,,,,,,,,,,,none,,,,,0.0,0.0,0.0,0.0,0.0,0.0,0.75,11.25
rs1937355115,Ensembl VEP (dbSNP),rs1937355115,rs1937355115,,X,47221988.0,G,T,rs1937355115,ENST00000357227.9:c.-6-1564G>T,,ENST00000357227,NP_006192.1,,,,,other,intron_variant,,,,,,,,,,,none,,,,,0.0,0.0,0.0,0.0,0.0,0.0,0.75,11.25
rs1937354599,Ensembl VEP (dbSNP),rs1937354599,rs1937354599,,X,47221982.0,C,T,rs1937354599,ENST00000357227.9:c.-6-1570C>T,,ENST00000357227,NP_006192.1,,,,,other,intron_variant,,,,,,,,,,,none,,,,,0.0,0.0,0.0,0.0,0.0,0.0,0.75,11.25
rs1937354315,Ensembl VEP (dbSNP),rs1937354315,rs1937354315,,X,47221981.0,C,A,rs1937354315,ENST00000357227.9:c.-6-1571C>A,,ENST00000357227,NP_006192.1,,,,,other,intron_variant,,,,,,,,,,,none,,,,,0.0,0.0,0.0,0.0,0.0,0.0,0.75,11.25
rs1937354057,Ensembl VEP (dbSNP),rs1937354057,rs1937354057,,X,47221980.0,T,G,rs1937354057,ENST00000357227.9:c.-6-1572T>G,,ENST00000357227,NP_006192.1,,,,,other,intron_variant,,,,,,,,,,,none,,,,,0.0,0.0,0.0,0.0,0.0,0.0,0.75,11.25
rs1937353561,Ensembl VEP (dbSNP),rs1937353561,rs1937353561,,X,47221975.0,G,A,rs1937353561,ENST00000357227.9:c.-6-1577G>A,,ENST00000357227,NP_006192.1,,,,,other,intron_variant,,,,,,,,,,,none,,,,,0.0,0.0,0.0,0.0,0.0,0.0,0.75,11.25
rs1937353296,Ensembl VEP (dbSNP),rs1937353296,rs1937353296,,X,47221967.0,G,A,rs1937353296,ENST00000357227.9:c.-6-1585G>A,,ENST00000357227,NP_006192.1,,,,,other,intron_variant,,,,,,,,,,,none,,,,,0.0,0.0,0.0,0.0,0.0,0.0,0.75,11.25
rs1937352797,Ensembl VEP (dbSNP),rs1937352797,rs1937352797,,X,47221959.0,C,A,rs1937352797,ENST00000357227.9:c.-6-1593C>A,,ENST00000357227,NP_006192.1,,,,,other,intron_variant,,,,,,,,,,,none,,,,,0.0,0.0,0.0,0.0,0.0,0.0,0.75,11.25
rs1937352281,Ensembl VEP (dbSNP),rs1937352281,rs1937352281,,X,47221956.0,G,T,rs1937352281,ENST00000357227.9:c.-6-1596G>T,,ENST00000357227,NP_006192.1,,,,,other,intron_variant,,,,,,,,,,,none,,,,,0.0,0.0,0.0,0.0,0.0,0.0,0.75,11.25
rs1937352032,Ensembl VEP (dbSNP),rs1937352032,rs1937352032,,X,47221954.0,A,T,rs1937352032,ENST00000357227.9:c.-6-1598A>T,,ENST00000357227,NP_006192.1,,,,,other,intron_variant,,,,,,,,,,,none,,,,,0.0,0.0,0.0,0.0,0.0,0.0,0.75,11.25
rs1937351547,Ensembl VEP (dbSNP),rs1937351547,rs1937351547,,X,47221932.0,T,G,rs1937351547,ENST00000357227.9:c.-6-1620T>G,,ENST00000357227,NP_006192.1,,,,,other,intron_variant,,,,,,,,,,,none,,,,,0.0,0.0,0.0,0.0,0.0,0.0,0.75,11.25
rs1937351229,Ensembl VEP (dbSNP),rs1937351229,rs1937351229,,X,47221926.0,CCT,-,rs1937351229,ENST00000357227.9:c.-6-1626_-6-1624del,,ENST00000357227,NP_006192.1,,,,,other,intron_variant,,,,,,,,,,,none,,,,,0.0,0.0,0.0,0.0,0.0,0.0,0.75,11.25
rs1937350360,Ensembl VEP (dbSNP),rs1937350360,rs1937350360,,X,47221916.0,T,C,rs1937350360,ENST00000357227.9:c.-6-1636T>C,,ENST00000357227,NP_006192.1,,,,,other,intron_variant,,,,,,,,,,,none,,,,,0.0,0.0,0.0,0.0,0.0,0.0,0.75,11.25
rs1937349689,Ensembl VEP (dbSNP),rs1937349689,rs1937349689,,X,47221894.0,C,T,rs1937349689,ENST00000357227.9:c.-6-1658C>T,,ENST00000357227,NP_006192.1,,,,,other,intron_variant,,,,,,,,,,,none,,,,,0.0,0.0,0.0,0.0,0.0,0.0,0.75,11.25
rs1937349537,Ensembl VEP (dbSNP),rs1937349537,rs1937349537,,X,47221894.0,-,T,rs1937349537,ENST00000357227.9:c.-6-1659_-6-1658insT,,ENST00000357227,NP_006192.1,,,,,other,intron_variant,,,,,,,,,,,none,,,,,0.0,0.0,0.0,0.0,0.0,0.0,0.75,11.25
rs1937349395,Ensembl VEP (dbSNP),rs1937349395,rs1937349395,,X,47221893.0,C,T,rs1937349395,ENST00000357227.9:c.-6-1659C>T,,ENST00000357227,NP_006192.1,,,,,other,intron_variant,,,,,,,,,,,none,,,,,0.0,0.0,0.0,0.0,0.0,0.0,0.75,11.25
rs1937348861,Ensembl VEP (dbSNP),rs1937348861,rs1937348861,,X,47221886.0,T,C,rs1937348861,ENST00000357227.9:c.-6-1666T>C,,ENST00000357227,NP_006192.1,,,,,other,intron_variant,,,,,,,,,,,none,,,,,0.0,0.0,0.0,0.0,0.0,0.0,0.75,11.25
rs1937348552,Ensembl VEP (dbSNP),rs1937348552,rs1937348552,,X,47221870.0,G,A,rs1937348552,ENST00000357227.9:c.-6-1682G>A,,ENST00000357227,NP_006192.1,,,,,other,intron_variant,,,,,,,,,,,none,,,,,0.0,0.0,0.0,0.0,0.0,0.0,0.75,11.25
rs1937348206,Ensembl VEP (dbSNP),rs1937348206,rs1937348206,,X,47221859.0,C,T,rs1937348206,ENST00000357227.9:c.-6-1693C>T,,ENST00000357227,NP_006192.1,,,,,other,intron_variant,,,,,,,,,,,none,,,,,0.0,0.0,0.0,0.0,0.0,0.0,0.75,11.25
rs1937347690,Ensembl VEP (dbSNP),rs1937347690,rs1937347690,,X,47221848.0,T,A,rs1937347690,ENST00000357227.9:c.-6-1704T>A,,ENST00000357227,NP_006192.1,,,,,other,intron_variant,,,,,,,,,,,none,,,,,0.0,0.0,0.0,0.0,0.0,0.0,0.75,11.25
rs1937347534,Ensembl VEP (dbSNP),rs1937347534,rs1937347534,,X,47221841.0,G,A,rs1937347534,ENST00000357227.9:c.-6-1711G>A,,ENST00000357227,NP_006192.1,,,,,other,intron_variant,,,,,,,,,,,none,,,,,0.0,0.0,0.0,0.0,0.0,0.0,0.75,11.25
rs1937347371,Ensembl VEP (dbSNP),rs1937347371,rs1937347371,,X,47221839.0,G,A,rs1937347371,ENST00000357227.9:c.-6-1713G>A,,ENST00000357227,NP_006192.1,,,,,other,intron_variant,,,,,,,,,,,none,,,,,0.0,0.0,0.0,0.0,0.0,0.0,0.75,11.25
rs1937347028,Ensembl VEP (dbSNP),rs1937347028,rs1937347028,,X,47221836.0,G,A,rs1937347028,ENST00000357227.9:c.-6-1716G>A,,ENST00000357227,NP_006192.1,,,,,other,intron_variant,,,,,,,,,,,none,,,,,0.0,0.0,0.0,0.0,0.0,0.0,0.75,11.25
rs1937346850,Ensembl VEP (dbSNP),rs1937346850,rs1937346850,,X,47221835.0,G,A,rs1937346850,ENST00000357227.9:c.-6-1717G>A,,ENST00000357227,NP_006192.1,,,,,other,intron_variant,,,,,,,,,,,none,,,,,0.0,0.0,0.0,0.0,0.0,0.0,0.75,11.25
rs1937346159,Ensembl VEP (dbSNP),rs1937346159,rs1937346159,,X,47221799.0,C,T,rs1937346159,ENST00000357227.9:c.-6-1753C>T,,ENST00000357227,NP_006192.1,,,,,other,intron_variant,,,,,,,,,,,none,,,,,0.0,0.0,0.0,0.0,0.0,0.0,0.75,11.25
rs1937345997,Ensembl VEP (dbSNP),rs1937345997,rs1937345997,,X,47221794.0,G,A,rs1937345997,ENST00000357227.9:c.-6-1758G>A,,ENST00000357227,NP_006192.1,,,,,other,intron_variant,,,,,,,,,,,none,,,,,0.0,0.0,0.0,0.0,0.0,0.0,0.75,11.25
rs1937345387,Ensembl VEP (dbSNP),rs1937345387,rs1937345387,,X,47221756.0,T,C,rs1937345387,ENST00000357227.9:c.-6-1796T>C,,ENST00000357227,NP_006192.1,,,,,other,intron_variant,,,,,,,,,,,none,,,,,0.0,0.0,0.0,0.0,0.0,0.0,0.75,11.25
rs1937345224,Ensembl VEP (dbSNP),rs1937345224,rs1937345224,,X,47221752.0,T,C,rs1937345224,ENST00000357227.9:c.-6-1800T>C,,ENST00000357227,NP_006192.1,,,,,other,intron_variant,,,,,,,,,,,none,,,,,0.0,0.0,0.0,0.0,0.0,0.0,0.75,11.25
rs1937345081,Ensembl VEP (dbSNP),rs1937345081,rs1937345081,,X,47221751.0,A,G,rs1937345081,ENST00000357227.9:c.-6-1801A>G,,ENST00000357227,NP_006192.1,,,,,other,intron_variant,,,,,,,,,,,none,,,,,0.0,0.0,0.0,0.0,0.0,0.0,0.75,11.25
rs1937344785,Ensembl VEP (dbSNP),rs1937344785,rs1937344785,,X,47221744.0,G,A,rs1937344785,ENST00000357227.9:c.-6-1808G>A,,ENST00000357227,NP_006192.1,,,,,other,intron_variant,,,,,,,,,,,none,,,,,0.0,0.0,0.0,0.0,0.0,0.0,0.75,11.25
rs1937344626,Ensembl VEP (dbSNP),rs1937344626,rs1937344626,,X,47221740.0,C,G,rs1937344626,ENST00000357227.9:c.-6-1812C>G,,ENST00000357227,NP_006192.1,,,,,other,intron_variant,,,,,,,,,,,none,,,,,0.0,0.0,0.0,0.0,0.0,0.0,0.75,11.25
rs1937344131,Ensembl VEP (dbSNP),rs1937344131,rs1937344131,,X,47221723.0,G,C,rs1937344131,ENST00000357227.9:c.-6-1829G>C,,ENST00000357227,NP_006192.1,,,,,other,intron_variant,,,,,,,,,,,none,,,,,0.0,0.0,0.0,0.0,0.0,0.0,0.75,11.25
rs1937342811,Ensembl VEP (dbSNP),rs1937342811,rs1937342811,,X,47221683.0,C,T,rs1937342811,ENST00000357227.9:c.-6-1869C>T,,ENST00000357227,NP_006192.1,,,,,other,intron_variant,,,,,,,,,,,none,,,,,0.0,0.0,0.0,0.0,0.0,0.0,0.75,11.25
rs1937342648,Ensembl VEP (dbSNP),rs1937342648,rs1937342648,,X,47221669.0,T,C,rs1937342648,ENST00000357227.9:c.-6-1883T>C,,ENST00000357227,NP_006192.1,,,,,other,intron_variant,,,,,,,,,,,none,,,,,0.0,0.0,0.0,0.0,0.0,0.0,0.75,11.25
rs1937342480,Ensembl VEP (dbSNP),rs1937342480,rs1937342480,,X,47221668.0,C,A,rs1937342480,ENST00000357227.9:c.-6-1884C>A,,ENST00000357227,NP_006192.1,,,,,other,intron_variant,,,,,,,,,,,none,,,,,0.0,0.0,0.0,0.0,0.0,0.0,0.75,11.25
rs1937342328,Ensembl VEP (dbSNP),rs1937342328,rs1937342328,,X,47221667.0,G,A,rs1937342328,ENST00000357227.9:c.-6-1885G>A,,ENST00000357227,NP_006192.1,,,,,other,intron_variant,,,,,,,,,,,none,,,,,0.0,0.0,0.0,0.0,0.0,0.0,0.75,11.25
rs1937342188,Ensembl VEP (dbSNP),rs1937342188,rs1937342188,,X,47221661.0,T,C,rs1937342188,ENST00000357227.9:c.-6-1891T>C,,ENST00000357227,NP_006192.1,,,,,other,intron_variant,,,,,,,,,,,none,,,,,0.0,0.0,0.0,0.0,0.0,0.0,0.75,11.25
rs1937341730,Ensembl VEP (dbSNP),rs1937341730,rs1937341730,,X,47221654.0,G,-,rs1937341730,ENST00000357227.9:c.-6-1898del,,ENST00000357227,NP_006192.1,,,,,other,intron_variant,,,,,,,,,,,none,,,,,0.0,0.0,0.0,0.0,0.0,0.0,0.75,11.25
rs1937340970,Ensembl VEP (dbSNP),rs1937340970,rs1937340970,,X,47221636.0,G,C,rs1937340970,ENST00000357227.9:c.-6-1916G>C,,ENST00000357227,NP_006192.1,,,,,other,intron_variant,,,,,,,,,,,none,,,,,0.0,0.0,0.0,0.0,0.0,0.0,0.75,11.25
rs1937340303,Ensembl VEP (dbSNP),rs1937340303,rs1937340303,,X,47221620.0,G,A,rs1937340303,ENST00000357227.9:c.-6-1932G>A,,ENST00000357227,NP_006192.1,,,,,other,intron_variant,,,,,,,,,,,none,,,,,0.0,0.0,0.0,0.0,0.0,0.0,0.75,11.25
rs1937339975,Ensembl VEP (dbSNP),rs1937339975,rs1937339975,,X,47221611.0,A,G,rs1937339975,ENST00000357227.9:c.-6-1941A>G,,ENST00000357227,NP_006192.1,,,,,other,intron_variant,,,,,,,,,,,none,,,,,0.0,0.0,0.0,0.0,0.0,0.0,0.75,11.25
rs1937338720,Ensembl VEP (dbSNP),rs1937338720,rs1937338720,,X,47221592.0,T,C,rs1937338720,ENST00000357227.9:c.-6-1960T>C,,ENST00000357227,NP_006192.1,,,,,other,intron_variant,,,,,,,,,,,none,,,,,0.0,0.0,0.0,0.0,0.0,0.0,0.75,11.25
rs1937338548,Ensembl VEP (dbSNP),rs1937338548,rs1937338548,,X,47221591.0,C,G,rs1937338548,ENST00000357227.9:c.-6-1961C>G,,ENST00000357227,NP_006192.1,,,,,other,intron_variant,,,,,,,,,,,none,,,,,0.0,0.0,0.0,0.0,0.0,0.0,0.75,11.25
rs1937338201,Ensembl VEP (dbSNP),rs1937338201,rs1937338201,,X,47221585.0,C,T,rs1937338201,ENST00000357227.9:c.-6-1967C>T,,ENST00000357227,NP_006192.1,,,,,other,intron_variant,,,,,,,,,,,none,,,,,0.0,0.0,0.0,0.0,0.0,0.0,0.75,11.25
rs1937337572,Ensembl VEP (dbSNP),rs1937337572,rs1937337572,,X,47221570.0,A,G,rs1937337572,ENST00000357227.9:c.-6-1982A>G,,ENST00000357227,NP_006192.1,,,,,other,intron_variant,,,,,,,,,,,none,,,,,0.0,0.0,0.0,0.0,0.0,0.0,0.75,11.25
rs1937337399,Ensembl VEP (dbSNP),rs1937337399,rs1937337399,,X,47221568.0,C,T,rs1937337399,ENST00000357227.9:c.-6-1984C>T,,ENST00000357227,NP_006192.1,,,,,other,intron_variant,,,,,,,,,,,none,,,,,0.0,0.0,0.0,0.0,0.0,0.0,0.75,11.25
rs1937336792,Ensembl VEP (dbSNP),rs1937336792,rs1937336792,,X,47221542.0,G,T,rs1937336792,ENST00000357227.9:c.-6-2010G>T,,ENST00000357227,NP_006192.1,,,,,other,intron_variant,,,,,,,,,,,none,,,,,0.0,0.0,0.0,0.0,0.0,0.0,0.75,11.25
rs1937336627,Ensembl VEP (dbSNP),rs1937336627,rs1937336627,,X,47221539.0,C,A,rs1937336627,ENST00000357227.9:c.-6-2013C>A,,ENST00000357227,NP_006192.1,,,,,other,intron_variant,,,,,,,,,,,none,,,,,0.0,0.0,0.0,0.0,0.0,0.0,0.75,11.25
rs1937336305,Ensembl VEP (dbSNP),rs1937336305,rs1937336305,,X,47221522.0,T,G,rs1937336305,ENST00000357227.9:c.-6-2030T>G,,ENST00000357227,NP_006192.1,,,,,other,intron_variant,,,,,,,,,,,none,,,,,0.0,0.0,0.0,0.0,0.0,0.0,0.75,11.25
rs1937335382,Ensembl VEP (dbSNP),rs1937335382,rs1937335382,,X,47221503.0,G,A,rs1937335382,ENST00000357227.9:c.-6-2049G>A,,ENST00000357227,NP_006192.1,,,,,other,intron_variant,,,,,,,,,,,none,,,,,0.0,0.0,0.0,0.0,0.0,0.0,0.75,11.25
rs1937335231,Ensembl VEP (dbSNP),rs1937335231,rs1937335231,,X,47221486.0,G,A,rs1937335231,ENST00000357227.9:c.-6-2066G>A,,ENST00000357227,NP_006192.1,,,,,other,intron_variant,,,,,,,,,,,none,,,,,0.0,0.0,0.0,0.0,0.0,0.0,0.75,11.25
rs1937334709,Ensembl VEP (dbSNP),rs1937334709,rs1937334709,,X,47221478.0,A,T,rs1937334709,ENST00000357227.9:c.-6-2074A>T,,ENST00000357227,NP_006192.1,,,,,other,intron_variant,,,,,,,,,,,none,,,,,0.0,0.0,0.0,0.0,0.0,0.0,0.75,11.25
rs1937334394,Ensembl VEP (dbSNP),rs1937334394,rs1937334394,,X,47221471.0,A,G,rs1937334394,ENST00000357227.9:c.-6-2081A>G,,ENST00000357227,NP_006192.1,,,,,other,intron_variant,,,,,,,,,,,none,,,,,0.0,0.0,0.0,0.0,0.0,0.0,0.75,11.25
rs1937333937,Ensembl VEP (dbSNP),rs1937333937,rs1937333937,,X,47221447.0,-,C,rs1937333937,ENST00000357227.9:c.-6-2106dup,,ENST00000357227,NP_006192.1,,,,,other,intron_variant,,,,,,,,,,,none,,,,,0.0,0.0,0.0,0.0,0.0,0.0,0.75,11.25
rs1937333785,Ensembl VEP (dbSNP),rs1937333785,rs1937333785,,X,47221446.0,C,T,rs1937333785,ENST00000357227.9:c.-6-2106C>T,,ENST00000357227,NP_006192.1,,,,,other,intron_variant,,,,,,,,,,,none,,,,,0.0,0.0,0.0,0.0,0.0,0.0,0.75,11.25
rs1937333636,Ensembl VEP (dbSNP),rs1937333636,rs1937333636,,X,47221445.0,-,T,rs1937333636,ENST00000357227.9:c.-6-2108dup,,ENST00000357227,NP_006192.1,,,,,other,intron_variant,,,,,,,,,,,none,,,,,0.0,0.0,0.0,0.0,0.0,0.0,0.75,11.25
rs1937333473,Ensembl VEP (dbSNP),rs1937333473,rs1937333473,,X,47221435.0,T,C,rs1937333473,ENST00000357227.9:c.-6-2117T>C,,ENST00000357227,NP_006192.1,,,,,other,intron_variant,,,,,,,,,,,none,,,,,0.0,0.0,0.0,0.0,0.0,0.0,0.75,11.25
rs1937332023,Ensembl VEP (dbSNP),rs1937332023,rs1937332023,,X,47221406.0,-,C,rs1937332023,ENST00000357227.9:c.-6-2147dup,,ENST00000357227,NP_006192.1,,,,,other,intron_variant,,,,,,,,,,,none,,,,,0.0,0.0,0.0,0.0,0.0,0.0,0.75,11.25
rs1937330715,Ensembl VEP (dbSNP),rs1937330715,rs1937330715,,X,47221365.0,G,C,rs1937330715,ENST00000357227.9:c.-6-2187G>C,,ENST00000357227,NP_006192.1,,,,,other,intron_variant,,,,,,,,,,,none,,,,,0.0,0.0,0.0,0.0,0.0,0.0,0.75,11.25
rs1937330400,Ensembl VEP (dbSNP),rs1937330400,rs1937330400,,X,47221361.0,A,G,rs1937330400,ENST00000357227.9:c.-6-2191A>G,,ENST00000357227,NP_006192.1,,,,,other,intron_variant,,,,,,,,,,,none,,,,,0.0,0.0,0.0,0.0,0.0,0.0,0.75,11.25
rs1937329254,Ensembl VEP (dbSNP),rs1937329254,rs1937329254,,X,47221350.0,T,G,rs1937329254,ENST00000357227.9:c.-6-2202T>G,,ENST00000357227,NP_006192.1,,,,,other,intron_variant,,,,,,,,,,,none,,,,,0.0,0.0,0.0,0.0,0.0,0.0,0.75,11.25
rs1937328571,Ensembl VEP (dbSNP),rs1937328571,rs1937328571,,X,47221336.0,GAT,-,rs1937328571,ENST00000357227.9:c.-6-2216_-6-2214del,,ENST00000357227,NP_006192.1,,,,,other,intron_variant,,,,,,,,,,,none,,,,,0.0,0.0,0.0,0.0,0.0,0.0,0.75,11.25
rs1937327632,Ensembl VEP (dbSNP),rs1937327632,rs1937327632,,X,47221297.0,C,G,rs1937327632,ENST00000357227.9:c.-7+2192C>G,,ENST00000357227,NP_006192.1,,,,,other,intron_variant,,,,,,,,,,,none,,,,,0.0,0.0,0.0,0.0,0.0,0.0,0.75,11.25
rs1937327423,Ensembl VEP (dbSNP),rs1937327423,rs1937327423,,X,47221295.0,C,A,rs1937327423,ENST00000357227.9:c.-7+2190C>A,,ENST00000357227,NP_006192.1,,,,,other,intron_variant,,,,,,,,,,,none,,,,,0.0,0.0,0.0,0.0,0.0,0.0,0.75,11.25
rs1937326817,Ensembl VEP (dbSNP),rs1937326817,rs1937326817,,X,47221278.0,A,G,rs1937326817,ENST00000357227.9:c.-7+2173A>G,,ENST00000357227,NP_006192.1,,,,,other,intron_variant,,,,,,,,,,,none,,,,,0.0,0.0,0.0,0.0,0.0,0.0,0.75,11.25
rs1937326468,Ensembl VEP (dbSNP),rs1937326468,rs1937326468,,X,47221268.0,G,C,rs1937326468,ENST00000357227.9:c.-7+2163G>C,,ENST00000357227,NP_006192.1,,,,,other,intron_variant,,,,,,,,,,,none,,,,,0.0,0.0,0.0,0.0,0.0,0.0,0.75,11.25
rs1937326298,Ensembl VEP (dbSNP),rs1937326298,rs1937326298,,X,47221266.0,G,A,rs1937326298,ENST00000357227.9:c.-7+2161G>A,,ENST00000357227,NP_006192.1,,,,,other,intron_variant,,,,,,,,,,,none,,,,,0.0,0.0,0.0,0.0,0.0,0.0,0.75,11.25
rs1937326133,Ensembl VEP (dbSNP),rs1937326133,rs1937326133,,X,47221264.0,T,G,rs1937326133,ENST00000357227.9:c.-7+2159T>G,,ENST00000357227,NP_006192.1,,,,,other,intron_variant,,,,,,,,,,,none,,,,,0.0,0.0,0.0,0.0,0.0,0.0,0.75,11.25
rs1937325969,Ensembl VEP (dbSNP),rs1937325969,rs1937325969,,X,47221262.0,TTT,-,rs1937325969,ENST00000357227.9:c.-7+2157_-7+2159del,,ENST00000357227,NP_006192.1,,,,,other,intron_variant,,,,,,,,,,,none,,,,,0.0,0.0,0.0,0.0,0.0,0.0,0.75,11.25
rs1937325804,Ensembl VEP (dbSNP),rs1937325804,rs1937325804,,X,47221258.0,C,T,rs1937325804,ENST00000357227.9:c.-7+2153C>T,,ENST00000357227,NP_006192.1,,,,,other,intron_variant,,,,,,,,,,,none,,,,,0.0,0.0,0.0,0.0,0.0,0.0,0.75,11.25
rs1937325334,Ensembl VEP (dbSNP),rs1937325334,rs1937325334,,X,47221238.0,G,A,rs1937325334,ENST00000357227.9:c.-7+2133G>A,,ENST00000357227,NP_006192.1,,,,,other,intron_variant,,,,,,,,,,,none,,,,,0.0,0.0,0.0,0.0,0.0,0.0,0.75,11.25
rs1937324843,Ensembl VEP (dbSNP),rs1937324843,rs1937324843,,X,47221218.0,A,G,rs1937324843,ENST00000357227.9:c.-7+2113A>G,,ENST00000357227,NP_006192.1,,,,,other,intron_variant,,,,,,,,,,,none,,,,,0.0,0.0,0.0,0.0,0.0,0.0,0.75,11.25
rs1937324698,Ensembl VEP (dbSNP),rs1937324698,rs1937324698,,X,47221214.0,G,C,rs1937324698,ENST00000357227.9:c.-7+2109G>C,,ENST00000357227,NP_006192.1,,,,,other,intron_variant,,,,,,,,,,,none,,,,,0.0,0.0,0.0,0.0,0.0,0.0,0.75,11.25
rs1937323359,Ensembl VEP (dbSNP),rs1937323359,rs1937323359,,X,47221179.0,GAGT,-,rs1937323359,ENST00000357227.9:c.-7+2074_-7+2077del,,ENST00000357227,NP_006192.1,,,,,other,intron_variant,,,,,,,,,,,none,,,,,0.0,0.0,0.0,0.0,0.0,0.0,0.75,11.25
rs1937321755,Ensembl VEP (dbSNP),rs1937321755,rs1937321755,,X,47221131.0,G,A,rs1937321755,ENST00000357227.9:c.-7+2026G>A,,ENST00000357227,NP_006192.1,,,,,other,intron_variant,,,,,,,,,,,none,,,,,0.0,0.0,0.0,0.0,0.0,0.0,0.75,11.25
rs1937321570,Ensembl VEP (dbSNP),rs1937321570,rs1937321570,,X,47221130.0,G,A,rs1937321570,ENST00000357227.9:c.-7+2025G>A,,ENST00000357227,NP_006192.1,,,,,other,intron_variant,,,,,,,,,,,none,,,,,0.0,0.0,0.0,0.0,0.0,0.0,0.75,11.25
rs1937321030,Ensembl VEP (dbSNP),rs1937321030,rs1937321030,,X,47221126.0,A,T,rs1937321030,ENST00000357227.9:c.-7+2021A>T,,ENST00000357227,NP_006192.1,,,,,other,intron_variant,,,,,,,,,,,none,,,,,0.0,0.0,0.0,0.0,0.0,0.0,0.75,11.25
rs1937320003,Ensembl VEP (dbSNP),rs1937320003,rs1937320003,,X,47221103.0,C,T,rs1937320003,ENST00000357227.9:c.-7+1998C>T,,ENST00000357227,NP_006192.1,,,,,other,intron_variant,,,,,,,,,,,none,,,,,0.0,0.0,0.0,0.0,0.0,0.0,0.75,11.25
rs1937319084,Ensembl VEP (dbSNP),rs1937319084,rs1937319084,,X,47221078.0,T,C,rs1937319084,ENST00000357227.9:c.-7+1973T>C,,ENST00000357227,NP_006192.1,,,,,other,intron_variant,,,,,,,,,,,none,,,,,0.0,0.0,0.0,0.0,0.0,0.0,0.75,11.25
rs1937318750,Ensembl VEP (dbSNP),rs1937318750,rs1937318750,,X,47221067.0,A,C,rs1937318750,ENST00000357227.9:c.-7+1962A>C,,ENST00000357227,NP_006192.1,,,,,other,intron_variant,,,,,,,,,,,none,,,,,0.0,0.0,0.0,0.0,0.0,0.0,0.75,11.25
rs1937318439,Ensembl VEP (dbSNP),rs1937318439,rs1937318439,,X,47221060.0,G,A,rs1937318439,ENST00000357227.9:c.-7+1955G>A,,ENST00000357227,NP_006192.1,,,,,other,intron_variant,,,,,,,,,,,none,,,,,0.0,0.0,0.0,0.0,0.0,0.0,0.75,11.25
rs1937318300,Ensembl VEP (dbSNP),rs1937318300,rs1937318300,,X,47221059.0,T,C,rs1937318300,ENST00000357227.9:c.-7+1954T>C,,ENST00000357227,NP_006192.1,,,,,other,intron_variant,,,,,,,,,,,none,,,,,0.0,0.0,0.0,0.0,0.0,0.0,0.75,11.25
rs1937317618,Ensembl VEP (dbSNP),rs1937317618,rs1937317618,,X,47221042.0,G,A,rs1937317618,ENST00000357227.9:c.-7+1937G>A,,ENST00000357227,NP_006192.1,,,,,other,intron_variant,,,,,,,,,,,none,,,,,0.0,0.0,0.0,0.0,0.0,0.0,0.75,11.25
rs1937316777,Ensembl VEP (dbSNP),rs1937316777,rs1937316777,,X,47221028.0,G,A,rs1937316777,ENST00000357227.9:c.-7+1923G>A,,ENST00000357227,NP_006192.1,,,,,other,intron_variant,,,,,,,,,,,none,,,,,0.0,0.0,0.0,0.0,0.0,0.0,0.75,11.25
rs1937316180,Ensembl VEP (dbSNP),rs1937316180,rs1937316180,,X,47221005.0,A,T,rs1937316180,ENST00000357227.9:c.-7+1900A>T,,ENST00000357227,NP_006192.1,,,,,other,intron_variant,,,,,,,,,,,none,,,,,0.0,0.0,0.0,0.0,0.0,0.0,0.75,11.25
rs1937316018,Ensembl VEP (dbSNP),rs1937316018,rs1937316018,,X,47221004.0,A,G,rs1937316018,ENST00000357227.9:c.-7+1899A>G,,ENST00000357227,NP_006192.1,,,,,other,intron_variant,,,,,,,,,,,none,,,,,0.0,0.0,0.0,0.0,0.0,0.0,0.75,11.25
rs1937315843,Ensembl VEP (dbSNP),rs1937315843,rs1937315843,,X,47221001.0,G,A,rs1937315843,ENST00000357227.9:c.-7+1896G>A,,ENST00000357227,NP_006192.1,,,,,other,intron_variant,,,,,,,,,,,none,,,,,0.0,0.0,0.0,0.0,0.0,0.0,0.75,11.25
rs1937315689,Ensembl VEP (dbSNP),rs1937315689,rs1937315689,,X,47220998.0,G,A,rs1937315689,ENST00000357227.9:c.-7+1893G>A,,ENST00000357227,NP_006192.1,,,,,other,intron_variant,,,,,,,,,,,none,,,,,0.0,0.0,0.0,0.0,0.0,0.0,0.75,11.25
rs1937315358,Ensembl VEP (dbSNP),rs1937315358,rs1937315358,,X,47220971.0,G,A,rs1937315358,ENST00000357227.9:c.-7+1866G>A,,ENST00000357227,NP_006192.1,,,,,other,intron_variant,,,,,,,,,,,none,,,,,0.0,0.0,0.0,0.0,0.0,0.0,0.75,11.25
rs1937315192,Ensembl VEP (dbSNP),rs1937315192,rs1937315192,,X,47220970.0,A,G,rs1937315192,ENST00000357227.9:c.-7+1865A>G,,ENST00000357227,NP_006192.1,,,,,other,intron_variant,,,,,,,,,,,none,,,,,0.0,0.0,0.0,0.0,0.0,0.0,0.75,11.25
rs1937314787,Ensembl VEP (dbSNP),rs1937314787,rs1937314787,,X,47220964.0,G,A,rs1937314787,ENST00000357227.9:c.-7+1859G>A,,ENST00000357227,NP_006192.1,,,,,other,intron_variant,,,,,,,,,,,none,,,,,0.0,0.0,0.0,0.0,0.0,0.0,0.75,11.25
rs1937314275,Ensembl VEP (dbSNP),rs1937314275,rs1937314275,,X,47220953.0,G,A,rs1937314275,ENST00000357227.9:c.-7+1848G>A,,ENST00000357227,NP_006192.1,,,,,other,intron_variant,,,,,,,,,,,none,,,,,0.0,0.0,0.0,0.0,0.0,0.0,0.75,11.25
rs1937313926,Ensembl VEP (dbSNP),rs1937313926,rs1937313926,,X,47220944.0,A,G,rs1937313926,ENST00000357227.9:c.-7+1839A>G,,ENST00000357227,NP_006192.1,,,,,other,intron_variant,,,,,,,,,,,none,,,,,0.0,0.0,0.0,0.0,0.0,0.0,0.75,11.25
rs1937313759,Ensembl VEP (dbSNP),rs1937313759,rs1937313759,,X,47220943.0,C,G,rs1937313759,ENST00000357227.9:c.-7+1838C>G,,ENST00000357227,NP_006192.1,,,,,other,intron_variant,,,,,,,,,,,none,,,,,0.0,0.0,0.0,0.0,0.0,0.0,0.75,11.25
rs1937313584,Ensembl VEP (dbSNP),rs1937313584,rs1937313584,,X,47220930.0,A,G,rs1937313584,ENST00000357227.9:c.-7+1825A>G,,ENST00000357227,NP_006192.1,,,,,other,intron_variant,,,,,,,,,,,none,,,,,0.0,0.0,0.0,0.0,0.0,0.0,0.75,11.25
rs1937312513,Ensembl VEP (dbSNP),rs1937312513,rs1937312513,,X,47220913.0,-,A,rs1937312513,ENST00000357227.9:c.-7+1807dup,,ENST00000357227,NP_006192.1,,,,,other,intron_variant,,,,,,,,,,,none,,,,,0.0,0.0,0.0,0.0,0.0,0.0,0.75,11.25
rs1937311680,Ensembl VEP (dbSNP),rs1937311680,rs1937311680,,X,47220878.0,G,T,rs1937311680,ENST00000357227.9:c.-7+1773G>T,,ENST00000357227,NP_006192.1,,,,,other,intron_variant,,,,,,,,,,,none,,,,,0.0,0.0,0.0,0.0,0.0,0.0,0.75,11.25
rs1937310904,Ensembl VEP (dbSNP),rs1937310904,rs1937310904,,X,47220851.0,A,G,rs1937310904,ENST00000357227.9:c.-7+1746A>G,,ENST00000357227,NP_006192.1,,,,,other,intron_variant,,,,,,,,,,,none,,,,,0.0,0.0,0.0,0.0,0.0,0.0,0.75,11.25
rs1937310748,Ensembl VEP (dbSNP),rs1937310748,rs1937310748,,X,47220846.0,C,G,rs1937310748,ENST00000357227.9:c.-7+1741C>G,,ENST00000357227,NP_006192.1,,,,,other,intron_variant,,,,,,,,,,,none,,,,,0.0,0.0,0.0,0.0,0.0,0.0,0.75,11.25
rs1937309093,Ensembl VEP (dbSNP),rs1937309093,rs1937309093,,X,47220801.0,C,T,rs1937309093,ENST00000357227.9:c.-7+1696C>T,,ENST00000357227,NP_006192.1,,,,,other,intron_variant,,,,,,,,,,,none,,,,,0.0,0.0,0.0,0.0,0.0,0.0,0.75,11.25
rs1937308780,Ensembl VEP (dbSNP),rs1937308780,rs1937308780,,X,47220797.0,A,G,rs1937308780,ENST00000357227.9:c.-7+1692A>G,,ENST00000357227,NP_006192.1,,,,,other,intron_variant,,,,,,,,,,,none,,,,,0.0,0.0,0.0,0.0,0.0,0.0,0.75,11.25
rs1937308163,Ensembl VEP (dbSNP),rs1937308163,rs1937308163,,X,47220781.0,G,A,rs1937308163,ENST00000357227.9:c.-7+1676G>A,,ENST00000357227,NP_006192.1,,,,,other,intron_variant,,,,,,,,,,,none,,,,,0.0,0.0,0.0,0.0,0.0,0.0,0.75,11.25
rs1937307827,Ensembl VEP (dbSNP),rs1937307827,rs1937307827,,X,47220756.0,A,G,rs1937307827,ENST00000357227.9:c.-7+1651A>G,,ENST00000357227,NP_006192.1,,,,,other,intron_variant,,,,,,,,,,,none,,,,,0.0,0.0,0.0,0.0,0.0,0.0,0.75,11.25
rs1937306832,Ensembl VEP (dbSNP),rs1937306832,rs1937306832,,X,47220733.0,G,A,rs1937306832,ENST00000357227.9:c.-7+1628G>A,,ENST00000357227,NP_006192.1,,,,,other,intron_variant,,,,,,,,,,,none,,,,,0.0,0.0,0.0,0.0,0.0,0.0,0.75,11.25
rs1937306214,Ensembl VEP (dbSNP),rs1937306214,rs1937306214,,X,47220726.0,C,G,rs1937306214,ENST00000357227.9:c.-7+1621C>G,,ENST00000357227,NP_006192.1,,,,,other,intron_variant,,,,,,,,,,,none,,,,,0.0,0.0,0.0,0.0,0.0,0.0,0.75,11.25
rs1937306035,Ensembl VEP (dbSNP),rs1937306035,rs1937306035,,X,47220724.0,G,C,rs1937306035,ENST00000357227.9:c.-7+1619G>C,,ENST00000357227,NP_006192.1,,,,,other,intron_variant,,,,,,,,,,,none,,,,,0.0,0.0,0.0,0.0,0.0,0.0,0.75,11.25
rs1937305383,Ensembl VEP (dbSNP),rs1937305383,rs1937305383,,X,47220700.0,G,A,rs1937305383,ENST00000357227.9:c.-7+1595G>A,,ENST00000357227,NP_006192.1,,,,,other,intron_variant,,,,,,,,,,,none,,,,,0.0,0.0,0.0,0.0,0.0,0.0,0.75,11.25
rs1937305149,Ensembl VEP (dbSNP),rs1937305149,rs1937305149,,X,47220692.0,C,G,rs1937305149,ENST00000357227.9:c.-7+1587C>G,,ENST00000357227,NP_006192.1,,,,,other,intron_variant,,,,,,,,,,,none,,,,,0.0,0.0,0.0,0.0,0.0,0.0,0.75,11.25
rs1937303858,Ensembl VEP (dbSNP),rs1937303858,rs1937303858,,X,47220674.0,C,G,rs1937303858,ENST00000357227.9:c.-7+1569C>G,,ENST00000357227,NP_006192.1,,,,,other,intron_variant,,,,,,,,,,,none,,,,,0.0,0.0,0.0,0.0,0.0,0.0,0.75,11.25
rs1937303385,Ensembl VEP (dbSNP),rs1937303385,rs1937303385,,X,47220659.0,A,G,rs1937303385,ENST00000357227.9:c.-7+1554A>G,,ENST00000357227,NP_006192.1,,,,,other,intron_variant,,,,,,,,,,,none,,,,,0.0,0.0,0.0,0.0,0.0,0.0,0.75,11.25
rs1937302644,Ensembl VEP (dbSNP),rs1937302644,rs1937302644,,X,47220644.0,A,T,rs1937302644,ENST00000357227.9:c.-7+1539A>T,,ENST00000357227,NP_006192.1,,,,,other,intron_variant,,,,,,,,,,,none,,,,,0.0,0.0,0.0,0.0,0.0,0.0,0.75,11.25
rs1937300913,Ensembl VEP (dbSNP),rs1937300913,rs1937300913,,X,47220608.0,G,T,rs1937300913,ENST00000357227.9:c.-7+1503G>T,,ENST00000357227,NP_006192.1,,,,,other,intron_variant,,,,,,,,,,,none,,,,,0.0,0.0,0.0,0.0,0.0,0.0,0.75,11.25
rs1937300387,Ensembl VEP (dbSNP),rs1937300387,rs1937300387,,X,47220601.0,A,G,rs1937300387,ENST00000357227.9:c.-7+1496A>G,,ENST00000357227,NP_006192.1,,,,,other,intron_variant,,,,,,,,,,,none,,,,,0.0,0.0,0.0,0.0,0.0,0.0,0.75,11.25
rs1937300216,Ensembl VEP (dbSNP),rs1937300216,rs1937300216,,X,47220598.0,C,T,rs1937300216,ENST00000357227.9:c.-7+1493C>T,,ENST00000357227,NP_006192.1,,,,,other,intron_variant,,,,,,,,,,,none,,,,,0.0,0.0,0.0,0.0,0.0,0.0,0.75,11.25
rs1937300039,Ensembl VEP (dbSNP),rs1937300039,rs1937300039,,X,47220597.0,A,C,rs1937300039,ENST00000357227.9:c.-7+1492A>C,,ENST00000357227,NP_006192.1,,,,,other,intron_variant,,,,,,,,,,,none,,,,,0.0,0.0,0.0,0.0,0.0,0.0,0.75,11.25
rs1937299496,Ensembl VEP (dbSNP),rs1937299496,rs1937299496,,X,47220590.0,A,G,rs1937299496,ENST00000357227.9:c.-7+1485A>G,,ENST00000357227,NP_006192.1,,,,,other,intron_variant,,,,,,,,,,,none,,,,,0.0,0.0,0.0,0.0,0.0,0.0,0.75,11.25
rs1937299311,Ensembl VEP (dbSNP),rs1937299311,rs1937299311,,X,47220589.0,C,T,rs1937299311,ENST00000357227.9:c.-7+1484C>T,,ENST00000357227,NP_006192.1,,,,,other,intron_variant,,,,,,,,,,,none,,,,,0.0,0.0,0.0,0.0,0.0,0.0,0.75,11.25
rs1937299127,Ensembl VEP (dbSNP),rs1937299127,rs1937299127,,X,47220586.0,G,T,rs1937299127,ENST00000357227.9:c.-7+1481G>T,,ENST00000357227,NP_006192.1,,,,,other,intron_variant,,,,,,,,,,,none,,,,,0.0,0.0,0.0,0.0,0.0,0.0,0.75,11.25
rs1937298752,Ensembl VEP (dbSNP),rs1937298752,rs1937298752,,X,47220576.0,C,T,rs1937298752,ENST00000357227.9:c.-7+1471C>T,,ENST00000357227,NP_006192.1,,,,,other,intron_variant,,,,,,,,,,,none,,,,,0.0,0.0,0.0,0.0,0.0,0.0,0.75,11.25
rs1937298226,Ensembl VEP (dbSNP),rs1937298226,rs1937298226,,X,47220572.0,A,G,rs1937298226,ENST00000357227.9:c.-7+1467A>G,,ENST00000357227,NP_006192.1,,,,,other,intron_variant,,,,,,,,,,,none,,,,,0.0,0.0,0.0,0.0,0.0,0.0,0.75,11.25
rs1937297851,Ensembl VEP (dbSNP),rs1937297851,rs1937297851,,X,47220567.0,G,A,rs1937297851,ENST00000357227.9:c.-7+1462G>A,,ENST00000357227,NP_006192.1,,,,,other,intron_variant,,,,,,,,,,,none,,,,,0.0,0.0,0.0,0.0,0.0,0.0,0.75,11.25
rs1937297472,Ensembl VEP (dbSNP),rs1937297472,rs1937297472,,X,47220558.0,T,G,rs1937297472,ENST00000357227.9:c.-7+1453T>G,,ENST00000357227,NP_006192.1,,,,,other,intron_variant,,,,,,,,,,,none,,,,,0.0,0.0,0.0,0.0,0.0,0.0,0.75,11.25
rs1937297084,Ensembl VEP (dbSNP),rs1937297084,rs1937297084,,X,47220555.0,G,T,rs1937297084,ENST00000357227.9:c.-7+1450G>T,,ENST00000357227,NP_006192.1,,,,,other,intron_variant,,,,,,,,,,,none,,,,,0.0,0.0,0.0,0.0,0.0,0.0,0.75,11.25
rs1937296912,Ensembl VEP (dbSNP),rs1937296912,rs1937296912,,X,47220547.0,G,C,rs1937296912,ENST00000357227.9:c.-7+1442G>C,,ENST00000357227,NP_006192.1,,,,,other,intron_variant,,,,,,,,,,,none,,,,,0.0,0.0,0.0,0.0,0.0,0.0,0.75,11.25
rs1937296517,Ensembl VEP (dbSNP),rs1937296517,rs1937296517,,X,47220534.0,C,T,rs1937296517,ENST00000357227.9:c.-7+1429C>T,,ENST00000357227,NP_006192.1,,,,,other,intron_variant,,,,,,,,,,,none,,,,,0.0,0.0,0.0,0.0,0.0,0.0,0.75,11.25
rs1937295882,Ensembl VEP (dbSNP),rs1937295882,rs1937295882,,X,47220522.0,A,C,rs1937295882,ENST00000357227.9:c.-7+1417A>C,,ENST00000357227,NP_006192.1,,,,,other,intron_variant,,,,,,,,,,,none,,,,,0.0,0.0,0.0,0.0,0.0,0.0,0.75,11.25
rs1937295506,Ensembl VEP (dbSNP),rs1937295506,rs1937295506,,X,47220518.0,A,G,rs1937295506,ENST00000357227.9:c.-7+1413A>G,,ENST00000357227,NP_006192.1,,,,,other,intron_variant,,,,,,,,,,,none,,,,,0.0,0.0,0.0,0.0,0.0,0.0,0.75,11.25
rs1937295319,Ensembl VEP (dbSNP),rs1937295319,rs1937295319,,X,47220514.0,G,T,rs1937295319,ENST00000357227.9:c.-7+1409G>T,,ENST00000357227,NP_006192.1,,,,,other,intron_variant,,,,,,,,,,,none,,,,,0.0,0.0,0.0,0.0,0.0,0.0,0.75,11.25
rs1937294937,Ensembl VEP (dbSNP),rs1937294937,rs1937294937,,X,47220507.0,-,A,rs1937294937,ENST00000357227.9:c.-7+1401dup,,ENST00000357227,NP_006192.1,,,,,other,intron_variant,,,,,,,,,,,none,,,,,0.0,0.0,0.0,0.0,0.0,0.0,0.75,11.25
rs1937293806,Ensembl VEP (dbSNP),rs1937293806,rs1937293806,,X,47220482.0,GC,-,rs1937293806,ENST00000357227.9:c.-7+1377_-7+1378del,,ENST00000357227,NP_006192.1,,,,,other,intron_variant,,,,,,,,,,,none,,,,,0.0,0.0,0.0,0.0,0.0,0.0,0.75,11.25
rs1937293617,Ensembl VEP (dbSNP),rs1937293617,rs1937293617,,X,47220482.0,G,T,rs1937293617,ENST00000357227.9:c.-7+1377G>T,,ENST00000357227,NP_006192.1,,,,,other,intron_variant,,,,,,,,,,,none,,,,,0.0,0.0,0.0,0.0,0.0,0.0,0.75,11.25
rs1937293378,Ensembl VEP (dbSNP),rs1937293378,rs1937293378,,X,47220481.0,T,C,rs1937293378,ENST00000357227.9:c.-7+1376T>C,,ENST00000357227,NP_006192.1,,,,,other,intron_variant,,,,,,,,,,,none,,,,,0.0,0.0,0.0,0.0,0.0,0.0,0.75,11.25
rs1937293168,Ensembl VEP (dbSNP),rs1937293168,rs1937293168,,X,47220478.0,G,T,rs1937293168,ENST00000357227.9:c.-7+1373G>T,,ENST00000357227,NP_006192.1,,,,,other,intron_variant,,,,,,,,,,,none,,,,,0.0,0.0,0.0,0.0,0.0,0.0,0.75,11.25
rs1937291497,Ensembl VEP (dbSNP),rs1937291497,rs1937291497,,X,47220456.0,TA,-,rs1937291497,ENST00000357227.9:c.-7+1351_-7+1352del,,ENST00000357227,NP_006192.1,,,,,other,intron_variant,,,,,,,,,,,none,,,,,0.0,0.0,0.0,0.0,0.0,0.0,0.75,11.25
rs1937290708,Ensembl VEP (dbSNP),rs1937290708,rs1937290708,,X,47220452.0,GG,-,rs1937290708,ENST00000357227.9:c.-7+1347_-7+1348del,,ENST00000357227,NP_006192.1,,,,,other,intron_variant,,,,,,,,,,,none,,,,,0.0,0.0,0.0,0.0,0.0,0.0,0.75,11.25
rs1937289389,Ensembl VEP (dbSNP),rs1937289389,rs1937289389,,X,47220442.0,G,GG,rs1937289389,ENST00000357227.9:c.-7+1337dup,,ENST00000357227,NP_006192.1,,,,,other,intron_variant,,,,,,,,,,,none,,,,,0.0,0.0,0.0,0.0,0.0,0.0,0.75,11.25
rs1937289197,Ensembl VEP (dbSNP),rs1937289197,rs1937289197,,X,47220442.0,G,A,rs1937289197,ENST00000357227.9:c.-7+1337G>A,,ENST00000357227,NP_006192.1,,,,,other,intron_variant,,,,,,,,,,,none,,,,,0.0,0.0,0.0,0.0,0.0,0.0,0.75,11.25
rs1937287857,Ensembl VEP (dbSNP),rs1937287857,rs1937287857,,X,47220429.0,TGATGAT,TGAT,rs1937287857,ENST00000357227.9:c.-7+1328_-7+1330del,,ENST00000357227,NP_006192.1,,,,,other,intron_variant,,,,,,,,,,,none,,,,,0.0,0.0,0.0,0.0,0.0,0.0,0.75,11.25
rs1937287479,Ensembl VEP (dbSNP),rs1937287479,rs1937287479,,X,47220423.0,A,G,rs1937287479,ENST00000357227.9:c.-7+1318A>G,,ENST00000357227,NP_006192.1,,,,,other,intron_variant,,,,,,,,,,,none,,,,,0.0,0.0,0.0,0.0,0.0,0.0,0.75,11.25
rs1937287085,Ensembl VEP (dbSNP),rs1937287085,rs1937287085,,X,47220409.0,C,T,rs1937287085,ENST00000357227.9:c.-7+1304C>T,,ENST00000357227,NP_006192.1,,,,,other,intron_variant,,,,,,,,,,,none,,,,,0.0,0.0,0.0,0.0,0.0,0.0,0.75,11.25
rs1937286549,Ensembl VEP (dbSNP),rs1937286549,rs1937286549,,X,47220401.0,G,A,rs1937286549,ENST00000357227.9:c.-7+1296G>A,,ENST00000357227,NP_006192.1,,,,,other,intron_variant,,,,,,,,,,,none,,,,,0.0,0.0,0.0,0.0,0.0,0.0,0.75,11.25
rs1937286146,Ensembl VEP (dbSNP),rs1937286146,rs1937286146,,X,47220396.0,T,A,rs1937286146,ENST00000357227.9:c.-7+1291T>A,,ENST00000357227,NP_006192.1,,,,,other,intron_variant,,,,,,,,,,,none,,,,,0.0,0.0,0.0,0.0,0.0,0.0,0.75,11.25
rs1937285301,Ensembl VEP (dbSNP),rs1937285301,rs1937285301,,X,47220387.0,G,C,rs1937285301,ENST00000357227.9:c.-7+1282G>C,,ENST00000357227,NP_006192.1,,,,,other,intron_variant,,,,,,,,,,,none,,,,,0.0,0.0,0.0,0.0,0.0,0.0,0.75,11.25
rs1937284905,Ensembl VEP (dbSNP),rs1937284905,rs1937284905,,X,47220376.0,A,G,rs1937284905,ENST00000357227.9:c.-7+1271A>G,,ENST00000357227,NP_006192.1,,,,,other,intron_variant,,,,,,,,,,,none,,,,,0.0,0.0,0.0,0.0,0.0,0.0,0.75,11.25
rs1937284514,Ensembl VEP (dbSNP),rs1937284514,rs1937284514,,X,47220356.0,C,T,rs1937284514,ENST00000357227.9:c.-7+1251C>T,,ENST00000357227,NP_006192.1,,,,,other,intron_variant,,,,,,,,,,,none,,,,,0.0,0.0,0.0,0.0,0.0,0.0,0.75,11.25
rs1937283930,Ensembl VEP (dbSNP),rs1937283930,rs1937283930,,X,47220332.0,G,T,rs1937283930,ENST00000357227.9:c.-7+1227G>T,,ENST00000357227,NP_006192.1,,,,,other,intron_variant,,,,,,,,,,,none,,,,,0.0,0.0,0.0,0.0,0.0,0.0,0.75,11.25
rs1937283539,Ensembl VEP (dbSNP),rs1937283539,rs1937283539,,X,47220325.0,A,G,rs1937283539,ENST00000357227.9:c.-7+1220A>G,,ENST00000357227,NP_006192.1,,,,,other,intron_variant,,,,,,,,,,,none,,,,,0.0,0.0,0.0,0.0,0.0,0.0,0.75,11.25
rs1937282878,Ensembl VEP (dbSNP),rs1937282878,rs1937282878,,X,47220305.0,C,T,rs1937282878,ENST00000357227.9:c.-7+1200C>T,,ENST00000357227,NP_006192.1,,,,,other,intron_variant,,,,,,,,,,,none,,,,,0.0,0.0,0.0,0.0,0.0,0.0,0.75,11.25
rs1937282267,Ensembl VEP (dbSNP),rs1937282267,rs1937282267,,X,47220298.0,A,G,rs1937282267,ENST00000357227.9:c.-7+1193A>G,,ENST00000357227,NP_006192.1,,,,,other,intron_variant,,,,,,,,,,,none,,,,,0.0,0.0,0.0,0.0,0.0,0.0,0.75,11.25
rs1937281146,Ensembl VEP (dbSNP),rs1937281146,rs1937281146,,X,47220273.0,G,T,rs1937281146,ENST00000357227.9:c.-7+1168G>T,,ENST00000357227,NP_006192.1,,,,,other,intron_variant,,,,,,,,,,,none,,,,,0.0,0.0,0.0,0.0,0.0,0.0,0.75,11.25
rs1937280550,Ensembl VEP (dbSNP),rs1937280550,rs1937280550,,X,47220253.0,G,A,rs1937280550,ENST00000357227.9:c.-7+1148G>A,,ENST00000357227,NP_006192.1,,,,,other,intron_variant,,,,,,,,,,,none,,,,,0.0,0.0,0.0,0.0,0.0,0.0,0.75,11.25
rs1937279744,Ensembl VEP (dbSNP),rs1937279744,rs1937279744,,X,47220249.0,C,T,rs1937279744,ENST00000357227.9:c.-7+1144C>T,,ENST00000357227,NP_006192.1,,,,,other,intron_variant,,,,,,,,,,,none,,,,,0.0,0.0,0.0,0.0,0.0,0.0,0.75,11.25
rs1937279171,Ensembl VEP (dbSNP),rs1937279171,rs1937279171,,X,47220227.0,G,A,rs1937279171,ENST00000357227.9:c.-7+1122G>A,,ENST00000357227,NP_006192.1,,,,,other,intron_variant,,,,,,,,,,,none,,,,,0.0,0.0,0.0,0.0,0.0,0.0,0.75,11.25
rs1937278975,Ensembl VEP (dbSNP),rs1937278975,rs1937278975,,X,47220220.0,G,A,rs1937278975,ENST00000357227.9:c.-7+1115G>A,,ENST00000357227,NP_006192.1,,,,,other,intron_variant,,,,,,,,,,,none,,,,,0.0,0.0,0.0,0.0,0.0,0.0,0.75,11.25
rs1937278019,Ensembl VEP (dbSNP),rs1937278019,rs1937278019,,X,47220191.0,T,A,rs1937278019,ENST00000357227.9:c.-7+1086T>A,,ENST00000357227,NP_006192.1,,,,,other,intron_variant,,,,,,,,,,,none,,,,,0.0,0.0,0.0,0.0,0.0,0.0,0.75,11.25
rs1937277611,Ensembl VEP (dbSNP),rs1937277611,rs1937277611,,X,47220184.0,A,T,rs1937277611,ENST00000357227.9:c.-7+1079A>T,,ENST00000357227,NP_006192.1,,,,,other,intron_variant,,,,,,,,,,,none,,,,,0.0,0.0,0.0,0.0,0.0,0.0,0.75,11.25
rs1937277195,Ensembl VEP (dbSNP),rs1937277195,rs1937277195,,X,47220177.0,G,A,rs1937277195,ENST00000357227.9:c.-7+1072G>A,,ENST00000357227,NP_006192.1,,,,,other,intron_variant,,,,,,,,,,,none,,,,,0.0,0.0,0.0,0.0,0.0,0.0,0.75,11.25
rs1937277010,Ensembl VEP (dbSNP),rs1937277010,rs1937277010,,X,47220176.0,C,T,rs1937277010,ENST00000357227.9:c.-7+1071C>T,,ENST00000357227,NP_006192.1,,,,,other,intron_variant,,,,,,,,,,,none,,,,,0.0,0.0,0.0,0.0,0.0,0.0,0.75,11.25
rs1937274928,Ensembl VEP (dbSNP),rs1937274928,rs1937274928,,X,47220117.0,-,TAGAA,rs1937274928,,,ENST00000335972,NP_006192.1,,,,,other,downstream_gene_variant,,,,,,,,,,,none,,,,,0.0,0.0,0.0,0.0,0.0,0.0,0.5,7.5
rs1937274746,Ensembl VEP (dbSNP),rs1937274746,rs1937274746,,X,47220111.0,A,-,rs1937274746,,,ENST00000335972,NP_006192.1,,,,,other,downstream_gene_variant,,,,,,,,,,,none,,,,,0.0,0.0,0.0,0.0,0.0,0.0,0.5,7.5
rs1937274158,Ensembl VEP (dbSNP),rs1937274158,rs1937274158,,X,47220102.0,A,G,rs1937274158,,,ENST00000335972,NP_006192.1,,,,,other,downstream_gene_variant,,,,,,,,,,,none,,,,,0.0,0.0,0.0,0.0,0.0,0.0,0.5,7.5
rs1937273575,Ensembl VEP (dbSNP),rs1937273575,rs1937273575,,X,47220091.0,C,G,rs1937273575,,,ENST00000335972,NP_006192.1,,,,,other,downstream_gene_variant,,,,,,,,,,,none,,,,,0.0,0.0,0.0,0.0,0.0,0.0,0.5,7.5
rs1937273188,Ensembl VEP (dbSNP),rs1937273188,rs1937273188,,X,47220087.0,G,A,rs1937273188,,,ENST00000335972,NP_006192.1,,,,,other,downstream_gene_variant,,,,,,,,,,,none,,,,,0.0,0.0,0.0,0.0,0.0,0.0,0.5,7.5
rs1937272155,Ensembl VEP (dbSNP),rs1937272155,rs1937272155,,X,47220068.0,AG,-,rs1937272155,,,ENST00000335972,NP_006192.1,,,,,other,downstream_gene_variant,,,,,,,,,,,none,,,,,0.0,0.0,0.0,0.0,0.0,0.0,0.5,7.5
rs1937270628,Ensembl VEP (dbSNP),rs1937270628,rs1937270628,,X,47220051.0,AGTG,-,rs1937270628,,,ENST00000335972,NP_006192.1,,,,,other,downstream_gene_variant,,,,,,,,,,,none,,,,,0.0,0.0,0.0,0.0,0.0,0.0,0.5,7.5
rs1937269218,Ensembl VEP (dbSNP),rs1937269218,rs1937269218,,X,47220014.0,G,A,rs1937269218,,,ENST00000335972,NP_006192.1,,,,,other,downstream_gene_variant,,,,,,,,,,,none,,,,,0.0,0.0,0.0,0.0,0.0,0.0,0.5,7.5
rs1937269028,Ensembl VEP (dbSNP),rs1937269028,rs1937269028,,X,47220013.0,G,A,rs1937269028,,,ENST00000335972,NP_006192.1,,,,,other,downstream_gene_variant,,,,,,,,,,,none,,,,,0.0,0.0,0.0,0.0,0.0,0.0,0.5,7.5
rs1937268830,Ensembl VEP (dbSNP),rs1937268830,rs1937268830,,X,47220006.0,T,C,rs1937268830,,,ENST00000335972,NP_006192.1,,,,,other,downstream_gene_variant,,,,,,,,,,,none,,,,,0.0,0.0,0.0,0.0,0.0,0.0,0.5,7.5
rs1937268372,Ensembl VEP (dbSNP),rs1937268372,rs1937268372,,X,47220004.0,A,G,rs1937268372,,,ENST00000335972,NP_006192.1,,,,,other,downstream_gene_variant,,,,,,,,,,,none,,,,,0.0,0.0,0.0,0.0,0.0,0.0,0.5,7.5
rs1937267642,Ensembl VEP (dbSNP),rs1937267642,rs1937267642,,X,47219981.0,G,-,rs1937267642,,,ENST00000335972,NP_006192.1,,,,,other,downstream_gene_variant,,,,,,,,,,,none,,,,,0.0,0.0,0.0,0.0,0.0,0.0,0.5,7.5
rs1937266695,Ensembl VEP (dbSNP),rs1937266695,rs1937266695,,X,47219965.0,G,A,rs1937266695,,,ENST00000335972,NP_006192.1,,,,,other,downstream_gene_variant,,,,,,,,,,,none,,,,,0.0,0.0,0.0,0.0,0.0,0.0,0.5,7.5
rs1937265126,Ensembl VEP (dbSNP),rs1937265126,rs1937265126,,X,47219941.0,A,G,rs1937265126,,,ENST00000335972,NP_006192.1,,,,,other,downstream_gene_variant,,,,,,,,,,,none,,,,,0.0,0.0,0.0,0.0,0.0,0.0,0.5,7.5
rs1937264913,Ensembl VEP (dbSNP),rs1937264913,rs1937264913,,X,47219939.0,C,T,rs1937264913,,,ENST00000335972,NP_006192.1,,,,,other,downstream_gene_variant,,,,,,,,,,,none,,,,,0.0,0.0,0.0,0.0,0.0,0.0,0.5,7.5
rs1937264354,Ensembl VEP (dbSNP),rs1937264354,rs1937264354,,X,47219919.0,G,A,rs1937264354,,,ENST00000335972,NP_006192.1,,,,,other,downstream_gene_variant,,,,,,,,,,,none,,,,,0.0,0.0,0.0,0.0,0.0,0.0,0.5,7.5
rs1937264141,Ensembl VEP (dbSNP),rs1937264141,rs1937264141,,X,47219909.0,A,T,rs1937264141,,,ENST00000335972,NP_006192.1,,,,,other,downstream_gene_variant,,,,,,,,,,,none,,,,,0.0,0.0,0.0,0.0,0.0,0.0,0.5,7.5
rs1937263639,Ensembl VEP (dbSNP),rs1937263639,rs1937263639,,X,47219906.0,-,GGAC,rs1937263639,,,ENST00000335972,NP_006192.1,,,,,other,downstream_gene_variant,,,,,,,,,,,none,,,,,0.0,0.0,0.0,0.0,0.0,0.0,0.5,7.5
rs1937263269,Ensembl VEP (dbSNP),rs1937263269,rs1937263269,,X,47219904.0,A,G,rs1937263269,,,ENST00000335972,NP_006192.1,,,,,other,downstream_gene_variant,,,,,,,,,,,none,,,,,0.0,0.0,0.0,0.0,0.0,0.0,0.5,7.5
rs1937262279,Ensembl VEP (dbSNP),rs1937262279,rs1937262279,,X,47219898.0,G,-,rs1937262279,,,ENST00000335972,NP_006192.1,,,,,other,downstream_gene_variant,,,,,,,,,,,none,,,,,0.0,0.0,0.0,0.0,0.0,0.0,0.5,7.5
rs1937261902,Ensembl VEP (dbSNP),rs1937261902,rs1937261902,,X,47219892.0,CTGAGGGTATCTAACGGAGGAAGGAC,-,rs1937261902,,,ENST00000335972,NP_006192.1,,,,,other,downstream_gene_variant,,,,,,,,,,,none,,,,,0.0,0.0,0.0,0.0,0.0,0.0,0.5,7.5
rs1937261073,Ensembl VEP (dbSNP),rs1937261073,rs1937261073,,X,47219869.0,T,C,rs1937261073,,,ENST00000335972,NP_006192.1,,,,,other,downstream_gene_variant,,,,,,,,,,,none,,,,,0.0,0.0,0.0,0.0,0.0,0.0,0.5,7.5
rs1937260172,Ensembl VEP (dbSNP),rs1937260172,rs1937260172,,X,47219852.0,G,A,rs1937260172,,,ENST00000335972,NP_006192.1,,,,,other,downstream_gene_variant,,,,,,,,,,,none,,,,,0.0,0.0,0.0,0.0,0.0,0.0,0.5,7.5
rs1937258658,Ensembl VEP (dbSNP),rs1937258658,rs1937258658,,X,47219821.0,G,A,rs1937258658,,,ENST00000335972,NP_006192.1,,,,,other,downstream_gene_variant,,,,,,,,,,,none,,,,,0.0,0.0,0.0,0.0,0.0,0.0,0.5,7.5
rs1937258264,Ensembl VEP (dbSNP),rs1937258264,rs1937258264,,X,47219814.0,G,A,rs1937258264,,,ENST00000335972,NP_006192.1,,,,,other,downstream_gene_variant,,,,,,,,,,,none,,,,,0.0,0.0,0.0,0.0,0.0,0.0,0.5,7.5
rs1937258058,Ensembl VEP (dbSNP),rs1937258058,rs1937258058,,X,47219812.0,A,G,rs1937258058,,,ENST00000335972,NP_006192.1,,,,,other,downstream_gene_variant,,,,,,,,,,,none,,,,,0.0,0.0,0.0,0.0,0.0,0.0,0.5,7.5
rs1937257009,Ensembl VEP (dbSNP),rs1937257009,rs1937257009,,X,47219786.0,T,C,rs1937257009,,,ENST00000335972,NP_006192.1,,,,,other,downstream_gene_variant,,,,,,,,,,,none,,,,,0.0,0.0,0.0,0.0,0.0,0.0,0.5,7.5
rs1937256849,Ensembl VEP (dbSNP),rs1937256849,rs1937256849,,X,47219781.0,G,C,rs1937256849,,,ENST00000335972,NP_006192.1,,,,,other,downstream_gene_variant,,,,,,,,,,,none,,,,,0.0,0.0,0.0,0.0,0.0,0.0,0.5,7.5
rs1937256384,Ensembl VEP (dbSNP),rs1937256384,rs1937256384,,X,47219778.0,G,A,rs1937256384,,,ENST00000335972,NP_006192.1,,,,,other,downstream_gene_variant,,,,,,,,,,,none,,,,,0.0,0.0,0.0,0.0,0.0,0.0,0.5,7.5
rs1937255717,Ensembl VEP (dbSNP),rs1937255717,rs1937255717,,X,47219772.0,T,C,rs1937255717,,,ENST00000335972,NP_006192.1,,,,,other,downstream_gene_variant,,,,,,,,,,,none,,,,,0.0,0.0,0.0,0.0,0.0,0.0,0.5,7.5
rs1937254742,Ensembl VEP (dbSNP),rs1937254742,rs1937254742,,X,47219760.0,T,C,rs1937254742,,,ENST00000335972,NP_006192.1,,,,,other,downstream_gene_variant,,,,,,,,,,,none,,,,,0.0,0.0,0.0,0.0,0.0,0.0,0.5,7.5
rs1937254138,Ensembl VEP (dbSNP),rs1937254138,rs1937254138,,X,47219756.0,CAGGTAGCTGAAGGACTCG,-,rs1937254138,,,ENST00000335972,NP_006192.1,,,,,other,downstream_gene_variant,,,,,,,,,,,none,,,,,0.0,0.0,0.0,0.0,0.0,0.0,0.5,7.5
rs1937253552,Ensembl VEP (dbSNP),rs1937253552,rs1937253552,,X,47219749.0,TGGAGGGCAGGTAGCTG,-,rs1937253552,,,ENST00000335972,NP_006192.1,,,,,other,downstream_gene_variant,,,,,,,,,,,none,,,,,0.0,0.0,0.0,0.0,0.0,0.0,0.5,7.5
rs1937253370,Ensembl VEP (dbSNP),rs1937253370,rs1937253370,,X,47219745.0,C,T,rs1937253370,,,ENST00000335972,NP_006192.1,,,,,other,downstream_gene_variant,,,,,,,,,,,none,,,,,0.0,0.0,0.0,0.0,0.0,0.0,0.5,7.5
rs1937252997,Ensembl VEP (dbSNP),rs1937252997,rs1937252997,,X,47219736.0,C,T,rs1937252997,,,ENST00000335972,NP_006192.1,,,,,other,downstream_gene_variant,,,,,,,,,,,none,,,,,0.0,0.0,0.0,0.0,0.0,0.0,0.5,7.5
rs1937252260,Ensembl VEP (dbSNP),rs1937252260,rs1937252260,,X,47219730.0,AGAATGCAGTGTGTG,-,rs1937252260,,,ENST00000335972,NP_006192.1,,,,,other,downstream_gene_variant,,,,,,,,,,,none,,,,,0.0,0.0,0.0,0.0,0.0,0.0,0.5,7.5
rs1937251990,Ensembl VEP (dbSNP),rs1937251990,rs1937251990,,X,47219714.0,G,A,rs1937251990,,,ENST00000335972,NP_006192.1,,,,,other,downstream_gene_variant,,,,,,,,,,,none,,,,,0.0,0.0,0.0,0.0,0.0,0.0,0.5,7.5
rs1937251822,Ensembl VEP (dbSNP),rs1937251822,rs1937251822,,X,47219712.0,T,C,rs1937251822,,,ENST00000335972,NP_006192.1,,,,,other,downstream_gene_variant,,,,,,,,,,,none,,,,,0.0,0.0,0.0,0.0,0.0,0.0,0.5,7.5
rs1937251452,Ensembl VEP (dbSNP),rs1937251452,rs1937251452,,X,47219710.0,C,T,rs1937251452,,,ENST00000335972,NP_006192.1,,,,,other,downstream_gene_variant,,,,,,,,,,,none,,,,,0.0,0.0,0.0,0.0,0.0,0.0,0.5,7.5
rs1937250047,Ensembl VEP (dbSNP),rs1937250047,rs1937250047,,X,47219675.0,G,A,rs1937250047,,,ENST00000335972,NP_006192.1,,,,,other,downstream_gene_variant,,,,,,,,,,,none,,,,,0.0,0.0,0.0,0.0,0.0,0.0,0.5,7.5
rs1937249849,Ensembl VEP (dbSNP),rs1937249849,rs1937249849,,X,47219672.0,G,A,rs1937249849,,,ENST00000335972,NP_006192.1,,,,,other,downstream_gene_variant,,,,,,,,,,,none,,,,,0.0,0.0,0.0,0.0,0.0,0.0,0.5,7.5
rs1937249428,Ensembl VEP (dbSNP),rs1937249428,rs1937249428,,X,47219667.0,G,C,rs1937249428,,,ENST00000335972,NP_006192.1,,,,,other,downstream_gene_variant,,,,,,,,,,,none,,,,,0.0,0.0,0.0,0.0,0.0,0.0,0.5,7.5
rs1937249231,Ensembl VEP (dbSNP),rs1937249231,rs1937249231,,X,47219659.0,C,T,rs1937249231,,,ENST00000335972,NP_006192.1,,,,,other,downstream_gene_variant,,,,,,,,,,,none,,,,,0.0,0.0,0.0,0.0,0.0,0.0,0.5,7.5
rs1937249044,Ensembl VEP (dbSNP),rs1937249044,rs1937249044,,X,47219651.0,C,G,rs1937249044,,,ENST00000335972,NP_006192.1,,,,,other,downstream_gene_variant,,,,,,,,,,,none,,,,,0.0,0.0,0.0,0.0,0.0,0.0,0.5,7.5
rs1937248834,Ensembl VEP (dbSNP),rs1937248834,rs1937248834,,X,47219647.0,A,G,rs1937248834,,,ENST00000335972,NP_006192.1,,,,,other,downstream_gene_variant,,,,,,,,,,,none,,,,,0.0,0.0,0.0,0.0,0.0,0.0,0.5,7.5
rs1937246537,Ensembl VEP (dbSNP),rs1937246537,rs1937246537,,X,47219609.0,A,G,rs1937246537,,,ENST00000335972,NP_006192.1,,,,,other,downstream_gene_variant,,,,,,,,,,,none,,,,,0.0,0.0,0.0,0.0,0.0,0.0,0.5,7.5
rs1937245909,Ensembl VEP (dbSNP),rs1937245909,rs1937245909,,X,47219589.0,G,A,rs1937245909,,,ENST00000335972,NP_006192.1,,,,,other,downstream_gene_variant,,,,,,,,,,,none,,,,,0.0,0.0,0.0,0.0,0.0,0.0,0.5,7.5
rs1937245708,Ensembl VEP (dbSNP),rs1937245708,rs1937245708,,X,47219588.0,C,G,rs1937245708,,,ENST00000335972,NP_006192.1,,,,,other,downstream_gene_variant,,,,,,,,,,,none,,,,,0.0,0.0,0.0,0.0,0.0,0.0,0.5,7.5
rs1937244869,Ensembl VEP (dbSNP),rs1937244869,rs1937244869,,X,47219561.0,C,G,rs1937244869,,,ENST00000335972,NP_006192.1,,,,,other,downstream_gene_variant,,,,,,,,,,,none,,,,,0.0,0.0,0.0,0.0,0.0,0.0,0.5,7.5
rs1937244679,Ensembl VEP (dbSNP),rs1937244679,rs1937244679,,X,47219558.0,G,C,rs1937244679,,,ENST00000335972,NP_006192.1,,,,,other,downstream_gene_variant,,,,,,,,,,,none,,,,,0.0,0.0,0.0,0.0,0.0,0.0,0.5,7.5
rs1937244473,Ensembl VEP (dbSNP),rs1937244473,rs1937244473,,X,47219555.0,C,T,rs1937244473,,,ENST00000335972,NP_006192.1,,,,,other,downstream_gene_variant,,,,,,,,,,,none,,,,,0.0,0.0,0.0,0.0,0.0,0.0,0.5,7.5
rs1937244242,Ensembl VEP (dbSNP),rs1937244242,rs1937244242,,X,47219549.0,C,G,rs1937244242,,,ENST00000335972,NP_006192.1,,,,,other,downstream_gene_variant,,,,,,,,,,,none,,,,,0.0,0.0,0.0,0.0,0.0,0.0,0.5,7.5
rs1937241712,Ensembl VEP (dbSNP),rs1937241712,rs1937241712,,X,47219507.0,G,-,rs1937241712,,,ENST00000335972,NP_006192.1,,,,,other,downstream_gene_variant,,,,,,,,,,,none,,,,,0.0,0.0,0.0,0.0,0.0,0.0,0.5,7.5
rs1937240854,Ensembl VEP (dbSNP),rs1937240854,rs1937240854,,X,47219491.0,T,G,rs1937240854,,,ENST00000335972,NP_006192.1,,,,,other,downstream_gene_variant,,,,,,,,,,,none,,,,,0.0,0.0,0.0,0.0,0.0,0.0,0.5,7.5
rs1937240273,Ensembl VEP (dbSNP),rs1937240273,rs1937240273,,X,47219482.0,A,-,rs1937240273,,,ENST00000335972,NP_006192.1,,,,,other,downstream_gene_variant,,,,,,,,,,,none,,,,,0.0,0.0,0.0,0.0,0.0,0.0,0.5,7.5
rs1937239849,Ensembl VEP (dbSNP),rs1937239849,rs1937239849,,X,47219475.0,T,G,rs1937239849,,,ENST00000335972,NP_006192.1,,,,,other,downstream_gene_variant,,,,,,,,,,,none,,,,,0.0,0.0,0.0,0.0,0.0,0.0,0.5,7.5
rs1937239047,Ensembl VEP (dbSNP),rs1937239047,rs1937239047,,X,47219467.0,T,C,rs1937239047,,,ENST00000335972,NP_006192.1,,,,,other,downstream_gene_variant,,,,,,,,,,,none,,,,,0.0,0.0,0.0,0.0,0.0,0.0,0.5,7.5
rs1937238650,Ensembl VEP (dbSNP),rs1937238650,rs1937238650,,X,47219464.0,-,C,rs1937238650,,,ENST00000335972,NP_006192.1,,,,,other,downstream_gene_variant,,,,,,,,,,,none,,,,,0.0,0.0,0.0,0.0,0.0,0.0,0.5,7.5
rs1937238439,Ensembl VEP (dbSNP),rs1937238439,rs1937238439,,X,47219457.0,A,G,rs1937238439,,,ENST00000335972,NP_006192.1,,,,,other,downstream_gene_variant,,,,,,,,,,,none,,,,,0.0,0.0,0.0,0.0,0.0,0.0,0.5,7.5
rs1937238126,Ensembl VEP (dbSNP),rs1937238126,rs1937238126,,X,47219455.0,C,A,rs1937238126,,,ENST00000335972,NP_006192.1,,,,,other,downstream_gene_variant,,,,,,,,,,,none,,,,,0.0,0.0,0.0,0.0,0.0,0.0,0.5,7.5
rs1937237425,Ensembl VEP (dbSNP),rs1937237425,rs1937237425,,X,47219442.0,G,A,rs1937237425,,,ENST00000335972,NP_006192.1,,,,,other,downstream_gene_variant,,,,,,,,,,,none,,,,,0.0,0.0,0.0,0.0,0.0,0.0,0.5,7.5
rs1937236517,Ensembl VEP (dbSNP),rs1937236517,rs1937236517,,X,47219425.0,A,G,rs1937236517,,,ENST00000335972,NP_006192.1,,,,,other,downstream_gene_variant,,,,,,,,,,,none,,,,,0.0,0.0,0.0,0.0,0.0,0.0,0.5,7.5
rs1937236106,Ensembl VEP (dbSNP),rs1937236106,rs1937236106,,X,47219417.0,G,A,rs1937236106,,,ENST00000335972,NP_006192.1,,,,,other,downstream_gene_variant,,,,,,,,,,,none,,,,,0.0,0.0,0.0,0.0,0.0,0.0,0.5,7.5
rs1937235906,Ensembl VEP (dbSNP),rs1937235906,rs1937235906,,X,47219414.0,C,T,rs1937235906,,,ENST00000335972,NP_006192.1,,,,,other,downstream_gene_variant,,,,,,,,,,,none,,,,,0.0,0.0,0.0,0.0,0.0,0.0,0.5,7.5
rs1937234808,Ensembl VEP (dbSNP),rs1937234808,rs1937234808,,X,47219405.0,GGG,-,rs1937234808,,,ENST00000335972,NP_006192.1,,,,,other,downstream_gene_variant,,,,,,,,,,,none,,,,,0.0,0.0,0.0,0.0,0.0,0.0,0.5,7.5
rs1937234206,Ensembl VEP (dbSNP),rs1937234206,rs1937234206,,X,47219399.0,T,G,rs1937234206,,,ENST00000335972,NP_006192.1,,,,,other,downstream_gene_variant,,,,,,,,,,,none,,,,,0.0,0.0,0.0,0.0,0.0,0.0,0.5,7.5
rs1937233997,Ensembl VEP (dbSNP),rs1937233997,rs1937233997,,X,47219396.0,T,G,rs1937233997,,,ENST00000335972,NP_006192.1,,,,,other,downstream_gene_variant,,,,,,,,,,,none,,,,,0.0,0.0,0.0,0.0,0.0,0.0,0.5,7.5
rs1937232456,Ensembl VEP (dbSNP),rs1937232456,rs1937232456,,X,47219384.0,A,G,rs1937232456,,,ENST00000335972,NP_006192.1,,,,,other,downstream_gene_variant,,,,,,,,,,,none,,,,,0.0,0.0,0.0,0.0,0.0,0.0,0.5,7.5
rs1937232091,Ensembl VEP (dbSNP),rs1937232091,rs1937232091,,X,47219378.0,T,G,rs1937232091,,,ENST00000335972,NP_006192.1,,,,,other,downstream_gene_variant,,,,,,,,,,,none,,,,,0.0,0.0,0.0,0.0,0.0,0.0,0.5,7.5
rs1937231910,Ensembl VEP (dbSNP),rs1937231910,rs1937231910,,X,47219373.0,T,G,rs1937231910,,,ENST00000335972,NP_006192.1,,,,,other,downstream_gene_variant,,,,,,,,,,,none,,,,,0.0,0.0,0.0,0.0,0.0,0.0,0.5,7.5
rs1937231753,Ensembl VEP (dbSNP),rs1937231753,rs1937231753,,X,47219363.0,T,G,rs1937231753,,,ENST00000335972,NP_006192.1,,,,,other,downstream_gene_variant,,,,,,,,,,,none,,,,,0.0,0.0,0.0,0.0,0.0,0.0,0.5,7.5
rs1937231355,Ensembl VEP (dbSNP),rs1937231355,rs1937231355,,X,47219354.0,G,A,rs1937231355,,,ENST00000335972,NP_006192.1,,,,,other,downstream_gene_variant,,,,,,,,,,,none,,,,,0.0,0.0,0.0,0.0,0.0,0.0,0.5,7.5
rs1937230612,Ensembl VEP (dbSNP),rs1937230612,rs1937230612,,X,47219334.0,G,A,rs1937230612,,,ENST00000335972,NP_006192.1,,,,,other,downstream_gene_variant,,,,,,,,,,,none,,,,,0.0,0.0,0.0,0.0,0.0,0.0,0.5,7.5
rs1937230437,Ensembl VEP (dbSNP),rs1937230437,rs1937230437,,X,47219325.0,G,C,rs1937230437,,,ENST00000335972,NP_006192.1,,,,,other,downstream_gene_variant,,,,,,,,,,,none,,,,,0.0,0.0,0.0,0.0,0.0,0.0,0.5,7.5
rs1937230269,Ensembl VEP (dbSNP),rs1937230269,rs1937230269,,X,47219324.0,G,A,rs1937230269,,,ENST00000335972,NP_006192.1,,,,,other,downstream_gene_variant,,,,,,,,,,,none,,,,,0.0,0.0,0.0,0.0,0.0,0.0,0.5,7.5
rs1937229210,Ensembl VEP (dbSNP),rs1937229210,rs1937229210,,X,47219306.0,A,G,rs1937229210,,,ENST00000335972,NP_006192.1,,,,,other,downstream_gene_variant,,,,,,,,,,,none,,,,,0.0,0.0,0.0,0.0,0.0,0.0,0.5,7.5
rs1937228223,Ensembl VEP (dbSNP),rs1937228223,rs1937228223,,X,47219289.0,G,C,rs1937228223,,,ENST00000335972,NP_006192.1,,,,,other,downstream_gene_variant,,,,,,,,,,,none,,,,,0.0,0.0,0.0,0.0,0.0,0.0,0.5,7.5
rs1937227812,Ensembl VEP (dbSNP),rs1937227812,rs1937227812,,X,47219284.0,G,T,rs1937227812,,,ENST00000335972,NP_006192.1,,,,,other,downstream_gene_variant,,,,,,,,,,,none,,,,,0.0,0.0,0.0,0.0,0.0,0.0,0.5,7.5
rs1937226877,Ensembl VEP (dbSNP),rs1937226877,rs1937226877,,X,47219257.0,C,T,rs1937226877,,,ENST00000335972,NP_006192.1,,,,,other,downstream_gene_variant,,,,,,,,,,,none,,,,,0.0,0.0,0.0,0.0,0.0,0.0,0.5,7.5
rs1937226460,Ensembl VEP (dbSNP),rs1937226460,rs1937226460,,X,47219255.0,C,T,rs1937226460,,,ENST00000335972,NP_006192.1,,,,,other,downstream_gene_variant,,,,,,,,,,,none,,,,,0.0,0.0,0.0,0.0,0.0,0.0,0.5,7.5
rs1937226080,Ensembl VEP (dbSNP),rs1937226080,rs1937226080,,X,47219252.0,G,A,rs1937226080,,,ENST00000335972,NP_006192.1,,,,,other,downstream_gene_variant,,,,,,,,,,,none,,,,,0.0,0.0,0.0,0.0,0.0,0.0,0.5,7.5
rs1937224830,Ensembl VEP (dbSNP),rs1937224830,rs1937224830,,X,47219237.0,C,T,rs1937224830,,,ENST00000335972,NP_006192.1,,,,,other,downstream_gene_variant,,,,,,,,,,,none,,,,,0.0,0.0,0.0,0.0,0.0,0.0,0.5,7.5
rs1937224335,Ensembl VEP (dbSNP),rs1937224335,rs1937224335,,X,47219236.0,G,-,rs1937224335,,,ENST00000335972,NP_006192.1,,,,,other,downstream_gene_variant,,,,,,,,,,,none,,,,,0.0,0.0,0.0,0.0,0.0,0.0,0.5,7.5
rs1937224121,Ensembl VEP (dbSNP),rs1937224121,rs1937224121,,X,47219233.0,G,T,rs1937224121,,,ENST00000335972,NP_006192.1,,,,,other,downstream_gene_variant,,,,,,,,,,,none,,,,,0.0,0.0,0.0,0.0,0.0,0.0,0.5,7.5
rs1937223739,Ensembl VEP (dbSNP),rs1937223739,rs1937223739,,X,47219228.0,G,A,rs1937223739,,,ENST00000335972,NP_006192.1,,,,,other,downstream_gene_variant,,,,,,,,,,,none,,,,,0.0,0.0,0.0,0.0,0.0,0.0,0.5,7.5
rs1937223227,Ensembl VEP (dbSNP),rs1937223227,rs1937223227,,X,47219225.0,A,C,rs1937223227,,,ENST00000335972,NP_006192.1,,,,,other,downstream_gene_variant,,,,,,,,,,,none,,,,,0.0,0.0,0.0,0.0,0.0,0.0,0.5,7.5
rs1937223024,Ensembl VEP (dbSNP),rs1937223024,rs1937223024,,X,47219223.0,A,G,rs1937223024,,,ENST00000335972,NP_006192.1,,,,,other,downstream_gene_variant,,,,,,,,,,,none,,,,,0.0,0.0,0.0,0.0,0.0,0.0,0.5,7.5
rs1937222422,Ensembl VEP (dbSNP),rs1937222422,rs1937222422,,X,47219211.0,G,A,rs1937222422,,,ENST00000335972,NP_006192.1,,,,,other,downstream_gene_variant,,,,,,,,,,,none,,,,,0.0,0.0,0.0,0.0,0.0,0.0,0.5,7.5
rs1937222188,Ensembl VEP (dbSNP),rs1937222188,rs1937222188,,X,47219207.0,C,T,rs1937222188,,,ENST00000335972,NP_006192.1,,,,,other,downstream_gene_variant,,,,,,,,,,,none,,,,,0.0,0.0,0.0,0.0,0.0,0.0,0.5,7.5
rs1937221980,Ensembl VEP (dbSNP),rs1937221980,rs1937221980,,X,47219206.0,C,T,rs1937221980,,,ENST00000335972,NP_006192.1,,,,,other,downstream_gene_variant,,,,,,,,,,,none,,,,,0.0,0.0,0.0,0.0,0.0,0.0,0.5,7.5
rs1937221780,Ensembl VEP (dbSNP),rs1937221780,rs1937221780,,X,47219204.0,C,T,rs1937221780,,,ENST00000335972,NP_006192.1,,,,,other,downstream_gene_variant,,,,,,,,,,,none,,,,,0.0,0.0,0.0,0.0,0.0,0.0,0.5,7.5
rs1937221584,Ensembl VEP (dbSNP),rs1937221584,rs1937221584,,X,47219205.0,-,C,rs1937221584,,,ENST00000335972,NP_006192.1,,,,,other,downstream_gene_variant,,,,,,,,,,,none,,,,,0.0,0.0,0.0,0.0,0.0,0.0,0.5,7.5
rs1937221365,Ensembl VEP (dbSNP),rs1937221365,rs1937221365,,X,47219197.0,G,A,rs1937221365,,,ENST00000335972,NP_006192.1,,,,,other,downstream_gene_variant,,,,,,,,,,,none,,,,,0.0,0.0,0.0,0.0,0.0,0.0,0.5,7.5
rs1937220962,Ensembl VEP (dbSNP),rs1937220962,rs1937220962,,X,47219188.0,G,T,rs1937220962,,,ENST00000335972,NP_006192.1,,,,,other,downstream_gene_variant,,,,,,,,,,,none,,,,,0.0,0.0,0.0,0.0,0.0,0.0,0.5,7.5
rs1937220563,Ensembl VEP (dbSNP),rs1937220563,rs1937220563,,X,47219185.0,C,T,rs1937220563,,,ENST00000335972,NP_006192.1,,,,,other,downstream_gene_variant,,,,,,,,,,,none,,,,,0.0,0.0,0.0,0.0,0.0,0.0,0.5,7.5
rs1937220251,Ensembl VEP (dbSNP),rs1937220251,rs1937220251,,X,47219179.0,G,A,rs1937220251,,,ENST00000335972,NP_006192.1,,,,,other,downstream_gene_variant,,,,,,,,,,,none,,,,,0.0,0.0,0.0,0.0,0.0,0.0,0.5,7.5
rs1937220059,Ensembl VEP (dbSNP),rs1937220059,rs1937220059,,X,47219178.0,T,A,rs1937220059,,,ENST00000335972,NP_006192.1,,,,,other,downstream_gene_variant,,,,,,,,,,,none,,,,,0.0,0.0,0.0,0.0,0.0,0.0,0.5,7.5
rs1937219851,Ensembl VEP (dbSNP),rs1937219851,rs1937219851,,X,47219174.0,G,C,rs1937219851,,,ENST00000335972,NP_006192.1,,,,,other,downstream_gene_variant,,,,,,,,,,,none,,,,,0.0,0.0,0.0,0.0,0.0,0.0,0.5,7.5
rs1937219666,Ensembl VEP (dbSNP),rs1937219666,rs1937219666,,X,47219170.0,C,T,rs1937219666,,,ENST00000335972,NP_006192.1,,,,,other,downstream_gene_variant,,,,,,,,,,,none,,,,,0.0,0.0,0.0,0.0,0.0,0.0,0.5,7.5
rs1937219472,Ensembl VEP (dbSNP),rs1937219472,rs1937219472,,X,47219169.0,C,T,rs1937219472,,,ENST00000335972,NP_006192.1,,,,,other,downstream_gene_variant,,,,,,,,,,,none,,,,,0.0,0.0,0.0,0.0,0.0,0.0,0.5,7.5
rs1937219275,Ensembl VEP (dbSNP),rs1937219275,rs1937219275,,X,47219170.0,C,-,rs1937219275,,,ENST00000335972,NP_006192.1,,,,,other,downstream_gene_variant,,,,,,,,,,,none,,,,,0.0,0.0,0.0,0.0,0.0,0.0,0.5,7.5
rs1937218761,Ensembl VEP (dbSNP),rs1937218761,rs1937218761,,X,47219165.0,G,T,rs1937218761,,,ENST00000335972,NP_006192.1,,,,,other,downstream_gene_variant,,,,,,,,,,,none,,,,,0.0,0.0,0.0,0.0,0.0,0.0,0.5,7.5
rs1937218580,Ensembl VEP (dbSNP),rs1937218580,rs1937218580,,X,47219164.0,G,A,rs1937218580,,,ENST00000335972,NP_006192.1,,,,,other,downstream_gene_variant,,,,,,,,,,,none,,,,,0.0,0.0,0.0,0.0,0.0,0.0,0.5,7.5
rs1937217182,Ensembl VEP (dbSNP),rs1937217182,rs1937217182,,X,47219143.0,C,A,rs1937217182,,,ENST00000335972,NP_006192.1,,,,,other,downstream_gene_variant,,,,,,,,,,,none,,,,,0.0,0.0,0.0,0.0,0.0,0.0,0.5,7.5
rs1937216389,Ensembl VEP (dbSNP),rs1937216389,rs1937216389,,X,47219143.0,CCT,-,rs1937216389,,,ENST00000335972,NP_006192.1,,,,,other,downstream_gene_variant,,,,,,,,,,,none,,,,,0.0,0.0,0.0,0.0,0.0,0.0,0.5,7.5
rs1937213779,Ensembl VEP (dbSNP),rs1937213779,rs1937213779,,X,47219095.0,C,T,rs1937213779,,,ENST00000335972,NP_006192.1,,,,,other,downstream_gene_variant,,,,,,,,,,,none,,,,,0.0,0.0,0.0,0.0,0.0,0.0,0.5,7.5
rs1937213619,Ensembl VEP (dbSNP),rs1937213619,rs1937213619,,X,47219092.0,G,A,rs1937213619,,,ENST00000335972,NP_006192.1,,,,,other,downstream_gene_variant,,,,,,,,,,,none,,,,,0.0,0.0,0.0,0.0,0.0,0.0,0.5,7.5
rs1937213445,Ensembl VEP (dbSNP),rs1937213445,rs1937213445,,X,47219087.0,T,C,rs1937213445,,,ENST00000335972,NP_006192.1,,,,,other,downstream_gene_variant,,,,,,,,,,,none,,,,,0.0,0.0,0.0,0.0,0.0,0.0,0.5,7.5
rs1937213088,Ensembl VEP (dbSNP),rs1937213088,rs1937213088,,X,47219082.0,G,A,rs1937213088,,,ENST00000335972,NP_006192.1,,,,,other,downstream_gene_variant,,,,,,,,,,,none,,,,,0.0,0.0,0.0,0.0,0.0,0.0,0.5,7.5
rs1937212232,Ensembl VEP (dbSNP),rs1937212232,rs1937212232,,X,47219062.0,C,A,rs1937212232,,,ENST00000335972,NP_006192.1,,,,,other,downstream_gene_variant,,,,,,,,,,,none,,,,,0.0,0.0,0.0,0.0,0.0,0.0,0.5,7.5
rs1937210747,Ensembl VEP (dbSNP),rs1937210747,rs1937210747,,X,47219040.0,G,C,rs1937210747,,,ENST00000335972,NP_006192.1,,,,,other,downstream_gene_variant,,,,,,,,,,,none,,,,,0.0,0.0,0.0,0.0,0.0,0.0,0.5,7.5
rs1937210100,Ensembl VEP (dbSNP),rs1937210100,rs1937210100,,X,47219032.0,C,T,rs1937210100,,,ENST00000335972,NP_006192.1,,,,,other,downstream_gene_variant,,,,,,,,,,,none,,,,,0.0,0.0,0.0,0.0,0.0,0.0,0.5,7.5
rs1937209926,Ensembl VEP (dbSNP),rs1937209926,rs1937209926,,X,47219030.0,G,A,rs1937209926,,,ENST00000335972,NP_006192.1,,,,,other,downstream_gene_variant,,,,,,,,,,,none,,,,,0.0,0.0,0.0,0.0,0.0,0.0,0.5,7.5
rs1937209761,Ensembl VEP (dbSNP),rs1937209761,rs1937209761,,X,47219028.0,C,T,rs1937209761,,,ENST00000335972,NP_006192.1,,,,,other,downstream_gene_variant,,,,,,,,,,,none,,,,,0.0,0.0,0.0,0.0,0.0,0.0,0.5,7.5
rs1937209589,Ensembl VEP (dbSNP),rs1937209589,rs1937209589,,X,47219027.0,G,A,rs1937209589,,,ENST00000335972,NP_006192.1,,,,,other,downstream_gene_variant,,,,,,,,,,,none,,,,,0.0,0.0,0.0,0.0,0.0,0.0,0.5,7.5
rs1937209192,Ensembl VEP (dbSNP),rs1937209192,rs1937209192,,X,47219017.0,A,G,rs1937209192,,,ENST00000335972,NP_006192.1,,,,,other,downstream_gene_variant,,,,,,,,,,,none,,,,,0.0,0.0,0.0,0.0,0.0,0.0,0.5,7.5
rs1937209030,Ensembl VEP (dbSNP),rs1937209030,rs1937209030,,X,47219016.0,A,G,rs1937209030,,,ENST00000335972,NP_006192.1,,,,,other,downstream_gene_variant,,,,,,,,,,,none,,,,,0.0,0.0,0.0,0.0,0.0,0.0,0.5,7.5
rs1937208366,Ensembl VEP (dbSNP),rs1937208366,rs1937208366,,X,47219008.0,A,T,rs1937208366,,,ENST00000335972,NP_006192.1,,,,,other,downstream_gene_variant,,,,,,,,,,,none,,,,,0.0,0.0,0.0,0.0,0.0,0.0,0.5,7.5
rs1937207873,Ensembl VEP (dbSNP),rs1937207873,rs1937207873,,X,47219000.0,C,T,rs1937207873,,,ENST00000335972,NP_006192.1,,,,,other,downstream_gene_variant,,,,,,,,,,,none,,,,,0.0,0.0,0.0,0.0,0.0,0.0,0.5,7.5
rs1937207690,Ensembl VEP (dbSNP),rs1937207690,rs1937207690,,X,47218999.0,G,T,rs1937207690,,,ENST00000335972,NP_006192.1,,,,,other,downstream_gene_variant,,,,,,,,,,,none,,,,,0.0,0.0,0.0,0.0,0.0,0.0,0.5,7.5
rs1937206364,Ensembl VEP (dbSNP),rs1937206364,rs1937206364,,X,47218979.0,G,T,rs1937206364,,,ENST00000335972,NP_006192.1,,,,,other,downstream_gene_variant,,,,,,,,,,,none,,,,,0.0,0.0,0.0,0.0,0.0,0.0,0.5,7.5
rs1937206142,Ensembl VEP (dbSNP),rs1937206142,rs1937206142,,X,47218975.0,T,A,rs1937206142,,,ENST00000335972,NP_006192.1,,,,,other,downstream_gene_variant,,,,,,,,,,,none,,,,,0.0,0.0,0.0,0.0,0.0,0.0,0.5,7.5
rs1937205329,Ensembl VEP (dbSNP),rs1937205329,rs1937205329,,X,47218956.0,C,G,rs1937205329,,,ENST00000335972,NP_006192.1,,,,,other,downstream_gene_variant,,,,,,,,,,,none,,,,,0.0,0.0,0.0,0.0,0.0,0.0,0.5,7.5
rs1937204583,Ensembl VEP (dbSNP),rs1937204583,rs1937204583,,X,47218939.0,C,T,rs1937204583,,,ENST00000335972,NP_006192.1,,,,,other,downstream_gene_variant,,,,,,,,,,,none,,,,,0.0,0.0,0.0,0.0,0.0,0.0,0.5,7.5
rs1937201325,Ensembl VEP (dbSNP),rs1937201325,rs1937201325,,X,47218913.0,A,G,rs1937201325,,,ENST00000335972,NP_006192.1,,,,,other,downstream_gene_variant,,,,,,,,,,,none,,,,,0.0,0.0,0.0,0.0,0.0,0.0,0.5,7.5
rs1937200828,Ensembl VEP (dbSNP),rs1937200828,rs1937200828,,X,47218906.0,C,G,rs1937200828,,,ENST00000335972,NP_006192.1,,,,,other,downstream_gene_variant,,,,,,,,,,,none,,,,,0.0,0.0,0.0,0.0,0.0,0.0,0.5,7.5
rs1937200643,Ensembl VEP (dbSNP),rs1937200643,rs1937200643,,X,47218909.0,AGCCACCGCCGCCGCCGCCGCCTC,-,rs1937200643,,,ENST00000335972,NP_006192.1,,,,,other,downstream_gene_variant,,,,,,,,,,,none,,,,,0.0,0.0,0.0,0.0,0.0,0.0,0.5,7.5
rs1937200109,Ensembl VEP (dbSNP),rs1937200109,rs1937200109,,X,47218904.0,GCCTCAGCCACCGCCGCCGCCGCCGCCTCC,-,rs1937200109,,,ENST00000335972,NP_006192.1,,,,,other,downstream_gene_variant,,,,,,,,,,,none,,,,,0.0,0.0,0.0,0.0,0.0,0.0,0.5,7.5
rs1937199889,Ensembl VEP (dbSNP),rs1937199889,rs1937199889,,X,47218901.0,TCCGCCTCAGCCACCGCCGCC,-,rs1937199889,,,ENST00000335972,NP_006192.1,,,,,other,downstream_gene_variant,,,,,,,,,,,none,,,,,0.0,0.0,0.0,0.0,0.0,0.0,0.5,7.5
rs1937198706,Ensembl VEP (dbSNP),rs1937198706,rs1937198706,,X,47218867.0,G,T,rs1937198706,,,ENST00000335972,NP_006192.1,,,,,other,downstream_gene_variant,,,,,,,,,,,none,,,,,0.0,0.0,0.0,0.0,0.0,0.0,0.5,7.5
rs1937197504,Ensembl VEP (dbSNP),rs1937197504,rs1937197504,,X,47218852.0,G,T,rs1937197504,,,ENST00000335972,NP_006192.1,,,,,other,downstream_gene_variant,,,,,,,,,,,none,,,,,0.0,0.0,0.0,0.0,0.0,0.0,0.5,7.5
rs1937197158,Ensembl VEP (dbSNP),rs1937197158,rs1937197158,,X,47218848.0,G,T,rs1937197158,,,ENST00000335972,NP_006192.1,,,,,other,downstream_gene_variant,,,,,,,,,,,none,,,,,0.0,0.0,0.0,0.0,0.0,0.0,0.5,7.5
rs1937196670,Ensembl VEP (dbSNP),rs1937196670,rs1937196670,,X,47218823.0,G,A,rs1937196670,,,ENST00000335972,NP_006192.1,,,,,other,downstream_gene_variant,,,,,,,,,,,none,,,,,0.0,0.0,0.0,0.0,0.0,0.0,0.5,7.5
rs1937196416,Ensembl VEP (dbSNP),rs1937196416,rs1937196416,,X,47218822.0,G,A,rs1937196416,,,ENST00000335972,NP_006192.1,,,,,other,downstream_gene_variant,,,,,,,,,,,none,,,,,0.0,0.0,0.0,0.0,0.0,0.0,0.5,7.5
rs1937194771,Ensembl VEP (dbSNP),rs1937194771,rs1937194771,,X,47218811.0,C,T,rs1937194771,,,ENST00000335972,NP_006192.1,,,,,other,downstream_gene_variant,,,,,,,,,,,none,,,,,0.0,0.0,0.0,0.0,0.0,0.0,0.5,7.5
rs1937193787,Ensembl VEP (dbSNP),rs1937193787,rs1937193787,,X,47218799.0,G,A,rs1937193787,,,ENST00000335972,NP_006192.1,,,,,other,downstream_gene_variant,,,,,,,,,,,none,,,,,0.0,0.0,0.0,0.0,0.0,0.0,0.5,7.5
rs1937190929,Ensembl VEP (dbSNP),rs1937190929,rs1937190929,,X,47218773.0,G,T,rs1937190929,,,ENST00000335972,NP_006192.1,,,,,other,downstream_gene_variant,,,,,,,,,,,none,,,,,0.0,0.0,0.0,0.0,0.0,0.0,0.5,7.5
rs1937190299,Ensembl VEP (dbSNP),rs1937190299,rs1937190299,,X,47218763.0,G,T,rs1937190299,,,ENST00000335972,NP_006192.1,,,,,other,downstream_gene_variant,,,,,,,,,,,none,,,,,0.0,0.0,0.0,0.0,0.0,0.0,0.5,7.5
rs1937189822,Ensembl VEP (dbSNP),rs1937189822,rs1937189822,,X,47218760.0,C,T,rs1937189822,,,ENST00000335972,NP_006192.1,,,,,other,downstream_gene_variant,,,,,,,,,,,none,,,,,0.0,0.0,0.0,0.0,0.0,0.0,0.5,7.5
rs1937189318,Ensembl VEP (dbSNP),rs1937189318,rs1937189318,,X,47218756.0,C,-,rs1937189318,,,ENST00000335972,NP_006192.1,,,,,other,downstream_gene_variant,,,,,,,,,,,none,,,,,0.0,0.0,0.0,0.0,0.0,0.0,0.5,7.5
rs1937187570,Ensembl VEP (dbSNP),rs1937187570,rs1937187570,,X,47218742.0,G,C,rs1937187570,,,ENST00000335972,NP_006192.1,,,,,other,downstream_gene_variant,,,,,,,,,,,none,,,,,0.0,0.0,0.0,0.0,0.0,0.0,0.5,7.5
rs1937187418,Ensembl VEP (dbSNP),rs1937187418,rs1937187418,,X,47218739.0,T,C,rs1937187418,,,ENST00000335972,NP_006192.1,,,,,other,downstream_gene_variant,,,,,,,,,,,none,,,,,0.0,0.0,0.0,0.0,0.0,0.0,0.5,7.5
rs1937185178,Ensembl VEP (dbSNP),rs1937185178,rs1937185178,,X,47218735.0,-,CG,rs1937185178,,,ENST00000335972,NP_006192.1,,,,,other,downstream_gene_variant,,,,,,,,,,,none,,,,,0.0,0.0,0.0,0.0,0.0,0.0,0.5,7.5
rs1937182755,Ensembl VEP (dbSNP),rs1937182755,rs1937182755,,X,47218702.0,CTGCGTGCGC,-,rs1937182755,,,ENST00000335972,NP_006192.1,,,,,other,downstream_gene_variant,,,,,,,,,,,none,,,,,0.0,0.0,0.0,0.0,0.0,0.0,0.5,7.5
rs1937182331,Ensembl VEP (dbSNP),rs1937182331,rs1937182331,,X,47218696.0,G,A,rs1937182331,,,ENST00000335972,NP_006192.1,,,,,other,downstream_gene_variant,,,,,,,,,,,none,,,,,0.0,0.0,0.0,0.0,0.0,0.0,0.5,7.5
rs1937179722,Ensembl VEP (dbSNP),rs1937179722,rs1937179722,,X,47218677.0,C,T,rs1937179722,,,ENST00000335972,NP_006192.1,,,,,other,downstream_gene_variant,,,,,,,,,,,none,,,,,0.0,0.0,0.0,0.0,0.0,0.0,0.5,7.5
rs1937179335,Ensembl VEP (dbSNP),rs1937179335,rs1937179335,,X,47218675.0,T,-,rs1937179335,,,ENST00000335972,NP_006192.1,,,,,other,downstream_gene_variant,,,,,,,,,,,none,,,,,0.0,0.0,0.0,0.0,0.0,0.0,0.5,7.5
rs1937178226,Ensembl VEP (dbSNP),rs1937178226,rs1937178226,2633171,X,47218665.0,G,-,rs1937178226,,,ENST00000335972,NP_006192.1,,,,,other,downstream_gene_variant,Uncertain significance,"criteria provided, single submitter",CDK16-related disorder,,,,,,,,none,,,,,0.6,0.0,0.0,0.0,0.0,0.0,0.5,19.5
rs1937177051,Ensembl VEP (dbSNP),rs1937177051,rs1937177051,,X,47218655.0,G,C,rs1937177051,,,ENST00000335972,NP_006192.1,,,,,other,downstream_gene_variant,,,,,,,,,,,none,,,,,0.0,0.0,0.0,0.0,0.0,0.0,0.5,7.5
rs1937176642,Ensembl VEP (dbSNP),rs1937176642,rs1937176642,,X,47218652.0,C,A,rs1937176642,,,ENST00000335972,NP_006192.1,,,,,other,downstream_gene_variant,,,,,,,,,,,none,,,,,0.0,0.0,0.0,0.0,0.0,0.0,0.5,7.5
rs1937176300,Ensembl VEP (dbSNP),rs1937176300,rs1937176300,,X,47218649.0,G,-,rs1937176300,,,ENST00000335972,NP_006192.1,,,,,other,downstream_gene_variant,,,,,,,,,,,none,,,,,0.0,0.0,0.0,0.0,0.0,0.0,0.5,7.5
rs1937175209,Ensembl VEP (dbSNP),rs1937175209,rs1937175209,,X,47218634.0,C,G,rs1937175209,,,ENST00000335972,NP_006192.1,,,,,other,downstream_gene_variant,,,,,,,,,,,none,,,,,0.0,0.0,0.0,0.0,0.0,0.0,0.5,7.5
rs1937175013,Ensembl VEP (dbSNP),rs1937175013,rs1937175013,,X,47218627.0,C,A,rs1937175013,,,ENST00000335972,NP_006192.1,,,,,other,downstream_gene_variant,,,,,,,,,,,none,,,,,0.0,0.0,0.0,0.0,0.0,0.0,0.5,7.5
rs1937174029,Ensembl VEP (dbSNP),rs1937174029,rs1937174029,,X,47218600.0,T,C,rs1937174029,,,ENST00000335972,NP_006192.1,,,,,other,downstream_gene_variant,,,,,,,,,,,none,,,,,0.0,0.0,0.0,0.0,0.0,0.0,0.5,7.5
rs1937173683,Ensembl VEP (dbSNP),rs1937173683,rs1937173683,,X,47218578.0,C,G,rs1937173683,,,ENST00000335972,NP_006192.1,,,,,other,downstream_gene_variant,,,,,,,,,,,none,,,,,0.0,0.0,0.0,0.0,0.0,0.0,0.5,7.5
rs1937173489,Ensembl VEP (dbSNP),rs1937173489,rs1937173489,,X,47218562.0,C,T,rs1937173489,,,ENST00000335972,NP_006192.1,,,,,other,downstream_gene_variant,,,,,,,,,,,none,,,,,0.0,0.0,0.0,0.0,0.0,0.0,0.5,7.5
rs1937173288,Ensembl VEP (dbSNP),rs1937173288,rs1937173288,,X,47218543.0,C,T,rs1937173288,,,ENST00000335972,NP_006192.1,,,,,other,downstream_gene_variant,,,,,,,,,,,none,,,,,0.0,0.0,0.0,0.0,0.0,0.0,0.5,7.5
rs1937173195,Ensembl VEP (dbSNP),rs1937173195,rs1937173195,,X,47218532.0,G,A,rs1937173195,,,ENST00000335972,NP_006192.1,,,,,other,downstream_gene_variant,,,,,,,,,,,none,,,,,0.0,0.0,0.0,0.0,0.0,0.0,0.5,7.5
rs1937173103,Ensembl VEP (dbSNP),rs1937173103,rs1937173103,,X,47218531.0,C,T,rs1937173103,,,ENST00000335972,NP_006192.1,,,,,other,downstream_gene_variant,,,,,,,,,,,none,,,,,0.0,0.0,0.0,0.0,0.0,0.0,0.5,7.5
rs1937173016,Ensembl VEP (dbSNP),rs1937173016,rs1937173016,,X,47218528.0,G,T,rs1937173016,,,ENST00000335972,NP_006192.1,,,,,other,downstream_gene_variant,,,,,,,,,,,none,,,,,0.0,0.0,0.0,0.0,0.0,0.0,0.5,7.5
rs1937172799,Ensembl VEP (dbSNP),rs1937172799,rs1937172799,,X,47218523.0,G,A,rs1937172799,,,ENST00000335972,NP_006192.1,,,,,other,downstream_gene_variant,,,,,,,,,,,none,,,,,0.0,0.0,0.0,0.0,0.0,0.0,0.5,7.5
rs1937172504,Ensembl VEP (dbSNP),rs1937172504,rs1937172504,,X,47218507.0,G,-,rs1937172504,,,ENST00000335972,NP_006192.1,,,,,other,downstream_gene_variant,,,,,,,,,,,none,,,,,0.0,0.0,0.0,0.0,0.0,0.0,0.5,7.5
rs1937172312,Ensembl VEP (dbSNP),rs1937172312,rs1937172312,,X,47218494.0,A,C,rs1937172312,,,ENST00000335972,NP_006192.1,,,,,other,downstream_gene_variant,,,,,,,,,,,none,,,,,0.0,0.0,0.0,0.0,0.0,0.0,0.5,7.5
rs1937172117,Ensembl VEP (dbSNP),rs1937172117,rs1937172117,,X,47218484.0,G,A,rs1937172117,,,ENST00000335972,NP_006192.1,,,,,other,downstream_gene_variant,,,,,,,,,,,none,,,,,0.0,0.0,0.0,0.0,0.0,0.0,0.5,7.5
rs1937171916,Ensembl VEP (dbSNP),rs1937171916,rs1937171916,,X,47218479.0,G,T,rs1937171916,,,ENST00000335972,NP_006192.1,,,,,other,downstream_gene_variant,,,,,,,,,,,none,,,,,0.0,0.0,0.0,0.0,0.0,0.0,0.5,7.5
rs1937171695,Ensembl VEP (dbSNP),rs1937171695,rs1937171695,,X,47218478.0,-,G,rs1937171695,,,ENST00000335972,NP_006192.1,,,,,other,downstream_gene_variant,,,,,,,,,,,none,,,,,0.0,0.0,0.0,0.0,0.0,0.0,0.5,7.5
rs1937171584,Ensembl VEP (dbSNP),rs1937171584,rs1937171584,,X,47218476.0,C,A,rs1937171584,,,ENST00000335972,NP_006192.1,,,,,other,downstream_gene_variant,,,,,,,,,,,none,,,,,0.0,0.0,0.0,0.0,0.0,0.0,0.5,7.5
rs1937170911,Ensembl VEP (dbSNP),rs1937170911,rs1937170911,,X,47218454.0,A,G,rs1937170911,,,ENST00000335972,NP_006192.1,,,,,other,downstream_gene_variant,,,,,,,,,,,none,,,,,0.0,0.0,0.0,0.0,0.0,0.0,0.5,7.5
rs1937170437,Ensembl VEP (dbSNP),rs1937170437,rs1937170437,,X,47218432.0,G,T,rs1937170437,,,ENST00000335972,NP_006192.1,,,,,other,downstream_gene_variant,,,,,,,,,,,none,,,,,0.0,0.0,0.0,0.0,0.0,0.0,0.5,7.5
rs1937170122,Ensembl VEP (dbSNP),rs1937170122,rs1937170122,,X,47218403.0,C,T,rs1937170122,,,ENST00000335972,NP_006192.1,,,,,other,downstream_gene_variant,,,,,,,,,,,none,,,,,0.0,0.0,0.0,0.0,0.0,0.0,0.5,7.5
rs1937169895,Ensembl VEP (dbSNP),rs1937169895,rs1937169895,,X,47218399.0,C,G,rs1937169895,,,ENST00000335972,NP_006192.1,,,,,other,downstream_gene_variant,,,,,,,,,,,none,,,,,0.0,0.0,0.0,0.0,0.0,0.0,0.5,7.5
rs1937169790,Ensembl VEP (dbSNP),rs1937169790,rs1937169790,,X,47218390.0,G,A,rs1937169790,,,ENST00000335972,NP_006192.1,,,,,other,downstream_gene_variant,,,,,,,,,,,none,,,,,0.0,0.0,0.0,0.0,0.0,0.0,0.5,7.5
rs1937169698,Ensembl VEP (dbSNP),rs1937169698,rs1937169698,,X,47218390.0,GTCTT,-,rs1937169698,,,ENST00000335972,NP_006192.1,,,,,other,downstream_gene_variant,,,,,,,,,,,none,,,,,0.0,0.0,0.0,0.0,0.0,0.0,0.5,7.5
rs1937169153,Ensembl VEP (dbSNP),rs1937169153,rs1937169153,,X,47218332.0,C,T,rs1937169153,,,ENST00000335972,NP_006192.1,,,,,other,downstream_gene_variant,,,,,,,,,,,none,,,,,0.0,0.0,0.0,0.0,0.0,0.0,0.5,7.5
rs1937169061,Ensembl VEP (dbSNP),rs1937169061,rs1937169061,,X,47218329.0,G,C,rs1937169061,,,ENST00000335972,NP_006192.1,,,,,other,downstream_gene_variant,,,,,,,,,,,none,,,,,0.0,0.0,0.0,0.0,0.0,0.0,0.5,7.5
rs1937168961,Ensembl VEP (dbSNP),rs1937168961,rs1937168961,,X,47218327.0,G,A,rs1937168961,,,ENST00000335972,NP_006192.1,,,,,other,downstream_gene_variant,,,,,,,,,,,none,,,,,0.0,0.0,0.0,0.0,0.0,0.0,0.5,7.5
rs1937168646,Ensembl VEP (dbSNP),rs1937168646,rs1937168646,,X,47218323.0,TCT,-,rs1937168646,,,ENST00000335972,NP_006192.1,,,,,other,downstream_gene_variant,,,,,,,,,,,none,,,,,0.0,0.0,0.0,0.0,0.0,0.0,0.5,7.5
rs1937168270,Ensembl VEP (dbSNP),rs1937168270,rs1937168270,,X,47218311.0,G,C,rs1937168270,,,ENST00000335972,NP_006192.1,,,,,other,downstream_gene_variant,,,,,,,,,,,none,,,,,0.0,0.0,0.0,0.0,0.0,0.0,0.5,7.5
rs1937168004,Ensembl VEP (dbSNP),rs1937168004,rs1937168004,,X,47218305.0,C,G,rs1937168004,,,ENST00000335972,NP_006192.1,,,,,other,downstream_gene_variant,,,,,,,,,,,none,,,,,0.0,0.0,0.0,0.0,0.0,0.0,0.5,7.5
rs1937167145,Ensembl VEP (dbSNP),rs1937167145,rs1937167145,,X,47218275.0,G,A,rs1937167145,,,ENST00000335972,NP_006192.1,,,,,other,downstream_gene_variant,,,,,,,,,,,none,,,,,0.0,0.0,0.0,0.0,0.0,0.0,0.5,7.5
rs1937166379,Ensembl VEP (dbSNP),rs1937166379,rs1937166379,,X,47218252.0,G,A,rs1937166379,,,ENST00000335972,NP_006192.1,,,,,other,downstream_gene_variant,,,,,,,,,,,none,,,,,0.0,0.0,0.0,0.0,0.0,0.0,0.5,7.5
rs1937166206,Ensembl VEP (dbSNP),rs1937166206,rs1937166206,,X,47218245.0,T,G,rs1937166206,,,ENST00000335972,NP_006192.1,,,,,other,downstream_gene_variant,,,,,,,,,,,none,,,,,0.0,0.0,0.0,0.0,0.0,0.0,0.5,7.5
rs1937166101,Ensembl VEP (dbSNP),rs1937166101,rs1937166101,,X,47218236.0,G,A,rs1937166101,,,ENST00000335972,NP_006192.1,,,,,other,downstream_gene_variant,,,,,,,,,,,none,,,,,0.0,0.0,0.0,0.0,0.0,0.0,0.5,7.5
rs1937165882,Ensembl VEP (dbSNP),rs1937165882,rs1937165882,,X,47218226.0,T,C,rs1937165882,,,ENST00000335972,NP_006192.1,,,,,other,downstream_gene_variant,,,,,,,,,,,none,,,,,0.0,0.0,0.0,0.0,0.0,0.0,0.5,7.5
rs1937165575,Ensembl VEP (dbSNP),rs1937165575,rs1937165575,,X,47218216.0,G,C,rs1937165575,,,ENST00000335972,NP_006192.1,,,,,other,downstream_gene_variant,,,,,,,,,,,none,,,,,0.0,0.0,0.0,0.0,0.0,0.0,0.5,7.5
rs1937165491,Ensembl VEP (dbSNP),rs1937165491,rs1937165491,,X,47218214.0,A,T,rs1937165491,,,ENST00000335972,NP_006192.1,,,,,other,downstream_gene_variant,,,,,,,,,,,none,,,,,0.0,0.0,0.0,0.0,0.0,0.0,0.5,7.5
rs1937164670,Ensembl VEP (dbSNP),rs1937164670,rs1937164670,,X,47218173.0,C,A,rs1937164670,,,ENST00000335972,NP_006192.1,,,,,other,downstream_gene_variant,,,,,,,,,,,none,,,,,0.0,0.0,0.0,0.0,0.0,0.0,0.5,7.5
rs1937164342,Ensembl VEP (dbSNP),rs1937164342,rs1937164342,,X,47218159.0,G,A,rs1937164342,,,ENST00000335972,NP_006192.1,,,,,other,downstream_gene_variant,,,,,,,,,,,none,,,,,0.0,0.0,0.0,0.0,0.0,0.0,0.5,7.5
rs1937164244,Ensembl VEP (dbSNP),rs1937164244,rs1937164244,,X,47218158.0,A,C,rs1937164244,,,ENST00000335972,NP_006192.1,,,,,other,downstream_gene_variant,,,,,,,,,,,none,,,,,0.0,0.0,0.0,0.0,0.0,0.0,0.5,7.5
rs1937164107,Ensembl VEP (dbSNP),rs1937164107,rs1937164107,,X,47218145.0,C,T,rs1937164107,,,ENST00000335972,NP_006192.1,,,,,other,downstream_gene_variant,,,,,,,,,,,none,,,,,0.0,0.0,0.0,0.0,0.0,0.0,0.5,7.5
rs1937163810,Ensembl VEP (dbSNP),rs1937163810,rs1937163810,,X,47218138.0,T,-,rs1937163810,,,ENST00000335972,NP_006192.1,,,,,other,downstream_gene_variant,,,,,,,,,,,none,,,,,0.0,0.0,0.0,0.0,0.0,0.0,0.5,7.5
rs1937163199,Ensembl VEP (dbSNP),rs1937163199,rs1937163199,,X,47218115.0,C,G,rs1937163199,,,ENST00000335972,NP_006192.1,,,,,other,downstream_gene_variant,,,,,,,,,,,none,,,,,0.0,0.0,0.0,0.0,0.0,0.0,0.5,7.5
rs1937163115,Ensembl VEP (dbSNP),rs1937163115,rs1937163115,,X,47218111.0,T,C,rs1937163115,,,ENST00000335972,NP_006192.1,,,,,other,downstream_gene_variant,,,,,,,,,,,none,,,,,0.0,0.0,0.0,0.0,0.0,0.0,0.5,7.5
rs1937162847,Ensembl VEP (dbSNP),rs1937162847,rs1937162847,,X,47218096.0,G,A,rs1937162847,,,ENST00000335972,NP_006192.1,,,,,other,downstream_gene_variant,,,,,,,,,,,none,,,,,0.0,0.0,0.0,0.0,0.0,0.0,0.5,7.5
rs1937162432,Ensembl VEP (dbSNP),rs1937162432,rs1937162432,,X,47218088.0,C,-,rs1937162432,,,ENST00000335972,NP_006192.1,,,,,other,downstream_gene_variant,,,,,,,,,,,none,,,,,0.0,0.0,0.0,0.0,0.0,0.0,0.5,7.5
rs1937161597,Ensembl VEP (dbSNP),rs1937161597,rs1937161597,,X,47218057.0,C,G,rs1937161597,,,ENST00000335972,NP_006192.1,,,,,other,downstream_gene_variant,,,,,,,,,,,none,,,,,0.0,0.0,0.0,0.0,0.0,0.0,0.5,7.5
rs1937161218,Ensembl VEP (dbSNP),rs1937161218,rs1937161218,,X,47218038.0,C,A,rs1937161218,,,ENST00000335972,NP_006192.1,,,,,other,downstream_gene_variant,,,,,,,,,,,none,,,,,0.0,0.0,0.0,0.0,0.0,0.0,0.5,7.5
rs1937161073,Ensembl VEP (dbSNP),rs1937161073,rs1937161073,,X,47218033.0,C,T,rs1937161073,,,ENST00000335972,NP_006192.1,,,,,other,downstream_gene_variant,,,,,,,,,,,none,,,,,0.0,0.0,0.0,0.0,0.0,0.0,0.5,7.5
rs1937160980,Ensembl VEP (dbSNP),rs1937160980,rs1937160980,,X,47218032.0,A,C,rs1937160980,,,ENST00000335972,NP_006192.1,,,,,other,downstream_gene_variant,,,,,,,,,,,none,,,,,0.0,0.0,0.0,0.0,0.0,0.0,0.5,7.5
rs1937160611,Ensembl VEP (dbSNP),rs1937160611,rs1937160611,,X,47218027.0,A,-,rs1937160611,,,ENST00000335972,NP_006192.1,,,,,other,downstream_gene_variant,,,,,,,,,,,none,,,,,0.0,0.0,0.0,0.0,0.0,0.0,0.5,7.5
rs1937160241,Ensembl VEP (dbSNP),rs1937160241,rs1937160241,,X,47218013.0,A,C,rs1937160241,,,ENST00000335972,NP_006192.1,,,,,other,downstream_gene_variant,,,,,,,,,,,none,,,,,0.0,0.0,0.0,0.0,0.0,0.0,0.5,7.5
rs1937160171,Ensembl VEP (dbSNP),rs1937160171,rs1937160171,,X,47218010.0,A,T,rs1937160171,,,ENST00000335972,NP_006192.1,,,,,other,downstream_gene_variant,,,,,,,,,,,none,,,,,0.0,0.0,0.0,0.0,0.0,0.0,0.5,7.5
rs1937160081,Ensembl VEP (dbSNP),rs1937160081,rs1937160081,,X,47218009.0,G,A,rs1937160081,,,ENST00000335972,NP_006192.1,,,,,other,downstream_gene_variant,,,,,,,,,,,none,,,,,0.0,0.0,0.0,0.0,0.0,0.0,0.5,7.5
rs1937159999,Ensembl VEP (dbSNP),rs1937159999,rs1937159999,,X,47217995.0,G,A,rs1937159999,,,ENST00000335972,NP_006192.1,,,,,other,downstream_gene_variant,,,,,,,,,,,none,,,,,0.0,0.0,0.0,0.0,0.0,0.0,0.5,7.5
rs1937159910,Ensembl VEP (dbSNP),rs1937159910,rs1937159910,,X,47217987.0,G,T,rs1937159910,,,ENST00000335972,NP_006192.1,,,,,other,downstream_gene_variant,,,,,,,,,,,none,,,,,0.0,0.0,0.0,0.0,0.0,0.0,0.5,7.5
rs1937159653,Ensembl VEP (dbSNP),rs1937159653,rs1937159653,,X,47217978.0,C,T,rs1937159653,,,ENST00000335972,NP_006192.1,,,,,other,downstream_gene_variant,,,,,,,,,,,none,,,,,0.0,0.0,0.0,0.0,0.0,0.0,0.5,7.5
rs1937159251,Ensembl VEP (dbSNP),rs1937159251,rs1937159251,,X,47217963.0,G,C,rs1937159251,,,ENST00000335972,NP_006192.1,,,,,other,downstream_gene_variant,,,,,,,,,,,none,,,,,0.0,0.0,0.0,0.0,0.0,0.0,0.5,7.5
rs1937158033,Ensembl VEP (dbSNP),rs1937158033,rs1937158033,,X,47217946.0,A,G,rs1937158033,,,ENST00000335972,NP_006192.1,,,,,other,downstream_gene_variant,,,,,,,,,,,none,,,,,0.0,0.0,0.0,0.0,0.0,0.0,0.5,7.5
rs1937157764,Ensembl VEP (dbSNP),rs1937157764,rs1937157764,,X,47217946.0,-,CTAAAG,rs1937157764,,,ENST00000335972,NP_006192.1,,,,,other,downstream_gene_variant,,,,,,,,,,,none,,,,,0.0,0.0,0.0,0.0,0.0,0.0,0.5,7.5
rs1937157627,Ensembl VEP (dbSNP),rs1937157627,rs1937157627,,X,47217944.0,G,T,rs1937157627,,,ENST00000335972,NP_006192.1,,,,,other,downstream_gene_variant,,,,,,,,,,,none,,,,,0.0,0.0,0.0,0.0,0.0,0.0,0.5,7.5
rs1937157468,Ensembl VEP (dbSNP),rs1937157468,rs1937157468,,X,47217932.0,G,A,rs1937157468,,,ENST00000335972,NP_006192.1,,,,,other,downstream_gene_variant,,,,,,,,,,,none,,,,,0.0,0.0,0.0,0.0,0.0,0.0,0.5,7.5
rs1937157384,Ensembl VEP (dbSNP),rs1937157384,rs1937157384,,X,47217930.0,G,A,rs1937157384,,,ENST00000335972,NP_006192.1,,,,,other,downstream_gene_variant,,,,,,,,,,,none,,,,,0.0,0.0,0.0,0.0,0.0,0.0,0.5,7.5
rs1937157309,Ensembl VEP (dbSNP),rs1937157309,rs1937157309,,X,47217927.0,-,G,rs1937157309,,,ENST00000335972,NP_006192.1,,,,,other,downstream_gene_variant,,,,,,,,,,,none,,,,,0.0,0.0,0.0,0.0,0.0,0.0,0.5,7.5
rs1937157217,Ensembl VEP (dbSNP),rs1937157217,rs1937157217,,X,47217924.0,T,C,rs1937157217,,,ENST00000335972,NP_006192.1,,,,,other,downstream_gene_variant,,,,,,,,,,,none,,,,,0.0,0.0,0.0,0.0,0.0,0.0,0.5,7.5
rs1937157077,Ensembl VEP (dbSNP),rs1937157077,rs1937157077,,X,47217921.0,AGAT,-,rs1937157077,,,ENST00000335972,NP_006192.1,,,,,other,downstream_gene_variant,,,,,,,,,,,none,,,,,0.0,0.0,0.0,0.0,0.0,0.0,0.5,7.5
rs1937156918,Ensembl VEP (dbSNP),rs1937156918,rs1937156918,,X,47217919.0,T,A,rs1937156918,,,ENST00000335972,NP_006192.1,,,,,other,downstream_gene_variant,,,,,,,,,,,none,,,,,0.0,0.0,0.0,0.0,0.0,0.0,0.5,7.5
rs1937156503,Ensembl VEP (dbSNP),rs1937156503,rs1937156503,,X,47217910.0,C,T,rs1937156503,,,ENST00000335972,NP_006192.1,,,,,other,downstream_gene_variant,,,,,,,,,,,none,,,,,0.0,0.0,0.0,0.0,0.0,0.0,0.5,7.5
rs1937156306,Ensembl VEP (dbSNP),rs1937156306,rs1937156306,,X,47217906.0,G,A,rs1937156306,,,ENST00000335972,NP_006192.1,,,,,other,downstream_gene_variant,,,,,,,,,,,none,,,,,0.0,0.0,0.0,0.0,0.0,0.0,0.5,7.5
rs1937156078,Ensembl VEP (dbSNP),rs1937156078,rs1937156078,,X,47217903.0,C,A,rs1937156078,,,ENST00000335972,NP_006192.1,,,,,other,downstream_gene_variant,,,,,,,,,,,none,,,,,0.0,0.0,0.0,0.0,0.0,0.0,0.5,7.5
rs1937155994,Ensembl VEP (dbSNP),rs1937155994,rs1937155994,,X,47217894.0,G,C,rs1937155994,,,ENST00000335972,NP_006192.1,,,,,other,downstream_gene_variant,,,,,,,,,,,none,,,,,0.0,0.0,0.0,0.0,0.0,0.0,0.5,7.5
rs1937155716,Ensembl VEP (dbSNP),rs1937155716,rs1937155716,,X,47217886.0,C,T,rs1937155716,,,ENST00000335972,NP_006192.1,,,,,other,downstream_gene_variant,,,,,,,,,,,none,,,,,0.0,0.0,0.0,0.0,0.0,0.0,0.5,7.5
rs1937155550,Ensembl VEP (dbSNP),rs1937155550,rs1937155550,,X,47217881.0,T,C,rs1937155550,,,ENST00000335972,NP_006192.1,,,,,other,downstream_gene_variant,,,,,,,,,,,none,,,,,0.0,0.0,0.0,0.0,0.0,0.0,0.5,7.5
rs1937155211,Ensembl VEP (dbSNP),rs1937155211,rs1937155211,,X,47217875.0,T,C,rs1937155211,,,ENST00000335972,NP_006192.1,,,,,other,downstream_gene_variant,,,,,,,,,,,none,,,,,0.0,0.0,0.0,0.0,0.0,0.0,0.5,7.5
rs1937155041,Ensembl VEP (dbSNP),rs1937155041,rs1937155041,,X,47217869.0,C,A,rs1937155041,,,ENST00000335972,NP_006192.1,,,,,other,downstream_gene_variant,,,,,,,,,,,none,,,,,0.0,0.0,0.0,0.0,0.0,0.0,0.5,7.5
rs1937154954,Ensembl VEP (dbSNP),rs1937154954,rs1937154954,,X,47217865.0,T,C,rs1937154954,,,ENST00000335972,NP_006192.1,,,,,other,downstream_gene_variant,,,,,,,,,,,none,,,,,0.0,0.0,0.0,0.0,0.0,0.0,0.5,7.5
rs1937154510,Ensembl VEP (dbSNP),rs1937154510,rs1937154510,,X,47217854.0,G,C,rs1937154510,,,ENST00000335972,NP_006192.1,,,,,other,downstream_gene_variant,,,,,,,,,,,none,,,,,0.0,0.0,0.0,0.0,0.0,0.0,0.5,7.5
rs1937154320,Ensembl VEP (dbSNP),rs1937154320,rs1937154320,,X,47217851.0,T,C,rs1937154320,,,ENST00000335972,NP_006192.1,,,,,other,downstream_gene_variant,,,,,,,,,,,none,,,,,0.0,0.0,0.0,0.0,0.0,0.0,0.5,7.5
rs1937154240,Ensembl VEP (dbSNP),rs1937154240,rs1937154240,,X,47217849.0,C,G,rs1937154240,,,ENST00000335972,NP_006192.1,,,,,other,downstream_gene_variant,,,,,,,,,,,none,,,,,0.0,0.0,0.0,0.0,0.0,0.0,0.5,7.5
rs1937153964,Ensembl VEP (dbSNP),rs1937153964,rs1937153964,,X,47217833.0,A,G,rs1937153964,,,ENST00000335972,NP_006192.1,,,,,other,downstream_gene_variant,,,,,,,,,,,none,,,,,0.0,0.0,0.0,0.0,0.0,0.0,0.5,7.5
rs1937153870,Ensembl VEP (dbSNP),rs1937153870,rs1937153870,,X,47217832.0,C,T,rs1937153870,,,ENST00000335972,NP_006192.1,,,,,other,downstream_gene_variant,,,,,,,,,,,none,,,,,0.0,0.0,0.0,0.0,0.0,0.0,0.5,7.5
rs1937153706,Ensembl VEP (dbSNP),rs1937153706,rs1937153706,,X,47217825.0,T,C,rs1937153706,,,ENST00000335972,NP_006192.1,,,,,other,downstream_gene_variant,,,,,,,,,,,none,,,,,0.0,0.0,0.0,0.0,0.0,0.0,0.5,7.5
rs1937153610,Ensembl VEP (dbSNP),rs1937153610,rs1937153610,,X,47217817.0,G,C,rs1937153610,,,ENST00000335972,NP_006192.1,,,,,other,downstream_gene_variant,,,,,,,,,,,none,,,,,0.0,0.0,0.0,0.0,0.0,0.0,0.5,7.5
rs1937153221,Ensembl VEP (dbSNP),rs1937153221,rs1937153221,,X,47217797.0,C,T,rs1937153221,,,ENST00000335972,NP_006192.1,,,,,other,downstream_gene_variant,,,,,,,,,,,none,,,,,0.0,0.0,0.0,0.0,0.0,0.0,0.5,7.5
rs1937153024,Ensembl VEP (dbSNP),rs1937153024,rs1937153024,,X,47217794.0,A,G,rs1937153024,,,ENST00000335972,NP_006192.1,,,,,other,downstream_gene_variant,,,,,,,,,,,none,,,,,0.0,0.0,0.0,0.0,0.0,0.0,0.5,7.5
rs1937152939,Ensembl VEP (dbSNP),rs1937152939,rs1937152939,,X,47217793.0,G,A,rs1937152939,,,ENST00000335972,NP_006192.1,,,,,other,downstream_gene_variant,,,,,,,,,,,none,,,,,0.0,0.0,0.0,0.0,0.0,0.0,0.5,7.5
rs1937152672,Ensembl VEP (dbSNP),rs1937152672,rs1937152672,,X,47217789.0,G,T,rs1937152672,,,ENST00000335972,NP_006192.1,,,,,other,downstream_gene_variant,,,,,,,,,,,none,,,,,0.0,0.0,0.0,0.0,0.0,0.0,0.5,7.5
rs1937152604,Ensembl VEP (dbSNP),rs1937152604,rs1937152604,,X,47217787.0,-,AC,rs1937152604,,,ENST00000335972,NP_006192.1,,,,,other,downstream_gene_variant,,,,,,,,,,,none,,,,,0.0,0.0,0.0,0.0,0.0,0.0,0.5,7.5
rs1937152282,Ensembl VEP (dbSNP),rs1937152282,rs1937152282,,X,47217771.0,G,C,rs1937152282,,,ENST00000335972,NP_006192.1,,,,,other,downstream_gene_variant,,,,,,,,,,,none,,,,,0.0,0.0,0.0,0.0,0.0,0.0,0.5,7.5
rs1937152205,Ensembl VEP (dbSNP),rs1937152205,rs1937152205,,X,47217770.0,G,C,rs1937152205,,,ENST00000335972,NP_006192.1,,,,,other,downstream_gene_variant,,,,,,,,,,,none,,,,,0.0,0.0,0.0,0.0,0.0,0.0,0.5,7.5
rs1937151774,Ensembl VEP (dbSNP),rs1937151774,rs1937151774,,X,47217760.0,T,C,rs1937151774,,,ENST00000335972,NP_006192.1,,,,,other,downstream_gene_variant,,,,,,,,,,,none,,,,,0.0,0.0,0.0,0.0,0.0,0.0,0.5,7.5
rs1937151337,Ensembl VEP (dbSNP),rs1937151337,rs1937151337,,X,47217737.0,G,A,rs1937151337,,,ENST00000335972,NP_006192.1,,,,,other,downstream_gene_variant,,,,,,,,,,,none,,,,,0.0,0.0,0.0,0.0,0.0,0.0,0.5,7.5
rs1937151069,Ensembl VEP (dbSNP),rs1937151069,rs1937151069,,X,47217728.0,G,T,rs1937151069,,,ENST00000335972,NP_006192.1,,,,,other,downstream_gene_variant,,,,,,,,,,,none,,,,,0.0,0.0,0.0,0.0,0.0,0.0,0.5,7.5
rs1937150994,Ensembl VEP (dbSNP),rs1937150994,rs1937150994,,X,47217726.0,G,A,rs1937150994,,,ENST00000335972,NP_006192.1,,,,,other,downstream_gene_variant,,,,,,,,,,,none,,,,,0.0,0.0,0.0,0.0,0.0,0.0,0.5,7.5
rs1937150911,Ensembl VEP (dbSNP),rs1937150911,rs1937150911,,X,47217725.0,AGGGGCTGTGCCGGG,-,rs1937150911,,,ENST00000335972,NP_006192.1,,,,,other,downstream_gene_variant,,,,,,,,,,,none,,,,,0.0,0.0,0.0,0.0,0.0,0.0,0.5,7.5
rs1937150761,Ensembl VEP (dbSNP),rs1937150761,rs1937150761,,X,47217709.0,T,A,rs1937150761,,,ENST00000335972,NP_006192.1,,,,,other,downstream_gene_variant,,,,,,,,,,,none,,,,,0.0,0.0,0.0,0.0,0.0,0.0,0.5,7.5
rs1937150687,Ensembl VEP (dbSNP),rs1937150687,rs1937150687,,X,47217708.0,G,A,rs1937150687,,,ENST00000335972,NP_006192.1,,,,,other,downstream_gene_variant,,,,,,,,,,,none,,,,,0.0,0.0,0.0,0.0,0.0,0.0,0.5,7.5
rs1937150596,Ensembl VEP (dbSNP),rs1937150596,rs1937150596,,X,47217694.0,AAAAAA,AA,rs1937150596,,,ENST00000335972,NP_006192.1,,,,,other,downstream_gene_variant,,,,,,,,,,,none,,,,,0.0,0.0,0.0,0.0,0.0,0.0,0.5,7.5
rs1937150434,Ensembl VEP (dbSNP),rs1937150434,rs1937150434,,X,47217692.0,A,-,rs1937150434,,,ENST00000335972,NP_006192.1,,,,,other,downstream_gene_variant,,,,,,,,,,,none,,,,,0.0,0.0,0.0,0.0,0.0,0.0,0.5,7.5
rs1937150119,Ensembl VEP (dbSNP),rs1937150119,rs1937150119,,X,47217683.0,C,G,rs1937150119,,,ENST00000335972,NP_006192.1,,,,,other,downstream_gene_variant,,,,,,,,,,,none,,,,,0.0,0.0,0.0,0.0,0.0,0.0,0.5,7.5
rs1937150049,Ensembl VEP (dbSNP),rs1937150049,rs1937150049,,X,47217678.0,G,A,rs1937150049,,,ENST00000335972,NP_006192.1,,,,,other,downstream_gene_variant,,,,,,,,,,,none,,,,,0.0,0.0,0.0,0.0,0.0,0.0,0.5,7.5
rs1937149980,Ensembl VEP (dbSNP),rs1937149980,rs1937149980,,X,47217673.0,T,-,rs1937149980,,,ENST00000335972,NP_006192.1,,,,,other,downstream_gene_variant,,,,,,,,,,,none,,,,,0.0,0.0,0.0,0.0,0.0,0.0,0.5,7.5
rs1937149628,Ensembl VEP (dbSNP),rs1937149628,rs1937149628,,X,47217651.0,C,T,rs1937149628,,,ENST00000335972,NP_006192.1,,,,,other,downstream_gene_variant,,,,,,,,,,,none,,,,,0.0,0.0,0.0,0.0,0.0,0.0,0.5,7.5
rs1937149551,Ensembl VEP (dbSNP),rs1937149551,rs1937149551,,X,47217646.0,T,G,rs1937149551,,,ENST00000335972,NP_006192.1,,,,,other,downstream_gene_variant,,,,,,,,,,,none,,,,,0.0,0.0,0.0,0.0,0.0,0.0,0.5,7.5
rs1937149306,Ensembl VEP (dbSNP),rs1937149306,rs1937149306,,X,47217633.0,A,C,rs1937149306,,,ENST00000335972,NP_006192.1,,,,,other,downstream_gene_variant,,,,,,,,,,,none,,,,,0.0,0.0,0.0,0.0,0.0,0.0,0.5,7.5
rs1937149126,Ensembl VEP (dbSNP),rs1937149126,rs1937149126,,X,47217635.0,TAAA,-,rs1937149126,,,ENST00000335972,NP_006192.1,,,,,other,downstream_gene_variant,,,,,,,,,,,none,,,,,0.0,0.0,0.0,0.0,0.0,0.0,0.5,7.5
rs1937148964,Ensembl VEP (dbSNP),rs1937148964,rs1937148964,,X,47217627.0,C,T,rs1937148964,,,ENST00000335972,NP_006192.1,,,,,other,downstream_gene_variant,,,,,,,,,,,none,,,,,0.0,0.0,0.0,0.0,0.0,0.0,0.5,7.5
rs1937148522,Ensembl VEP (dbSNP),rs1937148522,rs1937148522,,X,47217605.0,G,C,rs1937148522,,,ENST00000335972,NP_006192.1,,,,,other,downstream_gene_variant,,,,,,,,,,,none,,,,,0.0,0.0,0.0,0.0,0.0,0.0,0.5,7.5
rs1937148193,Ensembl VEP (dbSNP),rs1937148193,rs1937148193,,X,47217574.0,G,A,rs1937148193,,,ENST00000335972,NP_006192.1,,,,,other,downstream_gene_variant,,,,,,,,,,,none,,,,,0.0,0.0,0.0,0.0,0.0,0.0,0.5,7.5
rs1937148107,Ensembl VEP (dbSNP),rs1937148107,rs1937148107,,X,47217571.0,G,A,rs1937148107,,,ENST00000335972,NP_006192.1,,,,,other,downstream_gene_variant,,,,,,,,,,,none,,,,,0.0,0.0,0.0,0.0,0.0,0.0,0.5,7.5
rs1937147956,Ensembl VEP (dbSNP),rs1937147956,rs1937147956,,X,47217552.0,G,C,rs1937147956,,,ENST00000335972,NP_006192.1,,,,,other,downstream_gene_variant,,,,,,,,,,,none,,,,,0.0,0.0,0.0,0.0,0.0,0.0,0.5,7.5
rs1937147803,Ensembl VEP (dbSNP),rs1937147803,rs1937147803,,X,47217550.0,G,A,rs1937147803,,,ENST00000335972,NP_006192.1,,,,,other,downstream_gene_variant,,,,,,,,,,,none,,,,,0.0,0.0,0.0,0.0,0.0,0.0,0.5,7.5
rs1937147645,Ensembl VEP (dbSNP),rs1937147645,rs1937147645,,X,47217510.0,A,G,rs1937147645,,,ENST00000335972,NP_006192.1,,,,,other,downstream_gene_variant,,,,,,,,,,,none,,,,,0.0,0.0,0.0,0.0,0.0,0.0,0.5,7.5
rs1937147567,Ensembl VEP (dbSNP),rs1937147567,rs1937147567,,X,47217508.0,C,G,rs1937147567,,,ENST00000335972,NP_006192.1,,,,,other,downstream_gene_variant,,,,,,,,,,,none,,,,,0.0,0.0,0.0,0.0,0.0,0.0,0.5,7.5
rs1937146964,Ensembl VEP (dbSNP),rs1937146964,rs1937146964,,X,47217484.0,G,C,rs1937146964,,,ENST00000335972,NP_006192.1,,,,,other,downstream_gene_variant,,,,,,,,,,,none,,,,,0.0,0.0,0.0,0.0,0.0,0.0,0.5,7.5
rs1937146655,Ensembl VEP (dbSNP),rs1937146655,rs1937146655,,X,47217461.0,G,A,rs1937146655,,,ENST00000335972,NP_006192.1,,,,,other,downstream_gene_variant,,,,,,,,,,,none,,,,,0.0,0.0,0.0,0.0,0.0,0.0,0.5,7.5
rs1937146533,Ensembl VEP (dbSNP),rs1937146533,rs1937146533,,X,47217460.0,C,T,rs1937146533,,,ENST00000335972,NP_006192.1,,,,,other,downstream_gene_variant,,,,,,,,,,,none,,,,,0.0,0.0,0.0,0.0,0.0,0.0,0.5,7.5
rs1937146441,Ensembl VEP (dbSNP),rs1937146441,rs1937146441,,X,47217441.0,G,T,rs1937146441,,,ENST00000335972,NP_006192.1,,,,,other,downstream_gene_variant,,,,,,,,,,,none,,,,,0.0,0.0,0.0,0.0,0.0,0.0,0.5,7.5
rs1937145966,Ensembl VEP (dbSNP),rs1937145966,rs1937145966,,X,47217423.0,C,G,rs1937145966,,,ENST00000335972,NP_006192.1,,,,,other,downstream_gene_variant,,,,,,,,,,,none,,,,,0.0,0.0,0.0,0.0,0.0,0.0,0.5,7.5
rs1937145710,Ensembl VEP (dbSNP),rs1937145710,rs1937145710,,X,47217414.0,C,A,rs1937145710,,,ENST00000335972,NP_006192.1,,,,,other,downstream_gene_variant,,,,,,,,,,,none,,,,,0.0,0.0,0.0,0.0,0.0,0.0,0.5,7.5
rs1937145625,Ensembl VEP (dbSNP),rs1937145625,rs1937145625,,X,47217408.0,A,G,rs1937145625,,,ENST00000335972,NP_006192.1,,,,,other,downstream_gene_variant,,,,,,,,,,,none,,,,,0.0,0.0,0.0,0.0,0.0,0.0,0.5,7.5
rs1937145557,Ensembl VEP (dbSNP),rs1937145557,rs1937145557,,X,47217407.0,A,G,rs1937145557,,,ENST00000335972,NP_006192.1,,,,,other,downstream_gene_variant,,,,,,,,,,,none,,,,,0.0,0.0,0.0,0.0,0.0,0.0,0.5,7.5
rs1937145399,Ensembl VEP (dbSNP),rs1937145399,rs1937145399,,X,47217391.0,-,G,rs1937145399,,,ENST00000335972,NP_006192.1,,,,,other,downstream_gene_variant,,,,,,,,,,,none,,,,,0.0,0.0,0.0,0.0,0.0,0.0,0.5,7.5
rs1937144958,Ensembl VEP (dbSNP),rs1937144958,rs1937144958,,X,47217378.0,-,TGGGCAGGTTAA,rs1937144958,,,ENST00000335972,NP_006192.1,,,,,other,downstream_gene_variant,,,,,,,,,,,none,,,,,0.0,0.0,0.0,0.0,0.0,0.0,0.5,7.5
rs1937144874,Ensembl VEP (dbSNP),rs1937144874,rs1937144874,,X,47217377.0,C,A,rs1937144874,,,ENST00000335972,NP_006192.1,,,,,other,downstream_gene_variant,,,,,,,,,,,none,,,,,0.0,0.0,0.0,0.0,0.0,0.0,0.5,7.5
rs1937144655,Ensembl VEP (dbSNP),rs1937144655,rs1937144655,,X,47217359.0,G,A,rs1937144655,,,ENST00000335972,NP_006192.1,,,,,other,downstream_gene_variant,,,,,,,,,,,none,,,,,0.0,0.0,0.0,0.0,0.0,0.0,0.5,7.5
rs1937144489,Ensembl VEP (dbSNP),rs1937144489,rs1937144489,,X,47217353.0,ATCTT,-,rs1937144489,,,ENST00000335972,NP_006192.1,,,,,other,downstream_gene_variant,,,,,,,,,,,none,,,,,0.0,0.0,0.0,0.0,0.0,0.0,0.5,7.5
rs1937144178,Ensembl VEP (dbSNP),rs1937144178,rs1937144178,,X,47217340.0,G,A,rs1937144178,,,ENST00000335972,NP_006192.1,,,,,other,downstream_gene_variant,,,,,,,,,,,none,,,,,0.0,0.0,0.0,0.0,0.0,0.0,0.5,7.5
rs1937144099,Ensembl VEP (dbSNP),rs1937144099,rs1937144099,,X,47217331.0,C,T,rs1937144099,,,ENST00000335972,NP_006192.1,,,,,other,downstream_gene_variant,,,,,,,,,,,none,,,,,0.0,0.0,0.0,0.0,0.0,0.0,0.5,7.5
rs1937144015,Ensembl VEP (dbSNP),rs1937144015,rs1937144015,,X,47217324.0,G,A,rs1937144015,,,ENST00000335972,NP_006192.1,,,,,other,downstream_gene_variant,,,,,,,,,,,none,,,,,0.0,0.0,0.0,0.0,0.0,0.0,0.5,7.5
rs1937143949,Ensembl VEP (dbSNP),rs1937143949,rs1937143949,,X,47217322.0,G,T,rs1937143949,,,ENST00000335972,NP_006192.1,,,,,other,downstream_gene_variant,,,,,,,,,,,none,,,,,0.0,0.0,0.0,0.0,0.0,0.0,0.5,7.5
rs1937143522,Ensembl VEP (dbSNP),rs1937143522,rs1937143522,,X,47217297.0,G,A,rs1937143522,,,ENST00000335972,NP_006192.1,,,,,other,downstream_gene_variant,,,,,,,,,,,none,,,,,0.0,0.0,0.0,0.0,0.0,0.0,0.5,7.5
rs1937143034,Ensembl VEP (dbSNP),rs1937143034,rs1937143034,,X,47217288.0,G,-,rs1937143034,,,ENST00000335972,NP_006192.1,,,,,other,downstream_gene_variant,,,,,,,,,,,none,,,,,0.0,0.0,0.0,0.0,0.0,0.0,0.5,7.5
rs1937142659,Ensembl VEP (dbSNP),rs1937142659,rs1937142659,,X,47217282.0,TCAG,-,rs1937142659,,,ENST00000335972,NP_006192.1,,,,,other,downstream_gene_variant,,,,,,,,,,,none,,,,,0.0,0.0,0.0,0.0,0.0,0.0,0.5,7.5
rs1937142535,Ensembl VEP (dbSNP),rs1937142535,rs1937142535,,X,47217280.0,A,G,rs1937142535,,,ENST00000335972,NP_006192.1,,,,,other,downstream_gene_variant,,,,,,,,,,,none,,,,,0.0,0.0,0.0,0.0,0.0,0.0,0.5,7.5
rs1937141620,Ensembl VEP (dbSNP),rs1937141620,rs1937141620,,X,47217259.0,AG,-,rs1937141620,,,ENST00000335972,NP_006192.1,,,,,other,downstream_gene_variant,,,,,,,,,,,none,,,,,0.0,0.0,0.0,0.0,0.0,0.0,0.5,7.5
rs1937141495,Ensembl VEP (dbSNP),rs1937141495,rs1937141495,,X,47217257.0,A,G,rs1937141495,,,ENST00000335972,NP_006192.1,,,,,other,downstream_gene_variant,,,,,,,,,,,none,,,,,0.0,0.0,0.0,0.0,0.0,0.0,0.5,7.5
rs1937141208,Ensembl VEP (dbSNP),rs1937141208,rs1937141208,,X,47217245.0,AAA,A,rs1937141208,,,ENST00000335972,NP_006192.1,,,,,other,downstream_gene_variant,,,,,,,,,,,none,,,,,0.0,0.0,0.0,0.0,0.0,0.0,0.5,7.5
rs1937140795,Ensembl VEP (dbSNP),rs1937140795,rs1937140795,,X,47217224.0,T,G,rs1937140795,,,ENST00000335972,NP_006192.1,,,,,other,downstream_gene_variant,,,,,,,,,,,none,,,,,0.0,0.0,0.0,0.0,0.0,0.0,0.5,7.5
rs1937140655,Ensembl VEP (dbSNP),rs1937140655,rs1937140655,,X,47217223.0,C,A,rs1937140655,,,ENST00000335972,NP_006192.1,,,,,other,downstream_gene_variant,,,,,,,,,,,none,,,,,0.0,0.0,0.0,0.0,0.0,0.0,0.5,7.5
rs1937140138,Ensembl VEP (dbSNP),rs1937140138,rs1937140138,,X,47217208.0,G,C,rs1937140138,,,ENST00000335972,NP_006192.1,,,,,other,downstream_gene_variant,,,,,,,,,,,none,,,,,0.0,0.0,0.0,0.0,0.0,0.0,0.5,7.5
rs1937140018,Ensembl VEP (dbSNP),rs1937140018,rs1937140018,,X,47217195.0,A,T,rs1937140018,,,ENST00000335972,NP_006192.1,,,,,other,downstream_gene_variant,,,,,,,,,,,none,,,,,0.0,0.0,0.0,0.0,0.0,0.0,0.5,7.5
rs1937139655,Ensembl VEP (dbSNP),rs1937139655,rs1937139655,,X,47217172.0,C,G,rs1937139655,,,ENST00000335972,NP_006192.1,,,,,other,downstream_gene_variant,,,,,,,,,,,none,,,,,0.0,0.0,0.0,0.0,0.0,0.0,0.5,7.5
rs1937139523,Ensembl VEP (dbSNP),rs1937139523,rs1937139523,,X,47217168.0,T,G,rs1937139523,,,ENST00000335972,NP_006192.1,,,,,other,downstream_gene_variant,,,,,,,,,,,none,,,,,0.0,0.0,0.0,0.0,0.0,0.0,0.5,7.5
rs1937139396,Ensembl VEP (dbSNP),rs1937139396,rs1937139396,,X,47217164.0,G,T,rs1937139396,,,ENST00000335972,NP_006192.1,,,,,other,downstream_gene_variant,,,,,,,,,,,none,,,,,0.0,0.0,0.0,0.0,0.0,0.0,0.5,7.5
rs1937138559,Ensembl VEP (dbSNP),rs1937138559,rs1937138559,,X,47217153.0,T,-,rs1937138559,,,ENST00000335972,NP_006192.1,,,,,other,downstream_gene_variant,,,,,,,,,,,none,,,,,0.0,0.0,0.0,0.0,0.0,0.0,0.5,7.5
rs1937138421,Ensembl VEP (dbSNP),rs1937138421,rs1937138421,,X,47217147.0,A,G,rs1937138421,,,ENST00000335972,NP_006192.1,,,,,other,downstream_gene_variant,,,,,,,,,,,none,,,,,0.0,0.0,0.0,0.0,0.0,0.0,0.5,7.5
rs1937138340,Ensembl VEP (dbSNP),rs1937138340,rs1937138340,,X,47217144.0,G,A,rs1937138340,,,ENST00000335972,NP_006192.1,,,,,other,downstream_gene_variant,,,,,,,,,,,none,,,,,0.0,0.0,0.0,0.0,0.0,0.0,0.5,7.5
rs1937138264,Ensembl VEP (dbSNP),rs1937138264,rs1937138264,,X,47217141.0,G,A,rs1937138264,,,ENST00000335972,NP_006192.1,,,,,other,downstream_gene_variant,,,,,,,,,,,none,,,,,0.0,0.0,0.0,0.0,0.0,0.0,0.5,7.5
rs1937138187,Ensembl VEP (dbSNP),rs1937138187,rs1937138187,,X,47217142.0,AAG,-,rs1937138187,,,ENST00000335972,NP_006192.1,,,,,other,downstream_gene_variant,,,,,,,,,,,none,,,,,0.0,0.0,0.0,0.0,0.0,0.0,0.5,7.5
rs1937138071,Ensembl VEP (dbSNP),rs1937138071,rs1937138071,,X,47217135.0,C,A,rs1937138071,,,ENST00000335972,NP_006192.1,,,,,other,downstream_gene_variant,,,,,,,,,,,none,,,,,0.0,0.0,0.0,0.0,0.0,0.0,0.5,7.5
rs1937137473,Ensembl VEP (dbSNP),rs1937137473,rs1937137473,,X,47217104.0,G,A,rs1937137473,,,ENST00000335972,NP_006192.1,,,,,other,downstream_gene_variant,,,,,,,,,,,none,,,,,0.0,0.0,0.0,0.0,0.0,0.0,0.5,7.5
rs1937137381,Ensembl VEP (dbSNP),rs1937137381,rs1937137381,,X,47217103.0,A,G,rs1937137381,,,ENST00000335972,NP_006192.1,,,,,other,downstream_gene_variant,,,,,,,,,,,none,,,,,0.0,0.0,0.0,0.0,0.0,0.0,0.5,7.5
rs1937137232,Ensembl VEP (dbSNP),rs1937137232,rs1937137232,,X,47217101.0,A,T,rs1937137232,,,ENST00000335972,NP_006192.1,,,,,other,downstream_gene_variant,,,,,,,,,,,none,,,,,0.0,0.0,0.0,0.0,0.0,0.0,0.5,7.5
rs1937137100,Ensembl VEP (dbSNP),rs1937137100,rs1937137100,,X,47217099.0,G,T,rs1937137100,,,ENST00000335972,NP_006192.1,,,,,other,downstream_gene_variant,,,,,,,,,,,none,,,,,0.0,0.0,0.0,0.0,0.0,0.0,0.5,7.5
rs1937136972,Ensembl VEP (dbSNP),rs1937136972,rs1937136972,,X,47217098.0,C,T,rs1937136972,,,ENST00000335972,NP_006192.1,,,,,other,downstream_gene_variant,,,,,,,,,,,none,,,,,0.0,0.0,0.0,0.0,0.0,0.0,0.5,7.5
rs1937136591,Ensembl VEP (dbSNP),rs1937136591,rs1937136591,,X,47217074.0,C,G,rs1937136591,,,ENST00000335972,NP_006192.1,,,,,other,downstream_gene_variant,,,,,,,,,,,none,,,,,0.0,0.0,0.0,0.0,0.0,0.0,0.5,7.5
rs1937136441,Ensembl VEP (dbSNP),rs1937136441,rs1937136441,,X,47217061.0,T,A,rs1937136441,,,ENST00000335972,NP_006192.1,,,,,other,downstream_gene_variant,,,,,,,,,,,none,,,,,0.0,0.0,0.0,0.0,0.0,0.0,0.5,7.5
rs1937136197,Ensembl VEP (dbSNP),rs1937136197,rs1937136197,,X,47217038.0,A,G,rs1937136197,,,ENST00000335972,NP_006192.1,,,,,other,downstream_gene_variant,,,,,,,,,,,none,,,,,0.0,0.0,0.0,0.0,0.0,0.0,0.5,7.5
rs1937135927,Ensembl VEP (dbSNP),rs1937135927,rs1937135927,,X,47217020.0,A,G,rs1937135927,,,ENST00000335972,NP_006192.1,,,,,other,downstream_gene_variant,,,,,,,,,,,none,,,,,0.0,0.0,0.0,0.0,0.0,0.0,0.5,7.5
rs1937135835,Ensembl VEP (dbSNP),rs1937135835,rs1937135835,,X,47217015.0,T,A,rs1937135835,,,ENST00000335972,NP_006192.1,,,,,other,downstream_gene_variant,,,,,,,,,,,none,,,,,0.0,0.0,0.0,0.0,0.0,0.0,0.5,7.5
rs1937135540,Ensembl VEP (dbSNP),rs1937135540,rs1937135540,,X,47217005.0,C,T,rs1937135540,,,ENST00000335972,NP_006192.1,,,,,other,downstream_gene_variant,,,,,,,,,,,none,,,,,0.0,0.0,0.0,0.0,0.0,0.0,0.5,7.5
rs1937135269,Ensembl VEP (dbSNP),rs1937135269,rs1937135269,,X,47216999.0,A,G,rs1937135269,,,ENST00000335972,NP_006192.1,,,,,other,downstream_gene_variant,,,,,,,,,,,none,,,,,0.0,0.0,0.0,0.0,0.0,0.0,0.5,7.5
rs1937134997,Ensembl VEP (dbSNP),rs1937134997,rs1937134997,,X,47216990.0,A,T,rs1937134997,,,ENST00000335972,NP_006192.1,,,,,other,downstream_gene_variant,,,,,,,,,,,none,,,,,0.0,0.0,0.0,0.0,0.0,0.0,0.5,7.5
rs1937134857,Ensembl VEP (dbSNP),rs1937134857,rs1937134857,,X,47216981.0,T,C,rs1937134857,,,ENST00000335972,NP_006192.1,,,,,other,downstream_gene_variant,,,,,,,,,,,none,,,,,0.0,0.0,0.0,0.0,0.0,0.0,0.5,7.5
rs1937134695,Ensembl VEP (dbSNP),rs1937134695,rs1937134695,,X,47216979.0,A,G,rs1937134695,,,ENST00000335972,NP_006192.1,,,,,other,downstream_gene_variant,,,,,,,,,,,none,,,,,0.0,0.0,0.0,0.0,0.0,0.0,0.5,7.5
rs1937134418,Ensembl VEP (dbSNP),rs1937134418,rs1937134418,,X,47216969.0,C,A,rs1937134418,,,ENST00000335972,NP_006192.1,,,,,other,downstream_gene_variant,,,,,,,,,,,none,,,,,0.0,0.0,0.0,0.0,0.0,0.0,0.5,7.5
rs1937132971,Ensembl VEP (dbSNP),rs1937132971,rs1937132971,,X,47216930.0,C,G,rs1937132971,,,ENST00000335972,NP_006192.1,,,,,other,downstream_gene_variant,,,,,,,,,,,none,,,,,0.0,0.0,0.0,0.0,0.0,0.0,0.5,7.5
rs1937132819,Ensembl VEP (dbSNP),rs1937132819,rs1937132819,,X,47216926.0,A,C,rs1937132819,,,ENST00000335972,NP_006192.1,,,,,other,downstream_gene_variant,,,,,,,,,,,none,,,,,0.0,0.0,0.0,0.0,0.0,0.0,0.5,7.5
rs1937132722,Ensembl VEP (dbSNP),rs1937132722,rs1937132722,,X,47216925.0,AA,-,rs1937132722,,,ENST00000335972,NP_006192.1,,,,,other,downstream_gene_variant,,,,,,,,,,,none,,,,,0.0,0.0,0.0,0.0,0.0,0.0,0.5,7.5
rs1937132639,Ensembl VEP (dbSNP),rs1937132639,rs1937132639,,X,47216922.0,A,G,rs1937132639,,,ENST00000335972,NP_006192.1,,,,,other,downstream_gene_variant,,,,,,,,,,,none,,,,,0.0,0.0,0.0,0.0,0.0,0.0,0.5,7.5
rs1937132332,Ensembl VEP (dbSNP),rs1937132332,rs1937132332,,X,47216916.0,G,T,rs1937132332,,,ENST00000335972,NP_006192.1,,,,,other,downstream_gene_variant,,,,,,,,,,,none,,,,,0.0,0.0,0.0,0.0,0.0,0.0,0.5,7.5
rs1937132225,Ensembl VEP (dbSNP),rs1937132225,rs1937132225,,X,47216912.0,A,G,rs1937132225,,,ENST00000335972,NP_006192.1,,,,,other,downstream_gene_variant,,,,,,,,,,,none,,,,,0.0,0.0,0.0,0.0,0.0,0.0,0.5,7.5
rs1937132055,Ensembl VEP (dbSNP),rs1937132055,rs1937132055,,X,47216910.0,G,A,rs1937132055,,,ENST00000335972,NP_006192.1,,,,,other,downstream_gene_variant,,,,,,,,,,,none,,,,,0.0,0.0,0.0,0.0,0.0,0.0,0.5,7.5
rs1937131868,Ensembl VEP (dbSNP),rs1937131868,rs1937131868,,X,47216908.0,C,T,rs1937131868,,,ENST00000335972,NP_006192.1,,,,,other,downstream_gene_variant,,,,,,,,,,,none,,,,,0.0,0.0,0.0,0.0,0.0,0.0,0.5,7.5
rs1937131475,Ensembl VEP (dbSNP),rs1937131475,rs1937131475,,X,47216905.0,AGACAGCAGTG,-,rs1937131475,,,ENST00000335972,NP_006192.1,,,,,other,downstream_gene_variant,,,,,,,,,,,none,,,,,0.0,0.0,0.0,0.0,0.0,0.0,0.5,7.5
rs1937130924,Ensembl VEP (dbSNP),rs1937130924,rs1937130924,,X,47216892.0,T,A,rs1937130924,,,ENST00000335972,NP_006192.1,,,,,other,downstream_gene_variant,,,,,,,,,,,none,,,,,0.0,0.0,0.0,0.0,0.0,0.0,0.5,7.5
rs1937130726,Ensembl VEP (dbSNP),rs1937130726,rs1937130726,,X,47216880.0,G,T,rs1937130726,,,ENST00000335972,NP_006192.1,,,,,other,downstream_gene_variant,,,,,,,,,,,none,,,,,0.0,0.0,0.0,0.0,0.0,0.0,0.5,7.5
rs1937130521,Ensembl VEP (dbSNP),rs1937130521,rs1937130521,,X,47216873.0,G,A,rs1937130521,,,ENST00000335972,NP_006192.1,,,,,other,downstream_gene_variant,,,,,,,,,,,none,,,,,0.0,0.0,0.0,0.0,0.0,0.0,0.5,7.5
rs1937129828,Ensembl VEP (dbSNP),rs1937129828,rs1937129828,,X,47216844.0,C,-,rs1937129828,,,ENST00000335972,NP_006192.1,,,,,other,downstream_gene_variant,,,,,,,,,,,none,,,,,0.0,0.0,0.0,0.0,0.0,0.0,0.5,7.5
rs1937129476,Ensembl VEP (dbSNP),rs1937129476,rs1937129476,,X,47216836.0,G,A,rs1937129476,,,ENST00000335972,NP_006192.1,,,,,other,downstream_gene_variant,,,,,,,,,,,none,,,,,0.0,0.0,0.0,0.0,0.0,0.0,0.5,7.5
rs1937129265,Ensembl VEP (dbSNP),rs1937129265,rs1937129265,,X,47216820.0,A,G,rs1937129265,,,ENST00000335972,NP_006192.1,,,,,other,downstream_gene_variant,,,,,,,,,,,none,,,,,0.0,0.0,0.0,0.0,0.0,0.0,0.5,7.5
rs1937129049,Ensembl VEP (dbSNP),rs1937129049,rs1937129049,,X,47216816.0,T,C,rs1937129049,,,ENST00000335972,NP_006192.1,,,,,other,downstream_gene_variant,,,,,,,,,,,none,,,,,0.0,0.0,0.0,0.0,0.0,0.0,0.5,7.5
rs1937128751,Ensembl VEP (dbSNP),rs1937128751,rs1937128751,,X,47216809.0,A,G,rs1937128751,,,ENST00000335972,NP_006192.1,,,,,other,downstream_gene_variant,,,,,,,,,,,none,,,,,0.0,0.0,0.0,0.0,0.0,0.0,0.5,7.5
rs1937128356,Ensembl VEP (dbSNP),rs1937128356,rs1937128356,,X,47216782.0,C,T,rs1937128356,,,ENST00000335972,NP_006192.1,,,,,other,downstream_gene_variant,,,,,,,,,,,none,,,,,0.0,0.0,0.0,0.0,0.0,0.0,0.5,7.5
rs1937127371,Ensembl VEP (dbSNP),rs1937127371,rs1937127371,,X,47216743.0,C,T,rs1937127371,,,ENST00000335972,NP_006192.1,,,,,other,downstream_gene_variant,,,,,,,,,,,none,,,,,0.0,0.0,0.0,0.0,0.0,0.0,0.5,7.5
rs1937127079,Ensembl VEP (dbSNP),rs1937127079,rs1937127079,,X,47216738.0,C,-,rs1937127079,,,ENST00000335972,NP_006192.1,,,,,other,downstream_gene_variant,,,,,,,,,,,none,,,,,0.0,0.0,0.0,0.0,0.0,0.0,0.5,7.5
rs1937126977,Ensembl VEP (dbSNP),rs1937126977,rs1937126977,,X,47216731.0,G,A,rs1937126977,,,ENST00000335972,NP_006192.1,,,,,other,downstream_gene_variant,,,,,,,,,,,none,,,,,0.0,0.0,0.0,0.0,0.0,0.0,0.5,7.5
rs1937126310,Ensembl VEP (dbSNP),rs1937126310,rs1937126310,,X,47216709.0,G,A,rs1937126310,,,ENST00000335972,NP_006192.1,,,,,other,downstream_gene_variant,,,,,,,,,,,none,,,,,0.0,0.0,0.0,0.0,0.0,0.0,0.5,7.5
rs1937126068,Ensembl VEP (dbSNP),rs1937126068,rs1937126068,,X,47216698.0,G,A,rs1937126068,,,ENST00000335972,NP_006192.1,,,,,other,downstream_gene_variant,,,,,,,,,,,none,,,,,0.0,0.0,0.0,0.0,0.0,0.0,0.5,7.5
rs1937125790,Ensembl VEP (dbSNP),rs1937125790,rs1937125790,,X,47216690.0,G,A,rs1937125790,,,ENST00000335972,NP_006192.1,,,,,other,downstream_gene_variant,,,,,,,,,,,none,,,,,0.0,0.0,0.0,0.0,0.0,0.0,0.5,7.5
rs1937125155,Ensembl VEP (dbSNP),rs1937125155,rs1937125155,,X,47216679.0,CCAGCCA,-,rs1937125155,,,ENST00000335972,NP_006192.1,,,,,other,downstream_gene_variant,,,,,,,,,,,none,,,,,0.0,0.0,0.0,0.0,0.0,0.0,0.5,7.5
rs1937124369,Ensembl VEP (dbSNP),rs1937124369,rs1937124369,,X,47216652.0,T,C,rs1937124369,,,ENST00000335972,NP_006192.1,,,,,other,downstream_gene_variant,,,,,,,,,,,none,,,,,0.0,0.0,0.0,0.0,0.0,0.0,0.5,7.5
rs1937124255,Ensembl VEP (dbSNP),rs1937124255,rs1937124255,,X,47216650.0,G,C,rs1937124255,,,ENST00000335972,NP_006192.1,,,,,other,downstream_gene_variant,,,,,,,,,,,none,,,,,0.0,0.0,0.0,0.0,0.0,0.0,0.5,7.5
rs1937123683,Ensembl VEP (dbSNP),rs1937123683,rs1937123683,,X,47216631.0,A,G,rs1937123683,,,ENST00000335972,NP_006192.1,,,,,other,downstream_gene_variant,,,,,,,,,,,none,,,,,0.0,0.0,0.0,0.0,0.0,0.0,0.5,7.5
rs1937123465,Ensembl VEP (dbSNP),rs1937123465,rs1937123465,,X,47216622.0,C,T,rs1937123465,,,ENST00000335972,NP_006192.1,,,,,other,downstream_gene_variant,,,,,,,,,,,none,,,,,0.0,0.0,0.0,0.0,0.0,0.0,0.5,7.5
rs1937123356,Ensembl VEP (dbSNP),rs1937123356,rs1937123356,,X,47216619.0,C,T,rs1937123356,,,ENST00000335972,NP_006192.1,,,,,other,downstream_gene_variant,,,,,,,,,,,none,,,,,0.0,0.0,0.0,0.0,0.0,0.0,0.5,7.5
rs1937123030,Ensembl VEP (dbSNP),rs1937123030,rs1937123030,,X,47216602.0,T,C,rs1937123030,,,ENST00000335972,NP_006192.1,,,,,other,downstream_gene_variant,,,,,,,,,,,none,,,,,0.0,0.0,0.0,0.0,0.0,0.0,0.5,7.5
rs1937122925,Ensembl VEP (dbSNP),rs1937122925,rs1937122925,,X,47216599.0,T,C,rs1937122925,,,ENST00000335972,NP_006192.1,,,,,other,downstream_gene_variant,,,,,,,,,,,none,,,,,0.0,0.0,0.0,0.0,0.0,0.0,0.5,7.5
rs1937122675,Ensembl VEP (dbSNP),rs1937122675,rs1937122675,,X,47216586.0,C,T,rs1937122675,,,ENST00000335972,NP_006192.1,,,,,other,downstream_gene_variant,,,,,,,,,,,none,,,,,0.0,0.0,0.0,0.0,0.0,0.0,0.5,7.5
rs1937122446,Ensembl VEP (dbSNP),rs1937122446,rs1937122446,,X,47216582.0,-,TT,rs1937122446,,,ENST00000335972,NP_006192.1,,,,,other,downstream_gene_variant,,,,,,,,,,,none,,,,,0.0,0.0,0.0,0.0,0.0,0.0,0.5,7.5
rs1937122316,Ensembl VEP (dbSNP),rs1937122316,rs1937122316,,X,47216577.0,-,G,rs1937122316,,,ENST00000335972,NP_006192.1,,,,,other,downstream_gene_variant,,,,,,,,,,,none,,,,,0.0,0.0,0.0,0.0,0.0,0.0,0.5,7.5
rs1937122192,Ensembl VEP (dbSNP),rs1937122192,rs1937122192,,X,47216569.0,A,C,rs1937122192,,,ENST00000335972,NP_006192.1,,,,,other,downstream_gene_variant,,,,,,,,,,,none,,,,,0.0,0.0,0.0,0.0,0.0,0.0,0.5,7.5
rs1937122080,Ensembl VEP (dbSNP),rs1937122080,rs1937122080,,X,47216568.0,C,G,rs1937122080,,,ENST00000335972,NP_006192.1,,,,,other,downstream_gene_variant,,,,,,,,,,,none,,,,,0.0,0.0,0.0,0.0,0.0,0.0,0.5,7.5
rs1937121611,Ensembl VEP (dbSNP),rs1937121611,rs1937121611,,X,47216545.0,T,C,rs1937121611,,,ENST00000335972,NP_006192.1,,,,,other,downstream_gene_variant,,,,,,,,,,,none,,,,,0.0,0.0,0.0,0.0,0.0,0.0,0.5,7.5
rs1937121540,Ensembl VEP (dbSNP),rs1937121540,rs1937121540,,X,47216544.0,T,G,rs1937121540,,,ENST00000335972,NP_006192.1,,,,,other,downstream_gene_variant,,,,,,,,,,,none,,,,,0.0,0.0,0.0,0.0,0.0,0.0,0.5,7.5
rs1937121400,Ensembl VEP (dbSNP),rs1937121400,rs1937121400,,X,47216542.0,T,C,rs1937121400,,,ENST00000335972,NP_006192.1,,,,,other,downstream_gene_variant,,,,,,,,,,,none,,,,,0.0,0.0,0.0,0.0,0.0,0.0,0.5,7.5
rs1937121252,Ensembl VEP (dbSNP),rs1937121252,rs1937121252,,X,47216535.0,G,A,rs1937121252,,,ENST00000335972,NP_006192.1,,,,,other,downstream_gene_variant,,,,,,,,,,,none,,,,,0.0,0.0,0.0,0.0,0.0,0.0,0.5,7.5
rs1937121172,Ensembl VEP (dbSNP),rs1937121172,rs1937121172,,X,47216529.0,C,G,rs1937121172,,,ENST00000335972,NP_006192.1,,,,,other,downstream_gene_variant,,,,,,,,,,,none,,,,,0.0,0.0,0.0,0.0,0.0,0.0,0.5,7.5
rs1937121004,Ensembl VEP (dbSNP),rs1937121004,rs1937121004,,X,47216526.0,G,C,rs1937121004,,,ENST00000335972,NP_006192.1,,,,,other,downstream_gene_variant,,,,,,,,,,,none,,,,,0.0,0.0,0.0,0.0,0.0,0.0,0.5,7.5
rs1937120283,Ensembl VEP (dbSNP),rs1937120283,rs1937120283,,X,47216480.0,G,A,rs1937120283,,,ENST00000335972,NP_006192.1,,,,,other,downstream_gene_variant,,,,,,,,,,,none,,,,,0.0,0.0,0.0,0.0,0.0,0.0,0.5,7.5
rs1937119880,Ensembl VEP (dbSNP),rs1937119880,rs1937119880,,X,47216465.0,G,A,rs1937119880,,,ENST00000335972,NP_006192.1,,,,,other,downstream_gene_variant,,,,,,,,,,,none,,,,,0.0,0.0,0.0,0.0,0.0,0.0,0.5,7.5
rs1937119748,Ensembl VEP (dbSNP),rs1937119748,rs1937119748,,X,47216462.0,A,G,rs1937119748,,,ENST00000335972,NP_006192.1,,,,,other,downstream_gene_variant,,,,,,,,,,,none,,,,,0.0,0.0,0.0,0.0,0.0,0.0,0.5,7.5
rs1937119086,Ensembl VEP (dbSNP),rs1937119086,rs1937119086,,X,47216451.0,G,C,rs1937119086,,,ENST00000335972,NP_006192.1,,,,,other,downstream_gene_variant,,,,,,,,,,,none,,,,,0.0,0.0,0.0,0.0,0.0,0.0,0.5,7.5
rs1937118794,Ensembl VEP (dbSNP),rs1937118794,rs1937118794,,X,47216437.0,A,G,rs1937118794,,,ENST00000335972,NP_006192.1,,,,,other,downstream_gene_variant,,,,,,,,,,,none,,,,,0.0,0.0,0.0,0.0,0.0,0.0,0.5,7.5
rs1937118560,Ensembl VEP (dbSNP),rs1937118560,rs1937118560,,X,47216432.0,C,T,rs1937118560,,,ENST00000335972,NP_006192.1,,,,,other,downstream_gene_variant,,,,,,,,,,,none,,,,,0.0,0.0,0.0,0.0,0.0,0.0,0.5,7.5
rs1937118228,Ensembl VEP (dbSNP),rs1937118228,rs1937118228,,X,47216422.0,T,C,rs1937118228,,,ENST00000335972,NP_006192.1,,,,,other,downstream_gene_variant,,,,,,,,,,,none,,,,,0.0,0.0,0.0,0.0,0.0,0.0,0.5,7.5
rs1937115978,Ensembl VEP (dbSNP),rs1937115978,rs1937115978,,X,47216381.0,G,A,rs1937115978,,,ENST00000335972,NP_006192.1,,,,,other,downstream_gene_variant,,,,,,,,,,,none,,,,,0.0,0.0,0.0,0.0,0.0,0.0,0.5,7.5
rs1937115865,Ensembl VEP (dbSNP),rs1937115865,rs1937115865,,X,47216378.0,C,T,rs1937115865,,,ENST00000335972,NP_006192.1,,,,,other,downstream_gene_variant,,,,,,,,,,,none,,,,,0.0,0.0,0.0,0.0,0.0,0.0,0.5,7.5
rs1937115250,Ensembl VEP (dbSNP),rs1937115250,rs1937115250,,X,47216368.0,C,A,rs1937115250,,,ENST00000335972,NP_006192.1,,,,,other,downstream_gene_variant,,,,,,,,,,,none,,,,,0.0,0.0,0.0,0.0,0.0,0.0,0.5,7.5
rs1937115021,Ensembl VEP (dbSNP),rs1937115021,rs1937115021,,X,47216356.0,A,G,rs1937115021,,,ENST00000335972,NP_006192.1,,,,,other,downstream_gene_variant,,,,,,,,,,,none,,,,,0.0,0.0,0.0,0.0,0.0,0.0,0.5,7.5
rs1937114905,Ensembl VEP (dbSNP),rs1937114905,rs1937114905,,X,47216352.0,C,T,rs1937114905,,,ENST00000335972,NP_006192.1,,,,,other,downstream_gene_variant,,,,,,,,,,,none,,,,,0.0,0.0,0.0,0.0,0.0,0.0,0.5,7.5
rs1937114402,Ensembl VEP (dbSNP),rs1937114402,rs1937114402,,X,47216325.0,G,A,rs1937114402,,,ENST00000335972,NP_006192.1,,,,,other,downstream_gene_variant,,,,,,,,,,,none,,,,,0.0,0.0,0.0,0.0,0.0,0.0,0.5,7.5
rs1937114072,Ensembl VEP (dbSNP),rs1937114072,rs1937114072,,X,47216305.0,G,C,rs1937114072,,,ENST00000335972,NP_006192.1,,,,,other,downstream_gene_variant,,,,,,,,,,,none,,,,,0.0,0.0,0.0,0.0,0.0,0.0,0.5,7.5
rs1897344992,Ensembl VEP (dbSNP),rs1897344992,rs1897344992,,X,47228127.0,T,G,rs1897344992,ENST00000357227.9:c.1376-440T>G,,ENST00000357227,NP_006192.1,,,,,other,intron_variant,,,,,,,,,,,none,,,,,0.0,0.0,0.0,0.0,0.0,0.0,0.75,11.25
rs1891448937,Ensembl VEP (dbSNP),rs1891448937,rs1891448937,,X,47226227.0,G,C,rs1891448937,ENST00000357227.9:c.793-52G>C,,ENST00000357227,NP_006192.1,,,,,other,intron_variant,,,,,,,,,,,none,,,,,0.0,0.0,0.0,0.0,0.0,0.0,0.75,11.25
rs1875494933,Ensembl VEP (dbSNP),rs1875494933,rs1875494933,,X,47223859.0,T,C,rs1875494933,ENST00000357227.9:c.202+100T>C,,ENST00000357227,NP_006192.1,,,,,other,intron_variant,,,,,,,,,,,none,,,,,0.0,0.0,0.0,0.0,0.0,0.0,0.75,11.25
rs1865390398,Ensembl VEP (dbSNP),rs1865390398,rs1865390398,,X,47224101.0,G,A,rs1865390398,ENST00000357227.9:c.203-284G>A,,ENST00000357227,NP_006192.1,,,,,other,intron_variant,,,,,,,,,,,none,,,,,0.0,0.0,0.0,0.0,0.0,0.0,0.75,11.25
rs1836576483,Ensembl VEP (dbSNP),rs1836576483,rs1836576483,,X,47225402.0,C,T,rs1836576483,ENST00000357227.9:c.634+300C>T,,ENST00000357227,NP_006192.1,,,,,other,intron_variant,,,,,,,,,,,none,,,,,0.0,0.0,0.0,0.0,0.0,0.0,0.75,11.25
rs1820534592,Ensembl VEP (dbSNP),rs1820534592,rs1820534592,,X,47218230.0,G,C,rs1820534592,,,ENST00000335972,NP_006192.1,,,,,other,downstream_gene_variant,,,,,,,,,,,none,,,,,0.0,0.0,0.0,0.0,0.0,0.0,0.5,7.5
rs1808355494,Ensembl VEP (dbSNP),rs1808355494,rs1808355494,,X,47219920.0,TG,-,rs1808355494,,,ENST00000335972,NP_006192.1,,,,,other,downstream_gene_variant,,,,,,,,,,,none,,,,,0.0,0.0,0.0,0.0,0.0,0.0,0.5,7.5
rs1801815137,Ensembl VEP (dbSNP),rs1801815137,rs1801815137,,X,47220938.0,G,T,rs1801815137,ENST00000357227.9:c.-7+1833G>T,,ENST00000357227,NP_006192.1,,,,,other,intron_variant,,,,,,,,,,,none,,,,,0.0,0.0,0.0,0.0,0.0,0.0,0.75,11.25
rs1798296535,Ensembl VEP (dbSNP),rs1798296535,rs1798296535,,X,47230174.0,-,G,rs1798296535,,,ENST00000357227,NP_006192.1,,,,,other,downstream_gene_variant,,,,,,,,,,,none,,,,,0.0,0.0,0.0,0.0,0.0,0.0,0.5,7.5
rs1789641504,Ensembl VEP (dbSNP),rs1789641504,rs1789641504,,X,47221452.0,-,C,rs1789641504,ENST00000357227.9:c.-6-2101dup,,ENST00000357227,NP_006192.1,,,,,other,intron_variant,,,,,,,,,,,none,,,,,0.0,0.0,0.0,0.0,0.0,0.0,0.75,11.25
rs1787979960,Ensembl VEP (dbSNP),rs1787979960,rs1787979960,,X,47228676.0,C,G,rs1787979960,ENST00000357227.9:c.1453+32C>G,,ENST00000357227,NP_006192.1,,,,,other,intron_variant,,,,,,,,,,,none,,,,,0.0,0.0,0.0,0.0,0.0,0.0,0.75,11.25
rs1768404218,Ensembl VEP (dbSNP),rs1768404218,rs1768404218,,X,47230427.0,A,G,rs1768404218,,,ENST00000357227,NP_006192.1,,,,,other,downstream_gene_variant,,,,,,,,,,,none,,,,,0.0,0.0,0.0,0.0,0.0,0.0,0.5,7.5
rs1751366857,Ensembl VEP (dbSNP),rs1751366857,rs1751366857,,X,47217379.0,T,G,rs1751366857,,,ENST00000335972,NP_006192.1,,,,,other,downstream_gene_variant,,,,,,,,,,,none,,,,,0.0,0.0,0.0,0.0,0.0,0.0,0.5,7.5
rs1734597795,Ensembl VEP (dbSNP),rs1734597795,rs1734597795,,X,47218857.0,G,T,rs1734597795,,,ENST00000335972,NP_006192.1,,,,,other,downstream_gene_variant,,,,,,,,,,,none,,,,,0.0,0.0,0.0,0.0,0.0,0.0,0.5,7.5
rs1722643064,Ensembl VEP (dbSNP),rs1722643064,rs1722643064,,X,47225599.0,CA,-,rs1722643064,ENST00000357227.9:c.635-173_635-172del,,ENST00000357227,NP_006192.1,,,,,other,intron_variant,,,,,,,,,,,none,,,,,0.0,0.0,0.0,0.0,0.0,0.0,0.75,11.25
rs1714446969,Ensembl VEP (dbSNP),rs1714446969,rs1714446969,,X,47221809.0,T,A,rs1714446969,ENST00000357227.9:c.-6-1743T>A,,ENST00000357227,NP_006192.1,,,,,other,intron_variant,,,,,,,,,,,none,,,,,0.0,0.0,0.0,0.0,0.0,0.0,0.75,11.25
rs1702815975,Ensembl VEP (dbSNP),rs1702815975,rs1702815975,,X,47221251.0,C,T,rs1702815975,ENST00000357227.9:c.-7+2146C>T,,ENST00000357227,NP_006192.1,,,,,other,intron_variant,,,,,,,,,,,none,,,,,0.0,0.0,0.0,0.0,0.0,0.0,0.75,11.25
rs1696265611,Ensembl VEP (dbSNP),rs1696265611,rs1696265611,,X,47218402.0,C,A,rs1696265611,,,ENST00000335972,NP_006192.1,,,,,other,downstream_gene_variant,,,,,,,,,,,none,,,,,0.0,0.0,0.0,0.0,0.0,0.0,0.5,7.5
rs1692583170,Ensembl VEP (dbSNP),rs1692583170,rs1692583170,,X,47220740.0,G,A,rs1692583170,ENST00000357227.9:c.-7+1635G>A,,ENST00000357227,NP_006192.1,,,,,other,intron_variant,,,,,,,,,,,none,,,,,0.0,0.0,0.0,0.0,0.0,0.0,0.75,11.25
rs1665960157,Ensembl VEP (dbSNP),rs1665960157,rs1665960157,,X,47218699.0,C,G,rs1665960157,,,ENST00000335972,NP_006192.1,,,,,other,downstream_gene_variant,,,,,,,,,,,none,,,,,0.0,0.0,0.0,0.0,0.0,0.0,0.5,7.5
rs1663071768,Ensembl VEP (dbSNP),rs1663071768,rs1663071768,,X,47224247.0,C,T,rs1663071768,ENST00000357227.9:c.203-138C>T,,ENST00000357227,NP_006192.1,,,,,other,intron_variant,,,,,,,,,,,none,,,,,0.0,0.0,0.0,0.0,0.0,0.0,0.75,11.25
rs1650595449,Ensembl VEP (dbSNP),rs1650595449,rs1650595449,,X,47228643.0,A,G,rs1650595449,ENST00000357227.9:c.1452A>G,ENSP00000349762.4:p.Ser484=,ENST00000357227,NP_006192.1,484.0,,,,synonymous,splice_region_variant;synonymous_variant,,,,,,,,,,,none,1.0,2.0,,,0.0,0.0,1.0,0.0,0.0,0.0,1.0,30.0
rs1647541102,Ensembl VEP (dbSNP),rs1647541102,rs1647541102,,X,47216547.0,G,A,rs1647541102,,,ENST00000335972,NP_006192.1,,,,,other,downstream_gene_variant,,,,,,,,,,,none,,,,,0.0,0.0,0.0,0.0,0.0,0.0,0.5,7.5
rs1602702388,Ensembl VEP (dbSNP),rs1602702388,rs1602702388,,X,47230461.0,G,A,rs1602702388,,,ENST00000357227,NP_006192.1,,,,,other,downstream_gene_variant,,,,,,,,,,,none,,,,,0.0,0.0,0.0,0.0,0.0,0.0,0.5,7.5
rs1602702309,Ensembl VEP (dbSNP),rs1602702309,rs1602702309,,X,47230444.0,G,T,rs1602702309,,,ENST00000357227,NP_006192.1,,,,,other,downstream_gene_variant,,,,,,,,,,,none,,,,,0.0,0.0,0.0,0.0,0.0,0.0,0.5,7.5
rs1602702077,Ensembl VEP (dbSNP),rs1602702077,rs1602702077,,X,47230358.0,A,C,rs1602702077,,,ENST00000357227,NP_006192.1,,,,,other,downstream_gene_variant,,,,,,,,,,,none,,,,,0.0,0.0,0.0,0.0,0.0,0.0,0.5,7.5
rs1602701828,Ensembl VEP (dbSNP),rs1602701828,rs1602701828,,X,47230233.0,T,G,rs1602701828,,,ENST00000357227,NP_006192.1,,,,,other,downstream_gene_variant,,,,,,,,,,,none,,,,,0.0,0.0,0.0,0.0,0.0,0.0,0.5,7.5
rs1602701139,Ensembl VEP (dbSNP),rs1602701139,rs1602701139,,X,47229897.0,T,G,rs1602701139,ENST00000357227.9:c.*1129T>G,,ENST00000357227,NP_006192.1,,,,,other,3_prime_UTR_variant,,,,,,,,,,,none,,,,,0.0,0.0,0.0,0.0,0.0,0.0,0.75,11.25
rs1602701087,Ensembl VEP (dbSNP),rs1602701087,rs1602701087,,X,47229892.0,T,G,rs1602701087,ENST00000357227.9:c.*1124T>G,,ENST00000357227,NP_006192.1,,,,,other,3_prime_UTR_variant,,,,,,,,,,,none,,,,,0.0,0.0,0.0,0.0,0.0,0.0,0.75,11.25
rs1602701045,Ensembl VEP (dbSNP),rs1602701045,rs1602701045,,X,47229868.0,A,C,rs1602701045,ENST00000357227.9:c.*1100A>C,,ENST00000357227,NP_006192.1,,,,,other,3_prime_UTR_variant,,,,,,,,,,,none,,,,,0.0,0.0,0.0,0.0,0.0,0.0,0.75,11.25
rs1602701017,Ensembl VEP (dbSNP),rs1602701017,rs1602701017,,X,47229853.0,A,C,rs1602701017,ENST00000357227.9:c.*1085A>C,,ENST00000357227,NP_006192.1,,,,,other,3_prime_UTR_variant,,,,,,,,,,,none,,,,,0.0,0.0,0.0,0.0,0.0,0.0,0.75,11.25
rs1602700806,Ensembl VEP (dbSNP),rs1602700806,rs1602700806,,X,47229758.0,T,G,rs1602700806,ENST00000357227.9:c.*990T>G,,ENST00000357227,NP_006192.1,,,,,other,3_prime_UTR_variant,,,,,,,,,,,none,,,,,0.0,0.0,0.0,0.0,0.0,0.0,0.75,11.25
rs1602700686,Ensembl VEP (dbSNP),rs1602700686,rs1602700686,,X,47229682.0,G,A,rs1602700686,ENST00000357227.9:c.*914G>A,,ENST00000357227,NP_006192.1,,,,,other,3_prime_UTR_variant,,,,,,,,,,,none,,,,,0.0,0.0,0.0,0.0,0.0,0.0,0.75,11.25
rs1602700559,Ensembl VEP (dbSNP),rs1602700559,rs1602700559,,X,47229615.0,C,A,rs1602700559,ENST00000357227.9:c.*847C>A,,ENST00000357227,NP_006192.1,,,,,other,3_prime_UTR_variant,,,,,,,,,,,none,,,,,0.0,0.0,0.0,0.0,0.0,0.0,0.75,11.25
rs1602700202,Ensembl VEP (dbSNP),rs1602700202,rs1602700202,,X,47229499.0,A,C,rs1602700202,ENST00000357227.9:c.*731A>C,,ENST00000357227,NP_006192.1,,,,,other,3_prime_UTR_variant,,,,,,,,,,,none,,,,,0.0,0.0,0.0,0.0,0.0,0.0,0.75,11.25
rs1602700147,Ensembl VEP (dbSNP),rs1602700147,rs1602700147,,X,47229487.0,A,C,rs1602700147,ENST00000357227.9:c.*719A>C,,ENST00000357227,NP_006192.1,,,,,other,3_prime_UTR_variant,,,,,,,,,,,none,,,,,0.0,0.0,0.0,0.0,0.0,0.0,0.75,11.25
rs1602699932,Ensembl VEP (dbSNP),rs1602699932,rs1602699932,,X,47229383.0,T,C,rs1602699932,ENST00000357227.9:c.*615T>C,,ENST00000357227,NP_006192.1,,,,,other,3_prime_UTR_variant,,,,,,,,,,,none,,,,,0.0,0.0,0.0,0.0,0.0,0.0,0.75,11.25
rs1602699707,Ensembl VEP (dbSNP),rs1602699707,rs1602699707,,X,47229323.0,G,T,rs1602699707,ENST00000357227.9:c.*555G>T,,ENST00000357227,NP_006192.1,,,,,other,3_prime_UTR_variant,,,,,,,,,,,none,,,,,0.0,0.0,0.0,0.0,0.0,0.0,0.75,11.25
rs1602699595,Ensembl VEP (dbSNP),rs1602699595,rs1602699595,,X,47229293.0,A,T,rs1602699595,ENST00000357227.9:c.*525A>T,,ENST00000357227,NP_006192.1,,,,,other,3_prime_UTR_variant,,,,,,,,,,,none,,,,,0.0,0.0,0.0,0.0,0.0,0.0,0.75,11.25
rs1602699570,Ensembl VEP (dbSNP),rs1602699570,rs1602699570,,X,47229281.0,A,T,rs1602699570,ENST00000357227.9:c.*513A>T,,ENST00000357227,NP_006192.1,,,,,other,3_prime_UTR_variant,,,,,,,,,,,none,,,,,0.0,0.0,0.0,0.0,0.0,0.0,0.75,11.25
rs1602699495,Ensembl VEP (dbSNP),rs1602699495,rs1602699495,,X,47229263.0,G,T,rs1602699495,ENST00000357227.9:c.*495G>T,,ENST00000357227,NP_006192.1,,,,,other,3_prime_UTR_variant,,,,,,,,,,,none,,,,,0.0,0.0,0.0,0.0,0.0,0.0,0.75,11.25
rs1602699317,Ensembl VEP (dbSNP),rs1602699317,rs1602699317,,X,47229228.0,A,G,rs1602699317,ENST00000357227.9:c.*460A>G,,ENST00000357227,NP_006192.1,,,,,other,3_prime_UTR_variant,,,,,,,,,,,none,,,,,0.0,0.0,0.0,0.0,0.0,0.0,0.75,11.25
rs1602699291,Ensembl VEP (dbSNP),rs1602699291,rs1602699291,,X,47229217.0,A,C,rs1602699291,ENST00000357227.9:c.*449A>C,,ENST00000357227,NP_006192.1,,,,,other,3_prime_UTR_variant,,,,,,,,,,,none,,,,,0.0,0.0,0.0,0.0,0.0,0.0,0.75,11.25
rs1602699232,Ensembl VEP (dbSNP),rs1602699232,rs1602699232,,X,47229172.0,T,C,rs1602699232,ENST00000357227.9:c.*404T>C,,ENST00000357227,NP_006192.1,,,,,other,3_prime_UTR_variant,,,,,,,,,,,none,,,,,0.0,0.0,0.0,0.0,0.0,0.0,0.75,11.25
rs1602699105,Ensembl VEP (dbSNP),rs1602699105,rs1602699105,,X,47229102.0,A,C,rs1602699105,ENST00000357227.9:c.*334A>C,,ENST00000357227,NP_006192.1,,,,,other,3_prime_UTR_variant,,,,,,,,,,,none,,,,,0.0,0.0,0.0,0.0,0.0,0.0,0.75,11.25
rs1602698919,Ensembl VEP (dbSNP),rs1602698919,rs1602698919,,X,47229049.0,C,T,rs1602698919,ENST00000357227.9:c.*281C>T,,ENST00000357227,NP_006192.1,,,,,other,3_prime_UTR_variant,,,,,,,,,,,none,,,,,0.0,0.0,0.0,0.0,0.0,0.0,0.75,11.25
rs1602698613,Ensembl VEP (dbSNP),rs1602698613,rs1602698613,,X,47228952.0,C,T,rs1602698613,ENST00000357227.9:c.*184C>T,,ENST00000357227,NP_006192.1,,,,,other,3_prime_UTR_variant,,,,,,,,,,,none,,,,,0.0,0.0,0.0,0.0,0.0,0.0,0.75,11.25
rs1602696768,Ensembl VEP (dbSNP),rs1602696768,rs1602696768,,X,47228321.0,C,T,rs1602696768,ENST00000357227.9:c.1376-246C>T,,ENST00000357227,NP_006192.1,,,,,other,intron_variant,,,,,,,,,,,none,,,,,0.0,0.0,0.0,0.0,0.0,0.0,0.75,11.25
rs1602696540,Ensembl VEP (dbSNP),rs1602696540,rs1602696540,,X,47228246.0,T,C,rs1602696540,ENST00000357227.9:c.1376-321T>C,,ENST00000357227,NP_006192.1,,,,,other,intron_variant,,,,,,,,,,,none,,,,,0.0,0.0,0.0,0.0,0.0,0.0,0.75,11.25
rs1602695790,Ensembl VEP (dbSNP),rs1602695790,rs1602695790,,X,47227937.0,G,C,rs1602695790,ENST00000357227.9:c.1375+468G>C,,ENST00000357227,NP_006192.1,,,,,other,intron_variant,,,,,,,,,,,none,,,,,0.0,0.0,0.0,0.0,0.0,0.0,0.75,11.25
rs1602695760,Ensembl VEP (dbSNP),rs1602695760,rs1602695760,,X,47227935.0,-,T,rs1602695760,ENST00000357227.9:c.1375+465dup,,ENST00000357227,NP_006192.1,,,,,other,intron_variant,,,,,,,,,,,none,,,,,0.0,0.0,0.0,0.0,0.0,0.0,0.75,11.25
rs1602695446,Ensembl VEP (dbSNP),rs1602695446,rs1602695446,,X,47227752.0,A,C,rs1602695446,ENST00000357227.9:c.1375+283A>C,,ENST00000357227,NP_006192.1,,,,,other,intron_variant,,,,,,,,,,,none,,,,,0.0,0.0,0.0,0.0,0.0,0.0,0.75,11.25
rs1602695222,Ensembl VEP (dbSNP),rs1602695222,rs1602695222,,X,47227593.0,C,T,rs1602695222,ENST00000357227.9:c.1375+124C>T,,ENST00000357227,NP_006192.1,,,,,other,intron_variant,,,,,,,,,,,none,,,,,0.0,0.0,0.0,0.0,0.0,0.0,0.75,11.25
rs1602693572,Ensembl VEP (dbSNP),rs1602693572,rs1602693572,,X,47227172.0,T,C,rs1602693572,ENST00000357227.9:c.1242-9T>C,,ENST00000357227,NP_006192.1,,,,,splice,splice_polypyrimidine_tract_variant;intron_variant,,,,,,,,,,,none,,,,,0.0,0.0,0.0,0.0,0.0,0.0,0.75,11.25
rs1602691852,Ensembl VEP (dbSNP),rs1602691852,rs1602691852,,X,47226648.0,C,A,rs1602691852,ENST00000357227.9:c.982C>A,ENSP00000349762.4:p.Arg328=,ENST00000357227,NP_006192.1,328.0,,,,synonymous,synonymous_variant,,,,,,,,,,Protein kinase,none,1.0,2.0,,,0.0,0.0,1.0,0.25,0.6,0.0,1.0,39.75
rs1602691838,Ensembl VEP (dbSNP),rs1602691838,rs1602691838,,X,47226641.0,G,A,rs1602691838,ENST00000357227.9:c.975G>A,ENSP00000349762.4:p.Leu325=,ENST00000357227,NP_006192.1,325.0,,,,synonymous,synonymous_variant,,,,,,,,,,Protein kinase,none,1.0,2.0,,,0.0,0.0,1.0,0.25,0.6,0.0,1.0,39.75
rs1602688581,Ensembl VEP (dbSNP),rs1602688581,rs1602688581,,X,47225699.0,G,C,rs1602688581,ENST00000357227.9:c.635-73G>C,,ENST00000357227,NP_006192.1,,,,,other,intron_variant,,,,,,,,,,,none,,,,,0.0,0.0,0.0,0.0,0.0,0.0,0.75,11.25
rs1602688316,Ensembl VEP (dbSNP),rs1602688316,rs1602688316,,X,47225598.0,A,C,rs1602688316,ENST00000357227.9:c.635-174A>C,,ENST00000357227,NP_006192.1,,,,,other,intron_variant,,,,,,,,,,,none,,,,,0.0,0.0,0.0,0.0,0.0,0.0,0.75,11.25
rs1602687913,Ensembl VEP (dbSNP),rs1602687913,rs1602687913,,X,47225490.0,A,G,rs1602687913,ENST00000357227.9:c.635-282A>G,,ENST00000357227,NP_006192.1,,,,,other,intron_variant,,,,,,,,,,,none,,,,,0.0,0.0,0.0,0.0,0.0,0.0,0.75,11.25
rs1602687883,Ensembl VEP (dbSNP),rs1602687883,rs1602687883,,X,47225486.0,A,G,rs1602687883,ENST00000357227.9:c.635-286A>G,,ENST00000357227,NP_006192.1,,,,,other,intron_variant,,,,,,,,,,,none,,,,,0.0,0.0,0.0,0.0,0.0,0.0,0.75,11.25
rs1602687455,Ensembl VEP (dbSNP),rs1602687455,rs1602687455,,X,47225345.0,A,G,rs1602687455,ENST00000357227.9:c.634+243A>G,,ENST00000357227,NP_006192.1,,,,,other,intron_variant,,,,,,,,,,,none,,,,,0.0,0.0,0.0,0.0,0.0,0.0,0.75,11.25
rs1602687215,Ensembl VEP (dbSNP),rs1602687215,rs1602687215,,X,47225191.0,A,T,rs1602687215,ENST00000357227.9:c.634+89A>T,,ENST00000357227,NP_006192.1,,,,,other,intron_variant,,,,,,,,,,,none,,,,,0.0,0.0,0.0,0.0,0.0,0.0,0.75,11.25
rs1602687139,Ensembl VEP (dbSNP),rs1602687139,rs1602687139,,X,47225148.0,C,T,rs1602687139,ENST00000357227.9:c.634+46C>T,,ENST00000357227,NP_006192.1,,,,,other,intron_variant,,,,,,,,,,,none,,,,,0.0,0.0,0.0,0.0,0.0,0.0,0.75,11.25
rs1602686290,Ensembl VEP (dbSNP),rs1602686290,rs1602686290,,X,47224875.0,G,T,rs1602686290,ENST00000357227.9:c.504G>T,ENSP00000349762.4:p.Leu168=,ENST00000357227,NP_006192.1,168.0,,,,synonymous,synonymous_variant,,,,,,,,,,Protein kinase,none,1.0,2.0,,,0.0,0.0,1.0,0.25,0.6,0.0,1.0,39.75
rs1602684218,Ensembl VEP (dbSNP),rs1602684218,rs1602684218,,X,47224117.0,C,G,rs1602684218,ENST00000357227.9:c.203-268C>G,,ENST00000357227,NP_006192.1,,,,,other,intron_variant,,,,,,,,,,,none,,,,,0.0,0.0,0.0,0.0,0.0,0.0,0.75,11.25
rs1602683593,Ensembl VEP (dbSNP),rs1602683593,rs1602683593,,X,47223899.0,C,A,rs1602683593,ENST00000357227.9:c.202+140C>A,,ENST00000357227,NP_006192.1,,,,,other,intron_variant,,,,,,,,,,,none,,,,,0.0,0.0,0.0,0.0,0.0,0.0,0.75,11.25
rs1602683351,Ensembl VEP (dbSNP),rs1602683351,rs1602683351,,X,47223836.0,A,C,rs1602683351,ENST00000357227.9:c.202+77A>C,,ENST00000357227,NP_006192.1,,,,,other,intron_variant,,,,,,,,,,,none,,,,,0.0,0.0,0.0,0.0,0.0,0.0,0.75,11.25
rs1602681769,Ensembl VEP (dbSNP),rs1602681769,rs1602681769,,X,47223403.0,C,T,rs1602681769,ENST00000357227.9:c.-6-149C>T,,ENST00000357227,NP_006192.1,,,,,other,intron_variant,,,,,,,,,,,none,,,,,0.0,0.0,0.0,0.0,0.0,0.0,0.75,11.25
rs1602681654,Ensembl VEP (dbSNP),rs1602681654,rs1602681654,,X,47223373.0,A,G,rs1602681654,ENST00000357227.9:c.-6-179A>G,,ENST00000357227,NP_006192.1,,,,,other,intron_variant,,,,,,,,,,,none,,,,,0.0,0.0,0.0,0.0,0.0,0.0,0.75,11.25
rs1602681363,Ensembl VEP (dbSNP),rs1602681363,rs1602681363,,X,47223292.0,A,G,rs1602681363,ENST00000357227.9:c.-6-260A>G,,ENST00000357227,NP_006192.1,,,,,other,intron_variant,,,,,,,,,,,none,,,,,0.0,0.0,0.0,0.0,0.0,0.0,0.75,11.25
rs1602680563,Ensembl VEP (dbSNP),rs1602680563,rs1602680563,,X,47223066.0,T,C,rs1602680563,ENST00000357227.9:c.-6-486T>C,,ENST00000357227,NP_006192.1,,,,,other,intron_variant,,,,,,,,,,,none,,,,,0.0,0.0,0.0,0.0,0.0,0.0,0.75,11.25
rs1602679979,Ensembl VEP (dbSNP),rs1602679979,rs1602679979,,X,47222952.0,T,C,rs1602679979,ENST00000357227.9:c.-6-600T>C,,ENST00000357227,NP_006192.1,,,,,other,intron_variant,,,,,,,,,,,none,,,,,0.0,0.0,0.0,0.0,0.0,0.0,0.75,11.25
rs1602679918,Ensembl VEP (dbSNP),rs1602679918,rs1602679918,,X,47222939.0,C,T,rs1602679918,ENST00000357227.9:c.-6-613C>T,,ENST00000357227,NP_006192.1,,,,,other,intron_variant,,,,,,,,,,,none,,,,,0.0,0.0,0.0,0.0,0.0,0.0,0.75,11.25
rs1602679905,Ensembl VEP (dbSNP),rs1602679905,rs1602679905,,X,47222938.0,A,C,rs1602679905,ENST00000357227.9:c.-6-614A>C,,ENST00000357227,NP_006192.1,,,,,other,intron_variant,,,,,,,,,,,none,,,,,0.0,0.0,0.0,0.0,0.0,0.0,0.75,11.25
rs1602679879,Ensembl VEP (dbSNP),rs1602679879,rs1602679879,,X,47222926.0,T,A,rs1602679879,ENST00000357227.9:c.-6-626T>A,,ENST00000357227,NP_006192.1,,,,,other,intron_variant,,,,,,,,,,,none,,,,,0.0,0.0,0.0,0.0,0.0,0.0,0.75,11.25
rs1602679855,Ensembl VEP (dbSNP),rs1602679855,rs1602679855,,X,47222916.0,A,C,rs1602679855,ENST00000357227.9:c.-6-636A>C,,ENST00000357227,NP_006192.1,,,,,other,intron_variant,,,,,,,,,,,none,,,,,0.0,0.0,0.0,0.0,0.0,0.0,0.75,11.25
rs1602679822,Ensembl VEP (dbSNP),rs1602679822,rs1602679822,,X,47222912.0,A,C,rs1602679822,ENST00000357227.9:c.-6-640A>C,,ENST00000357227,NP_006192.1,,,,,other,intron_variant,,,,,,,,,,,none,,,,,0.0,0.0,0.0,0.0,0.0,0.0,0.75,11.25
rs1602679599,Ensembl VEP (dbSNP),rs1602679599,rs1602679599,,X,47222832.0,T,C,rs1602679599,ENST00000357227.9:c.-6-720T>C,,ENST00000357227,NP_006192.1,,,,,other,intron_variant,,,,,,,,,,,none,,,,,0.0,0.0,0.0,0.0,0.0,0.0,0.75,11.25
rs1602679470,Ensembl VEP (dbSNP),rs1602679470,rs1602679470,,X,47222775.0,C,G,rs1602679470,ENST00000357227.9:c.-6-777C>G,,ENST00000357227,NP_006192.1,,,,,other,intron_variant,,,,,,,,,,,none,,,,,0.0,0.0,0.0,0.0,0.0,0.0,0.75,11.25
rs1602678838,Ensembl VEP (dbSNP),rs1602678838,rs1602678838,,X,47222640.0,G,T,rs1602678838,ENST00000357227.9:c.-6-912G>T,,ENST00000357227,NP_006192.1,,,,,other,intron_variant,,,,,,,,,,,none,,,,,0.0,0.0,0.0,0.0,0.0,0.0,0.75,11.25
rs1602678824,Ensembl VEP (dbSNP),rs1602678824,rs1602678824,,X,47222631.0,C,A,rs1602678824,ENST00000357227.9:c.-6-921C>A,,ENST00000357227,NP_006192.1,,,,,other,intron_variant,,,,,,,,,,,none,,,,,0.0,0.0,0.0,0.0,0.0,0.0,0.75,11.25
rs1602678514,Ensembl VEP (dbSNP),rs1602678514,rs1602678514,,X,47222501.0,A,C,rs1602678514,ENST00000357227.9:c.-6-1051A>C,,ENST00000357227,NP_006192.1,,,,,other,intron_variant,,,,,,,,,,,none,,,,,0.0,0.0,0.0,0.0,0.0,0.0,0.75,11.25
rs1602678183,Ensembl VEP (dbSNP),rs1602678183,rs1602678183,,X,47222319.0,G,A,rs1602678183,ENST00000357227.9:c.-6-1233G>A,,ENST00000357227,NP_006192.1,,,,,other,intron_variant,,,,,,,,,,,none,,,,,0.0,0.0,0.0,0.0,0.0,0.0,0.75,11.25
rs1602677194,Ensembl VEP (dbSNP),rs1602677194,rs1602677194,,X,47221698.0,C,A,rs1602677194,ENST00000357227.9:c.-6-1854C>A,,ENST00000357227,NP_006192.1,,,,,other,intron_variant,,,,,,,,,,,none,,,,,0.0,0.0,0.0,0.0,0.0,0.0,0.75,11.25
rs1602677063,Ensembl VEP (dbSNP),rs1602677063,rs1602677063,,X,47221628.0,G,T,rs1602677063,ENST00000357227.9:c.-6-1924G>T,,ENST00000357227,NP_006192.1,,,,,other,intron_variant,,,,,,,,,,,none,,,,,0.0,0.0,0.0,0.0,0.0,0.0,0.75,11.25
rs1602677041,Ensembl VEP (dbSNP),rs1602677041,rs1602677041,,X,47221626.0,G,T,rs1602677041,ENST00000357227.9:c.-6-1926G>T,,ENST00000357227,NP_006192.1,,,,,other,intron_variant,,,,,,,,,,,none,,,,,0.0,0.0,0.0,0.0,0.0,0.0,0.75,11.25
rs1602676333,Ensembl VEP (dbSNP),rs1602676333,rs1602676333,,X,47221285.0,G,A,rs1602676333,ENST00000357227.9:c.-7+2180G>A,,ENST00000357227,NP_006192.1,,,,,other,intron_variant,,,,,,,,,,,none,,,,,0.0,0.0,0.0,0.0,0.0,0.0,0.75,11.25
rs1602676166,Ensembl VEP (dbSNP),rs1602676166,rs1602676166,,X,47221182.0,T,C,rs1602676166,ENST00000357227.9:c.-7+2077T>C,,ENST00000357227,NP_006192.1,,,,,other,intron_variant,,,,,,,,,,,none,,,,,0.0,0.0,0.0,0.0,0.0,0.0,0.75,11.25
rs1602675048,Ensembl VEP (dbSNP),rs1602675048,rs1602675048,,X,47220640.0,T,C,rs1602675048,ENST00000357227.9:c.-7+1535T>C,,ENST00000357227,NP_006192.1,,,,,other,intron_variant,,,,,,,,,,,none,,,,,0.0,0.0,0.0,0.0,0.0,0.0,0.75,11.25
rs1602673887,Ensembl VEP (dbSNP),rs1602673887,rs1602673887,,X,47220267.0,G,T,rs1602673887,ENST00000357227.9:c.-7+1162G>T,,ENST00000357227,NP_006192.1,,,,,other,intron_variant,,,,,,,,,,,none,,,,,0.0,0.0,0.0,0.0,0.0,0.0,0.75,11.25
rs1602673380,Ensembl VEP (dbSNP),rs1602673380,rs1602673380,,X,47220076.0,T,A,rs1602673380,,,ENST00000335972,NP_006192.1,,,,,other,downstream_gene_variant,,,,,,,,,,,none,,,,,0.0,0.0,0.0,0.0,0.0,0.0,0.5,7.5
rs1602673322,Ensembl VEP (dbSNP),rs1602673322,rs1602673322,,X,47220060.0,A,C,rs1602673322,,,ENST00000335972,NP_006192.1,,,,,other,downstream_gene_variant,,,,,,,,,,,none,,,,,0.0,0.0,0.0,0.0,0.0,0.0,0.5,7.5
rs1602672752,Ensembl VEP (dbSNP),rs1602672752,rs1602672752,,X,47219883.0,A,G,rs1602672752,,,ENST00000335972,NP_006192.1,,,,,other,downstream_gene_variant,,,,,,,,,,,none,,,,,0.0,0.0,0.0,0.0,0.0,0.0,0.5,7.5
rs1602672735,Ensembl VEP (dbSNP),rs1602672735,rs1602672735,,X,47219875.0,C,T,rs1602672735,,,ENST00000335972,NP_006192.1,,,,,other,downstream_gene_variant,,,,,,,,,,,none,,,,,0.0,0.0,0.0,0.0,0.0,0.0,0.5,7.5
rs1602672556,Ensembl VEP (dbSNP),rs1602672556,rs1602672556,,X,47219842.0,G,T,rs1602672556,,,ENST00000335972,NP_006192.1,,,,,other,downstream_gene_variant,,,,,,,,,,,none,,,,,0.0,0.0,0.0,0.0,0.0,0.0,0.5,7.5
rs1602672216,Ensembl VEP (dbSNP),rs1602672216,rs1602672216,,X,47219751.0,G,A,rs1602672216,,,ENST00000335972,NP_006192.1,,,,,other,downstream_gene_variant,,,,,,,,,,,none,,,,,0.0,0.0,0.0,0.0,0.0,0.0,0.5,7.5
rs1602671781,Ensembl VEP (dbSNP),rs1602671781,rs1602671781,,X,47219531.0,T,G,rs1602671781,,,ENST00000335972,NP_006192.1,,,,,other,downstream_gene_variant,,,,,,,,,,,none,,,,,0.0,0.0,0.0,0.0,0.0,0.0,0.5,7.5
rs1602671339,Ensembl VEP (dbSNP),rs1602671339,rs1602671339,,X,47219408.0,T,G,rs1602671339,,,ENST00000335972,NP_006192.1,,,,,other,downstream_gene_variant,,,,,,,,,,,none,,,,,0.0,0.0,0.0,0.0,0.0,0.0,0.5,7.5
rs1602671244,Ensembl VEP (dbSNP),rs1602671244,rs1602671244,,X,47219389.0,G,C,rs1602671244,,,ENST00000335972,NP_006192.1,,,,,other,downstream_gene_variant,,,,,,,,,,,none,,,,,0.0,0.0,0.0,0.0,0.0,0.0,0.5,7.5
rs1602670631,Ensembl VEP (dbSNP),rs1602670631,rs1602670631,,X,47219184.0,G,T,rs1602670631,,,ENST00000335972,NP_006192.1,,,,,other,downstream_gene_variant,,,,,,,,,,,none,,,,,0.0,0.0,0.0,0.0,0.0,0.0,0.5,7.5
rs1602670617,Ensembl VEP (dbSNP),rs1602670617,rs1602670617,,X,47219168.0,C,A,rs1602670617,,,ENST00000335972,NP_006192.1,,,,,other,downstream_gene_variant,,,,,,,,,,,none,,,,,0.0,0.0,0.0,0.0,0.0,0.0,0.5,7.5
rs1602670293,Ensembl VEP (dbSNP),rs1602670293,rs1602670293,,X,47219105.0,G,A,rs1602670293,,,ENST00000335972,NP_006192.1,,,,,other,downstream_gene_variant,,,,,,,,,,,none,,,,,0.0,0.0,0.0,0.0,0.0,0.0,0.5,7.5
rs1602669039,Ensembl VEP (dbSNP),rs1602669039,rs1602669039,,X,47218762.0,T,C,rs1602669039,,,ENST00000335972,NP_006192.1,,,,,other,downstream_gene_variant,,,,,,,,,,,none,,,,,0.0,0.0,0.0,0.0,0.0,0.0,0.5,7.5
rs1602668849,Ensembl VEP (dbSNP),rs1602668849,rs1602668849,,X,47218743.0,G,A,rs1602668849,,,ENST00000335972,NP_006192.1,,,,,other,downstream_gene_variant,,,,,,,,,,,none,,,,,0.0,0.0,0.0,0.0,0.0,0.0,0.5,7.5
rs1602667823,Ensembl VEP (dbSNP),rs1602667823,rs1602667823,,X,47218472.0,T,C,rs1602667823,,,ENST00000335972,NP_006192.1,,,,,other,downstream_gene_variant,,,,,,,,,,,none,,,,,0.0,0.0,0.0,0.0,0.0,0.0,0.5,7.5
rs1602667731,Ensembl VEP (dbSNP),rs1602667731,rs1602667731,,X,47218405.0,T,C,rs1602667731,,,ENST00000335972,NP_006192.1,,,,,other,downstream_gene_variant,,,,,,,,,,,none,,,,,0.0,0.0,0.0,0.0,0.0,0.0,0.5,7.5
rs1602667653,Ensembl VEP (dbSNP),rs1602667653,rs1602667653,,X,47218318.0,C,T,rs1602667653,,,ENST00000335972,NP_006192.1,,,,,other,downstream_gene_variant,,,,,,,,,,,none,,,,,0.0,0.0,0.0,0.0,0.0,0.0,0.5,7.5
rs1602667507,Ensembl VEP (dbSNP),rs1602667507,rs1602667507,,X,47218260.0,C,T,rs1602667507,,,ENST00000335972,NP_006192.1,,,,,other,downstream_gene_variant,,,,,,,,,,,none,,,,,0.0,0.0,0.0,0.0,0.0,0.0,0.5,7.5
rs1602667375,Ensembl VEP (dbSNP),rs1602667375,rs1602667375,,X,47218183.0,A,C,rs1602667375,,,ENST00000335972,NP_006192.1,,,,,other,downstream_gene_variant,,,,,,,,,,,none,,,,,0.0,0.0,0.0,0.0,0.0,0.0,0.5,7.5
rs1602667357,Ensembl VEP (dbSNP),rs1602667357,rs1602667357,,X,47218168.0,A,T,rs1602667357,,,ENST00000335972,NP_006192.1,,,,,other,downstream_gene_variant,,,,,,,,,,,none,,,,,0.0,0.0,0.0,0.0,0.0,0.0,0.5,7.5
rs1602667146,Ensembl VEP (dbSNP),rs1602667146,rs1602667146,,X,47218050.0,G,A,rs1602667146,,,ENST00000335972,NP_006192.1,,,,,other,downstream_gene_variant,,,,,,,,,,,none,,,,,0.0,0.0,0.0,0.0,0.0,0.0,0.5,7.5
rs1602667115,Ensembl VEP (dbSNP),rs1602667115,rs1602667115,,X,47218037.0,A,C,rs1602667115,,,ENST00000335972,NP_006192.1,,,,,other,downstream_gene_variant,,,,,,,,,,,none,,,,,0.0,0.0,0.0,0.0,0.0,0.0,0.5,7.5
rs1602666716,Ensembl VEP (dbSNP),rs1602666716,rs1602666716,,X,47217805.0,A,C,rs1602666716,,,ENST00000335972,NP_006192.1,,,,,other,downstream_gene_variant,,,,,,,,,,,none,,,,,0.0,0.0,0.0,0.0,0.0,0.0,0.5,7.5
rs1602666149,Ensembl VEP (dbSNP),rs1602666149,rs1602666149,,X,47217288.0,G,A,rs1602666149,,,ENST00000335972,NP_006192.1,,,,,other,downstream_gene_variant,,,,,,,,,,,none,,,,,0.0,0.0,0.0,0.0,0.0,0.0,0.5,7.5
rs1602665772,Ensembl VEP (dbSNP),rs1602665772,rs1602665772,,X,47216942.0,G,A,rs1602665772,,,ENST00000335972,NP_006192.1,,,,,other,downstream_gene_variant,,,,,,,,,,,none,,,,,0.0,0.0,0.0,0.0,0.0,0.0,0.5,7.5
rs1602665690,Ensembl VEP (dbSNP),rs1602665690,rs1602665690,,X,47216899.0,C,T,rs1602665690,,,ENST00000335972,NP_006192.1,,,,,other,downstream_gene_variant,,,,,,,,,,,none,,,,,0.0,0.0,0.0,0.0,0.0,0.0,0.5,7.5
rs1602665649,Ensembl VEP (dbSNP),rs1602665649,rs1602665649,,X,47216894.0,C,A,rs1602665649,,,ENST00000335972,NP_006192.1,,,,,other,downstream_gene_variant,,,,,,,,,,,none,,,,,0.0,0.0,0.0,0.0,0.0,0.0,0.5,7.5
rs1602665592,Ensembl VEP (dbSNP),rs1602665592,rs1602665592,,X,47216866.0,T,C,rs1602665592,,,ENST00000335972,NP_006192.1,,,,,other,downstream_gene_variant,,,,,,,,,,,none,,,,,0.0,0.0,0.0,0.0,0.0,0.0,0.5,7.5
rs1602665300,Ensembl VEP (dbSNP),rs1602665300,rs1602665300,,X,47216666.0,A,C,rs1602665300,,,ENST00000335972,NP_006192.1,,,,,other,downstream_gene_variant,,,,,,,,,,,none,,,,,0.0,0.0,0.0,0.0,0.0,0.0,0.5,7.5
rs1602665290,Ensembl VEP (dbSNP),rs1602665290,rs1602665290,,X,47216661.0,A,T,rs1602665290,,,ENST00000335972,NP_006192.1,,,,,other,downstream_gene_variant,,,,,,,,,,,none,,,,,0.0,0.0,0.0,0.0,0.0,0.0,0.5,7.5
rs1602665045,Ensembl VEP (dbSNP),rs1602665045,rs1602665045,,X,47216457.0,A,G,rs1602665045,,,ENST00000335972,NP_006192.1,,,,,other,downstream_gene_variant,,,,,,,,,,,none,,,,,0.0,0.0,0.0,0.0,0.0,0.0,0.5,7.5
rs1602665005,Ensembl VEP (dbSNP),rs1602665005,rs1602665005,,X,47216425.0,T,C,rs1602665005,,,ENST00000335972,NP_006192.1,,,,,other,downstream_gene_variant,,,,,,,,,,,none,,,,,0.0,0.0,0.0,0.0,0.0,0.0,0.5,7.5
rs1602664961,Ensembl VEP (dbSNP),rs1602664961,rs1602664961,,X,47216414.0,A,C,rs1602664961,,,ENST00000335972,NP_006192.1,,,,,other,downstream_gene_variant,,,,,,,,,,,none,,,,,0.0,0.0,0.0,0.0,0.0,0.0,0.5,7.5
rs1569232177,Ensembl VEP (dbSNP),rs1569232177,rs1569232177,,X,47230423.0,T,C,rs1569232177,,,ENST00000357227,NP_006192.1,,,,,other,downstream_gene_variant,,,,,,,,,,,none,,,,,0.0,0.0,0.0,0.0,0.0,0.0,0.5,7.5
rs1569231423,Ensembl VEP (dbSNP),rs1569231423,rs1569231423,,X,47229751.0,A,T,rs1569231423,ENST00000357227.9:c.*983A>T,,ENST00000357227,NP_006192.1,,,,,other,3_prime_UTR_variant,,,,,,,,,,,none,,,,,0.0,0.0,0.0,0.0,0.0,0.0,0.75,11.25
rs1569229863,Ensembl VEP (dbSNP),rs1569229863,rs1569229863,,X,47228556.0,C,T,rs1569229863,ENST00000357227.9:c.1376-11C>T,,ENST00000357227,NP_006192.1,,,,,splice,splice_polypyrimidine_tract_variant;intron_variant,,,,,,,,,,,none,,,,,0.0,0.0,0.0,0.0,0.0,0.0,0.75,11.25
rs1569229372,Ensembl VEP (dbSNP),rs1569229372,rs1569229372,,X,47227692.0,T,A,rs1569229372,ENST00000357227.9:c.1375+223T>A,,ENST00000357227,NP_006192.1,,,,,other,intron_variant,,,,,,,,,,,none,,,,,0.0,0.0,0.0,0.0,0.0,0.0,0.75,11.25
rs1569227750,Ensembl VEP (dbSNP),rs1569227750,rs1569227750,,X,47226098.0,G,A,rs1569227750,ENST00000357227.9:c.792+71G>A,,ENST00000357227,NP_006192.1,,,,,other,intron_variant,,,,,,,,,,,none,,,,,0.0,0.0,0.0,0.0,0.0,0.0,0.75,11.25
rs1569227511,Ensembl VEP (dbSNP),rs1569227511,rs1569227511,,X,47225892.0,A,-,rs1569227511,ENST00000357227.9:c.729+26del,,ENST00000357227,NP_006192.1,,,,,other,intron_variant,,,,,,,,,,,none,,,,,0.0,0.0,0.0,0.0,0.0,0.0,0.75,11.25
rs1569227396,Ensembl VEP (dbSNP),rs1569227396,rs1569227396,,X,47225776.0,C,A,rs1569227396,ENST00000357227.9:c.639C>A,ENSP00000349762.4:p.Ser213=,ENST00000357227,NP_006192.1,213.0,,,,synonymous,synonymous_variant,,,,,,,,,,Protein kinase,none,1.0,2.0,,,0.0,0.0,1.0,0.25,0.6,0.0,1.0,39.75
rs1569227198,Ensembl VEP (dbSNP),rs1569227198,rs1569227198,,X,47225504.0,AAATCTAGTGTCA,-,rs1569227198,ENST00000357227.9:c.635-268_635-256del,,ENST00000357227,NP_006192.1,,,,,other,intron_variant,,,,,,,,,,,none,,,,,0.0,0.0,0.0,0.0,0.0,0.0,0.75,11.25
rs1569227064,Ensembl VEP (dbSNP),rs1569227064,rs1569227064,,X,47225351.0,TTTA,-,rs1569227064,ENST00000357227.9:c.634+249_634+252del,,ENST00000357227,NP_006192.1,,,,,other,intron_variant,,,,,,,,,,,none,,,,,0.0,0.0,0.0,0.0,0.0,0.0,0.75,11.25
rs1569226808,Ensembl VEP (dbSNP),rs1569226808,rs1569226808,,X,47224972.0,-,A,rs1569226808,ENST00000357227.9:c.520-17dup,,ENST00000357227,NP_006192.1,,,,,splice,splice_polypyrimidine_tract_variant;intron_variant,,,,,,,,,,,none,,,,,0.0,0.0,0.0,0.0,0.0,0.0,0.75,11.25
rs1569226284,Ensembl VEP (dbSNP),rs1569226284,rs1569226284,,X,47224396.0,G,A,rs1569226284,ENST00000357227.9:c.214G>A,ENSP00000349762.4:p.Glu72Lys,ENST00000357227,NP_006192.1,72.0,E,K,E72K,missense,missense_variant,,,,,,0.08,tolerated_low_confidence,0.223,benign,Disordered,none,1.0,2.0,0.7878,PATHOGENIC,0.0,0.7878,1.0,0.25,0.3,0.0,1.0,48.57
rs1569225958,Ensembl VEP (dbSNP),rs1569225958,rs1569225958,,X,47223902.0,T,C,rs1569225958,ENST00000357227.9:c.202+143T>C,,ENST00000357227,NP_006192.1,,,,,other,intron_variant,,,,,,,,,,,none,,,,,0.0,0.0,0.0,0.0,0.0,0.0,0.75,11.25
rs1569225671,Ensembl VEP (dbSNP),rs1569225671,rs1569225671,,X,47223691.0,G,C,rs1569225671,ENST00000357227.9:c.134G>C,ENSP00000349762.4:p.Gly45Ala,ENST00000357227,NP_006192.1,45.0,G,A,G45A,missense,missense_variant,,,,,,0.15,tolerated_low_confidence,0.07,benign,Disordered,none,1.0,2.0,0.071,BENIGN,0.0,0.071,1.0,0.25,0.3,0.0,1.0,37.82
rs1569225122,Ensembl VEP (dbSNP),rs1569225122,rs1569225122,,X,47223125.0,T,C,rs1569225122,ENST00000357227.9:c.-6-427T>C,,ENST00000357227,NP_006192.1,,,,,other,intron_variant,,,,,,,,,,,none,,,,,0.0,0.0,0.0,0.0,0.0,0.0,0.75,11.25
rs1569225035,Ensembl VEP (dbSNP),rs1569225035,rs1569225035,,X,47223059.0,GTCTGCCT,-,rs1569225035,ENST00000357227.9:c.-6-493_-6-486del,,ENST00000357227,NP_006192.1,,,,,other,intron_variant,,,,,,,,,,,none,,,,,0.0,0.0,0.0,0.0,0.0,0.0,0.75,11.25
rs1569225025,Ensembl VEP (dbSNP),rs1569225025,rs1569225025,,X,47223058.0,A,C,rs1569225025,ENST00000357227.9:c.-6-494A>C,,ENST00000357227,NP_006192.1,,,,,other,intron_variant,,,,,,,,,,,none,,,,,0.0,0.0,0.0,0.0,0.0,0.0,0.75,11.25
rs1569223853,Ensembl VEP (dbSNP),rs1569223853,rs1569223853,,X,47221118.0,G,A,rs1569223853,ENST00000357227.9:c.-7+2013G>A,,ENST00000357227,NP_006192.1,,,,,other,intron_variant,,,,,,,,,,,none,,,,,0.0,0.0,0.0,0.0,0.0,0.0,0.75,11.25
rs1569223688,Ensembl VEP (dbSNP),rs1569223688,rs1569223688,,X,47220823.0,G,A,rs1569223688,ENST00000357227.9:c.-7+1718G>A,,ENST00000357227,NP_006192.1,,,,,other,intron_variant,,,,,,,,,,,none,,,,,0.0,0.0,0.0,0.0,0.0,0.0,0.75,11.25
rs1569223578,Ensembl VEP (dbSNP),rs1569223578,rs1569223578,,X,47220596.0,C,T,rs1569223578,ENST00000357227.9:c.-7+1491C>T,,ENST00000357227,NP_006192.1,,,,,other,intron_variant,,,,,,,,,,,none,,,,,0.0,0.0,0.0,0.0,0.0,0.0,0.75,11.25
rs1569223412,Ensembl VEP (dbSNP),rs1569223412,rs1569223412,,X,47220428.0,G,C,rs1569223412,ENST00000357227.9:c.-7+1323G>C,,ENST00000357227,NP_006192.1,,,,,other,intron_variant,,,,,,,,,,,none,,,,,0.0,0.0,0.0,0.0,0.0,0.0,0.75,11.25
rs1569222255,Ensembl VEP (dbSNP),rs1569222255,rs1569222255,,X,47218928.0,G,T,rs1569222255,,,ENST00000335972,NP_006192.1,,,,,other,downstream_gene_variant,,,,,,,,,,,none,,,,,0.0,0.0,0.0,0.0,0.0,0.0,0.5,7.5
rs1569222132,Ensembl VEP (dbSNP),rs1569222132,rs1569222132,,X,47218818.0,AC,-,rs1569222132,,,ENST00000335972,NP_006192.1,,,,,other,downstream_gene_variant,,,,,,,,,,,none,,,,,0.0,0.0,0.0,0.0,0.0,0.0,0.5,7.5
rs1569221818,Ensembl VEP (dbSNP),rs1569221818,rs1569221818,,X,47218703.0,T,-,rs1569221818,,,ENST00000335972,NP_006192.1,,,,,other,downstream_gene_variant,,,,,,,,,,,none,,,,,0.0,0.0,0.0,0.0,0.0,0.0,0.5,7.5
rs1569221238,Ensembl VEP (dbSNP),rs1569221238,rs1569221238,,X,47218138.0,T,G,rs1569221238,,,ENST00000335972,NP_006192.1,,,,,other,downstream_gene_variant,,,,,,,,,,,none,,,,,0.0,0.0,0.0,0.0,0.0,0.0,0.5,7.5
rs1569221118,Ensembl VEP (dbSNP),rs1569221118,rs1569221118,,X,47218026.0,A,G,rs1569221118,,,ENST00000335972,NP_006192.1,,,,,other,downstream_gene_variant,,,,,,,,,,,none,,,,,0.0,0.0,0.0,0.0,0.0,0.0,0.5,7.5
rs1569220599,Ensembl VEP (dbSNP),rs1569220599,rs1569220599,,X,47216974.0,A,C,rs1569220599,,,ENST00000335972,NP_006192.1,,,,,other,downstream_gene_variant,,,,,,,,,,,none,,,,,0.0,0.0,0.0,0.0,0.0,0.0,0.5,7.5
rs1569220315,Ensembl VEP (dbSNP),rs1569220315,rs1569220315,,X,47216543.0,A,C,rs1569220315,,,ENST00000335972,NP_006192.1,,,,,other,downstream_gene_variant,,,,,,,,,,,none,,,,,0.0,0.0,0.0,0.0,0.0,0.0,0.5,7.5
rs1556800507,Ensembl VEP (dbSNP),rs1556800507,rs1556800507,,X,47229888.0,G,T,rs1556800507,ENST00000357227.9:c.*1120G>T,,ENST00000357227,NP_006192.1,,,,,other,3_prime_UTR_variant,,,,,,,,,,,none,,,,,0.0,0.0,0.0,0.0,0.0,0.0,0.75,11.25
rs1556799446,Ensembl VEP (dbSNP),rs1556799446,rs1556799446,498716,X,47227385.0,G,A,rs1556799446,ENST00000357227.9:c.1291G>A,ENSP00000349762.4:p.Gly431Ser,ENST00000357227,NP_006192.1,431.0,G,S,G431S,missense,missense_variant,Uncertain significance,"criteria provided, single submitter",not provided,,,0.27,tolerated_low_confidence,0.013,benign,Protein kinase,none,1.0,2.0,0.3523,AMBIGUOUS,0.6,0.3523,1.0,0.25,0.6,0.0,1.0,57.03
rs1556799388,Ensembl VEP (dbSNP),rs1556799388,rs1556799388,,X,47227291.0,-,G,rs1556799388,ENST00000357227.9:c.1284+67_1284+68insG,,ENST00000357227,NP_006192.1,,,,,other,intron_variant,,,,,,,,,,,none,,,,,0.0,0.0,0.0,0.0,0.0,0.0,0.75,11.25
rs1556796793,Ensembl VEP (dbSNP),rs1556796793,rs1556796793,,X,47220411.0,A,G,rs1556796793,ENST00000357227.9:c.-7+1306A>G,,ENST00000357227,NP_006192.1,,,,,other,intron_variant,,,,,,,,,,,none,,,,,0.0,0.0,0.0,0.0,0.0,0.0,0.75,11.25
rs1556796740,Ensembl VEP (dbSNP),rs1556796740,rs1556796740,,X,47220234.0,T,C,rs1556796740,ENST00000357227.9:c.-7+1129T>C,,ENST00000357227,NP_006192.1,,,,,other,intron_variant,,,,,,,,,,,none,,,,,0.0,0.0,0.0,0.0,0.0,0.0,0.75,11.25
rs1556796720,Ensembl VEP (dbSNP),rs1556796720,rs1556796720,,X,47220157.0,A,G,rs1556796720,ENST00000357227.9:c.-7+1052A>G,,ENST00000357227,NP_006192.1,,,,,other,intron_variant,,,,,,,,,,,none,,,,,0.0,0.0,0.0,0.0,0.0,0.0,0.75,11.25
rs1556796693,Ensembl VEP (dbSNP),rs1556796693,rs1556796693,,X,47220040.0,T,C,rs1556796693,,,ENST00000335972,NP_006192.1,,,,,other,downstream_gene_variant,,,,,,,,,,,none,,,,,0.0,0.0,0.0,0.0,0.0,0.0,0.5,7.5
rs1556796644,Ensembl VEP (dbSNP),rs1556796644,rs1556796644,,X,47219836.0,G,A,rs1556796644,,,ENST00000335972,NP_006192.1,,,,,other,downstream_gene_variant,,,,,,,,,,,none,,,,,0.0,0.0,0.0,0.0,0.0,0.0,0.5,7.5
rs1556796614,Ensembl VEP (dbSNP),rs1556796614,rs1556796614,,X,47219692.0,TAATACTGCGTGT,-,rs1556796614,,,ENST00000335972,NP_006192.1,,,,,other,downstream_gene_variant,,,,,,,,,,,none,,,,,0.0,0.0,0.0,0.0,0.0,0.0,0.5,7.5
rs1556796591,Ensembl VEP (dbSNP),rs1556796591,rs1556796591,,X,47219575.0,C,T,rs1556796591,,,ENST00000335972,NP_006192.1,,,,,other,downstream_gene_variant,,,,,,,,,,,none,,,,,0.0,0.0,0.0,0.0,0.0,0.0,0.5,7.5
rs1556796560,Ensembl VEP (dbSNP),rs1556796560,rs1556796560,,X,47219487.0,G,C,rs1556796560,,,ENST00000335972,NP_006192.1,,,,,other,downstream_gene_variant,,,,,,,,,,,none,,,,,0.0,0.0,0.0,0.0,0.0,0.0,0.5,7.5
rs1556796539,Ensembl VEP (dbSNP),rs1556796539,rs1556796539,,X,47219409.0,C,A,rs1556796539,,,ENST00000335972,NP_006192.1,,,,,other,downstream_gene_variant,,,,,,,,,,,none,,,,,0.0,0.0,0.0,0.0,0.0,0.0,0.5,7.5
rs1556796515,Ensembl VEP (dbSNP),rs1556796515,rs1556796515,,X,47219312.0,G,C,rs1556796515,,,ENST00000335972,NP_006192.1,,,,,other,downstream_gene_variant,,,,,,,,,,,none,,,,,0.0,0.0,0.0,0.0,0.0,0.0,0.5,7.5
rs1556796497,Ensembl VEP (dbSNP),rs1556796497,rs1556796497,,X,47219244.0,T,G,rs1556796497,,,ENST00000335972,NP_006192.1,,,,,other,downstream_gene_variant,,,,,,,,,,,none,,,,,0.0,0.0,0.0,0.0,0.0,0.0,0.5,7.5
rs1556796481,Ensembl VEP (dbSNP),rs1556796481,rs1556796481,,X,47219167.0,G,T,rs1556796481,,,ENST00000335972,NP_006192.1,,,,,other,downstream_gene_variant,,,,,,,,,,,none,,,,,0.0,0.0,0.0,0.0,0.0,0.0,0.5,7.5
rs1556796465,Ensembl VEP (dbSNP),rs1556796465,rs1556796465,,X,47219148.0,A,G,rs1556796465,,,ENST00000335972,NP_006192.1,,,,,other,downstream_gene_variant,,,,,,,,,,,none,,,,,0.0,0.0,0.0,0.0,0.0,0.0,0.5,7.5
rs1556796451,Ensembl VEP (dbSNP),rs1556796451,rs1556796451,,X,47219140.0,C,T,rs1556796451,,,ENST00000335972,NP_006192.1,,,,,other,downstream_gene_variant,,,,,,,,,,,none,,,,,0.0,0.0,0.0,0.0,0.0,0.0,0.5,7.5
rs1556796436,Ensembl VEP (dbSNP),rs1556796436,rs1556796436,,X,47219138.0,C,-,rs1556796436,,,ENST00000335972,NP_006192.1,,,,,other,downstream_gene_variant,,,,,,,,,,,none,,,,,0.0,0.0,0.0,0.0,0.0,0.0,0.5,7.5
rs1556796429,Ensembl VEP (dbSNP),rs1556796429,rs1556796429,,X,47219135.0,C,T,rs1556796429,,,ENST00000335972,NP_006192.1,,,,,other,downstream_gene_variant,,,,,,,,,,,none,,,,,0.0,0.0,0.0,0.0,0.0,0.0,0.5,7.5
rs1556796421,Ensembl VEP (dbSNP),rs1556796421,rs1556796421,,X,47219128.0,G,-,rs1556796421,,,ENST00000335972,NP_006192.1,,,,,other,downstream_gene_variant,,,,,,,,,,,none,,,,,0.0,0.0,0.0,0.0,0.0,0.0,0.5,7.5
rs1556796418,Ensembl VEP (dbSNP),rs1556796418,rs1556796418,,X,47219119.0,C,-,rs1556796418,,,ENST00000335972,NP_006192.1,,,,,other,downstream_gene_variant,,,,,,,,,,,none,,,,,0.0,0.0,0.0,0.0,0.0,0.0,0.5,7.5
rs1556796390,Ensembl VEP (dbSNP),rs1556796390,rs1556796390,,X,47219065.0,G,T,rs1556796390,,,ENST00000335972,NP_006192.1,,,,,other,downstream_gene_variant,,,,,,,,,,,none,,,,,0.0,0.0,0.0,0.0,0.0,0.0,0.5,7.5
rs1556796384,Ensembl VEP (dbSNP),rs1556796384,rs1556796384,,X,47219056.0,C,T,rs1556796384,,,ENST00000335972,NP_006192.1,,,,,other,downstream_gene_variant,,,,,,,,,,,none,,,,,0.0,0.0,0.0,0.0,0.0,0.0,0.5,7.5
rs1556796370,Ensembl VEP (dbSNP),rs1556796370,rs1556796370,,X,47219039.0,C,-,rs1556796370,,,ENST00000335972,NP_006192.1,,,,,other,downstream_gene_variant,,,,,,,,,,,none,,,,,0.0,0.0,0.0,0.0,0.0,0.0,0.5,7.5
rs1556796361,Ensembl VEP (dbSNP),rs1556796361,rs1556796361,,X,47219010.0,G,A,rs1556796361,,,ENST00000335972,NP_006192.1,,,,,other,downstream_gene_variant,,,,,,,,,,,none,,,,,0.0,0.0,0.0,0.0,0.0,0.0,0.5,7.5
rs1556796345,Ensembl VEP (dbSNP),rs1556796345,rs1556796345,,X,47218982.0,T,A,rs1556796345,,,ENST00000335972,NP_006192.1,,,,,other,downstream_gene_variant,,,,,,,,,,,none,,,,,0.0,0.0,0.0,0.0,0.0,0.0,0.5,7.5
rs1556796342,Ensembl VEP (dbSNP),rs1556796342,rs1556796342,,X,47218966.0,A,G,rs1556796342,,,ENST00000335972,NP_006192.1,,,,,other,downstream_gene_variant,,,,,,,,,,,none,,,,,0.0,0.0,0.0,0.0,0.0,0.0,0.5,7.5
rs1556796339,Ensembl VEP (dbSNP),rs1556796339,rs1556796339,,X,47218961.0,C,T,rs1556796339,,,ENST00000335972,NP_006192.1,,,,,other,downstream_gene_variant,,,,,,,,,,,none,,,,,0.0,0.0,0.0,0.0,0.0,0.0,0.5,7.5
rs1556796337,Ensembl VEP (dbSNP),rs1556796337,rs1556796337,,X,47218947.0,G,A,rs1556796337,,,ENST00000335972,NP_006192.1,,,,,other,downstream_gene_variant,,,,,,,,,,,none,,,,,0.0,0.0,0.0,0.0,0.0,0.0,0.5,7.5
rs1556796335,Ensembl VEP (dbSNP),rs1556796335,rs1556796335,,X,47218938.0,C,T,rs1556796335,,,ENST00000335972,NP_006192.1,,,,,other,downstream_gene_variant,,,,,,,,,,,none,,,,,0.0,0.0,0.0,0.0,0.0,0.0,0.5,7.5
rs1556796322,Ensembl VEP (dbSNP),rs1556796322,rs1556796322,,X,47218925.0,G,A,rs1556796322,,,ENST00000335972,NP_006192.1,,,,,other,downstream_gene_variant,,,,,,,,,,,none,,,,,0.0,0.0,0.0,0.0,0.0,0.0,0.5,7.5
rs1556796320,Ensembl VEP (dbSNP),rs1556796320,rs1556796320,,X,47218922.0,G,A,rs1556796320,,,ENST00000335972,NP_006192.1,,,,,other,downstream_gene_variant,,,,,,,,,,,none,,,,,0.0,0.0,0.0,0.0,0.0,0.0,0.5,7.5
rs1556796316,Ensembl VEP (dbSNP),rs1556796316,rs1556796316,,X,47218919.0,G,A,rs1556796316,,,ENST00000335972,NP_006192.1,,,,,other,downstream_gene_variant,,,,,,,,,,,none,,,,,0.0,0.0,0.0,0.0,0.0,0.0,0.5,7.5
rs1556796314,Ensembl VEP (dbSNP),rs1556796314,rs1556796314,,X,47218916.0,G,A,rs1556796314,,,ENST00000335972,NP_006192.1,,,,,other,downstream_gene_variant,,,,,,,,,,,none,,,,,0.0,0.0,0.0,0.0,0.0,0.0,0.5,7.5
rs1556796301,Ensembl VEP (dbSNP),rs1556796301,rs1556796301,,X,47218901.0,T,G,rs1556796301,,,ENST00000335972,NP_006192.1,,,,,other,downstream_gene_variant,,,,,,,,,,,none,,,,,0.0,0.0,0.0,0.0,0.0,0.0,0.5,7.5
rs1556796297,Ensembl VEP (dbSNP),rs1556796297,rs1556796297,,X,47218874.0,T,C,rs1556796297,,,ENST00000335972,NP_006192.1,,,,,other,downstream_gene_variant,,,,,,,,,,,none,,,,,0.0,0.0,0.0,0.0,0.0,0.0,0.5,7.5
rs1556796291,Ensembl VEP (dbSNP),rs1556796291,rs1556796291,,X,47218873.0,C,T,rs1556796291,,,ENST00000335972,NP_006192.1,,,,,other,downstream_gene_variant,,,,,,,,,,,none,,,,,0.0,0.0,0.0,0.0,0.0,0.0,0.5,7.5
rs1556796287,Ensembl VEP (dbSNP),rs1556796287,rs1556796287,,X,47218869.0,C,T,rs1556796287,,,ENST00000335972,NP_006192.1,,,,,other,downstream_gene_variant,,,,,,,,,,,none,,,,,0.0,0.0,0.0,0.0,0.0,0.0,0.5,7.5
rs1556796281,Ensembl VEP (dbSNP),rs1556796281,rs1556796281,,X,47218865.0,C,T,rs1556796281,,,ENST00000335972,NP_006192.1,,,,,other,downstream_gene_variant,,,,,,,,,,,none,,,,,0.0,0.0,0.0,0.0,0.0,0.0,0.5,7.5
rs1556796264,Ensembl VEP (dbSNP),rs1556796264,rs1556796264,,X,47218854.0,A,T,rs1556796264,,,ENST00000335972,NP_006192.1,,,,,other,downstream_gene_variant,,,,,,,,,,,none,,,,,0.0,0.0,0.0,0.0,0.0,0.0,0.5,7.5
rs1556796255,Ensembl VEP (dbSNP),rs1556796255,rs1556796255,,X,47218827.0,C,G,rs1556796255,,,ENST00000335972,NP_006192.1,,,,,other,downstream_gene_variant,,,,,,,,,,,none,,,,,0.0,0.0,0.0,0.0,0.0,0.0,0.5,7.5
rs1556796236,Ensembl VEP (dbSNP),rs1556796236,rs1556796236,,X,47218802.0,G,A,rs1556796236,,,ENST00000335972,NP_006192.1,,,,,other,downstream_gene_variant,,,,,,,,,,,none,,,,,0.0,0.0,0.0,0.0,0.0,0.0,0.5,7.5
rs1556796204,Ensembl VEP (dbSNP),rs1556796204,rs1556796204,,X,47218766.0,A,G,rs1556796204,,,ENST00000335972,NP_006192.1,,,,,other,downstream_gene_variant,,,,,,,,,,,none,,,,,0.0,0.0,0.0,0.0,0.0,0.0,0.5,7.5
rs1556796194,Ensembl VEP (dbSNP),rs1556796194,rs1556796194,,X,47218758.0,G,A,rs1556796194,,,ENST00000335972,NP_006192.1,,,,,other,downstream_gene_variant,,,,,,,,,,,none,,,,,0.0,0.0,0.0,0.0,0.0,0.0,0.5,7.5
rs1556796191,Ensembl VEP (dbSNP),rs1556796191,rs1556796191,,X,47218757.0,G,A,rs1556796191,,,ENST00000335972,NP_006192.1,,,,,other,downstream_gene_variant,,,,,,,,,,,none,,,,,0.0,0.0,0.0,0.0,0.0,0.0,0.5,7.5
rs1556796190,Ensembl VEP (dbSNP),rs1556796190,rs1556796190,,X,47218751.0,C,G,rs1556796190,,,ENST00000335972,NP_006192.1,,,,,other,downstream_gene_variant,,,,,,,,,,,none,,,,,0.0,0.0,0.0,0.0,0.0,0.0,0.5,7.5
rs1556796181,Ensembl VEP (dbSNP),rs1556796181,rs1556796181,,X,47218749.0,G,A,rs1556796181,,,ENST00000335972,NP_006192.1,,,,,other,downstream_gene_variant,,,,,,,,,,,none,,,,,0.0,0.0,0.0,0.0,0.0,0.0,0.5,7.5
rs1556796153,Ensembl VEP (dbSNP),rs1556796153,rs1556796153,,X,47218734.0,G,A,rs1556796153,,,ENST00000335972,NP_006192.1,,,,,other,downstream_gene_variant,,,,,,,,,,,none,,,,,0.0,0.0,0.0,0.0,0.0,0.0,0.5,7.5
rs1556796139,Ensembl VEP (dbSNP),rs1556796139,rs1556796139,,X,47218724.0,C,A,rs1556796139,,,ENST00000335972,NP_006192.1,,,,,other,downstream_gene_variant,,,,,,,,,,,none,,,,,0.0,0.0,0.0,0.0,0.0,0.0,0.5,7.5
rs1556796128,Ensembl VEP (dbSNP),rs1556796128,rs1556796128,,X,47218716.0,G,T,rs1556796128,,,ENST00000335972,NP_006192.1,,,,,other,downstream_gene_variant,,,,,,,,,,,none,,,,,0.0,0.0,0.0,0.0,0.0,0.0,0.5,7.5
rs1556796124,Ensembl VEP (dbSNP),rs1556796124,rs1556796124,,X,47218714.0,G,T,rs1556796124,,,ENST00000335972,NP_006192.1,,,,,other,downstream_gene_variant,,,,,,,,,,,none,,,,,0.0,0.0,0.0,0.0,0.0,0.0,0.5,7.5
rs1556796118,Ensembl VEP (dbSNP),rs1556796118,rs1556796118,,X,47218708.0,G,A,rs1556796118,,,ENST00000335972,NP_006192.1,,,,,other,downstream_gene_variant,,,,,,,,,,,none,,,,,0.0,0.0,0.0,0.0,0.0,0.0,0.5,7.5
rs1556796099,Ensembl VEP (dbSNP),rs1556796099,rs1556796099,,X,47218701.0,C,T,rs1556796099,,,ENST00000335972,NP_006192.1,,,,,other,downstream_gene_variant,,,,,,,,,,,none,,,,,0.0,0.0,0.0,0.0,0.0,0.0,0.5,7.5
rs1556796083,Ensembl VEP (dbSNP),rs1556796083,rs1556796083,,X,47218688.0,A,C,rs1556796083,,,ENST00000335972,NP_006192.1,,,,,other,downstream_gene_variant,,,,,,,,,,,none,,,,,0.0,0.0,0.0,0.0,0.0,0.0,0.5,7.5
rs1556796073,Ensembl VEP (dbSNP),rs1556796073,rs1556796073,,X,47218682.0,-,TC,rs1556796073,,,ENST00000335972,NP_006192.1,,,,,other,downstream_gene_variant,,,,,,,,,,,none,,,,,0.0,0.0,0.0,0.0,0.0,0.0,0.5,7.5
rs1556796067,Ensembl VEP (dbSNP),rs1556796067,rs1556796067,,X,47218679.0,T,C,rs1556796067,,,ENST00000335972,NP_006192.1,,,,,other,downstream_gene_variant,,,,,,,,,,,none,,,,,0.0,0.0,0.0,0.0,0.0,0.0,0.5,7.5
rs1556796054,Ensembl VEP (dbSNP),rs1556796054,rs1556796054,,X,47218672.0,C,A,rs1556796054,,,ENST00000335972,NP_006192.1,,,,,other,downstream_gene_variant,,,,,,,,,,,none,,,,,0.0,0.0,0.0,0.0,0.0,0.0,0.5,7.5
rs1556796045,Ensembl VEP (dbSNP),rs1556796045,rs1556796045,,X,47218666.0,T,C,rs1556796045,,,ENST00000335972,NP_006192.1,,,,,other,downstream_gene_variant,,,,,,,,,,,none,,,,,0.0,0.0,0.0,0.0,0.0,0.0,0.5,7.5
rs1556796027,Ensembl VEP (dbSNP),rs1556796027,rs1556796027,,X,47218660.0,C,A,rs1556796027,,,ENST00000335972,NP_006192.1,,,,,other,downstream_gene_variant,,,,,,,,,,,none,,,,,0.0,0.0,0.0,0.0,0.0,0.0,0.5,7.5
rs1556795991,Ensembl VEP (dbSNP),rs1556795991,rs1556795991,,X,47218650.0,T,C,rs1556795991,,,ENST00000335972,NP_006192.1,,,,,other,downstream_gene_variant,,,,,,,,,,,none,,,,,0.0,0.0,0.0,0.0,0.0,0.0,0.5,7.5
rs1556795982,Ensembl VEP (dbSNP),rs1556795982,rs1556795982,,X,47218646.0,T,C,rs1556795982,,,ENST00000335972,NP_006192.1,,,,,other,downstream_gene_variant,,,,,,,,,,,none,,,,,0.0,0.0,0.0,0.0,0.0,0.0,0.5,7.5
rs1556795980,Ensembl VEP (dbSNP),rs1556795980,rs1556795980,,X,47218644.0,C,T,rs1556795980,,,ENST00000335972,NP_006192.1,,,,,other,downstream_gene_variant,,,,,,,,,,,none,,,,,0.0,0.0,0.0,0.0,0.0,0.0,0.5,7.5
rs1556795966,Ensembl VEP (dbSNP),rs1556795966,rs1556795966,,X,47218638.0,C,G,rs1556795966,,,ENST00000335972,NP_006192.1,,,,,other,downstream_gene_variant,,,,,,,,,,,none,,,,,0.0,0.0,0.0,0.0,0.0,0.0,0.5,7.5
rs1556795957,Ensembl VEP (dbSNP),rs1556795957,rs1556795957,,X,47218628.0,C,T,rs1556795957,,,ENST00000335972,NP_006192.1,,,,,other,downstream_gene_variant,,,,,,,,,,,none,,,,,0.0,0.0,0.0,0.0,0.0,0.0,0.5,7.5
rs1556795950,Ensembl VEP (dbSNP),rs1556795950,rs1556795950,,X,47218629.0,C,-,rs1556795950,,,ENST00000335972,NP_006192.1,,,,,other,downstream_gene_variant,,,,,,,,,,,none,,,,,0.0,0.0,0.0,0.0,0.0,0.0,0.5,7.5
rs1556795944,Ensembl VEP (dbSNP),rs1556795944,rs1556795944,,X,47218625.0,C,-,rs1556795944,,,ENST00000335972,NP_006192.1,,,,,other,downstream_gene_variant,,,,,,,,,,,none,,,,,0.0,0.0,0.0,0.0,0.0,0.0,0.5,7.5
rs1556795941,Ensembl VEP (dbSNP),rs1556795941,rs1556795941,,X,47218620.0,G,A,rs1556795941,,,ENST00000335972,NP_006192.1,,,,,other,downstream_gene_variant,,,,,,,,,,,none,,,,,0.0,0.0,0.0,0.0,0.0,0.0,0.5,7.5
rs1556795933,Ensembl VEP (dbSNP),rs1556795933,rs1556795933,,X,47218618.0,G,A,rs1556795933,,,ENST00000335972,NP_006192.1,,,,,other,downstream_gene_variant,,,,,,,,,,,none,,,,,0.0,0.0,0.0,0.0,0.0,0.0,0.5,7.5
rs1556795890,Ensembl VEP (dbSNP),rs1556795890,rs1556795890,,X,47218437.0,A,G,rs1556795890,,,ENST00000335972,NP_006192.1,,,,,other,downstream_gene_variant,,,,,,,,,,,none,,,,,0.0,0.0,0.0,0.0,0.0,0.0,0.5,7.5
rs1556795885,Ensembl VEP (dbSNP),rs1556795885,rs1556795885,,X,47218433.0,A,T,rs1556795885,,,ENST00000335972,NP_006192.1,,,,,other,downstream_gene_variant,,,,,,,,,,,none,,,,,0.0,0.0,0.0,0.0,0.0,0.0,0.5,7.5
rs1556795877,Ensembl VEP (dbSNP),rs1556795877,rs1556795877,,X,47218379.0,G,A,rs1556795877,,,ENST00000335972,NP_006192.1,,,,,other,downstream_gene_variant,,,,,,,,,,,none,,,,,0.0,0.0,0.0,0.0,0.0,0.0,0.5,7.5
rs1556795786,Ensembl VEP (dbSNP),rs1556795786,rs1556795786,,X,47218135.0,T,-,rs1556795786,,,ENST00000335972,NP_006192.1,,,,,other,downstream_gene_variant,,,,,,,,,,,none,,,,,0.0,0.0,0.0,0.0,0.0,0.0,0.5,7.5
rs1556795727,Ensembl VEP (dbSNP),rs1556795727,rs1556795727,,X,47218014.0,G,A,rs1556795727,,,ENST00000335972,NP_006192.1,,,,,other,downstream_gene_variant,,,,,,,,,,,none,,,,,0.0,0.0,0.0,0.0,0.0,0.0,0.5,7.5
rs1556795701,Ensembl VEP (dbSNP),rs1556795701,rs1556795701,,X,47217949.0,-,GGCTAA,rs1556795701,,,ENST00000335972,NP_006192.1,,,,,other,downstream_gene_variant,,,,,,,,,,,none,,,,,0.0,0.0,0.0,0.0,0.0,0.0,0.5,7.5
rs1556795696,Ensembl VEP (dbSNP),rs1556795696,rs1556795696,,X,47217947.0,-,AAGG,rs1556795696,,,ENST00000335972,NP_006192.1,,,,,other,downstream_gene_variant,,,,,,,,,,,none,,,,,0.0,0.0,0.0,0.0,0.0,0.0,0.5,7.5
rs1556795694,Ensembl VEP (dbSNP),rs1556795694,rs1556795694,,X,47217946.0,-,CT,rs1556795694,,,ENST00000335972,NP_006192.1,,,,,other,downstream_gene_variant,,,,,,,,,,,none,,,,,0.0,0.0,0.0,0.0,0.0,0.0,0.5,7.5
rs1556795690,Ensembl VEP (dbSNP),rs1556795690,rs1556795690,,X,47217918.0,-,T,rs1556795690,,,ENST00000335972,NP_006192.1,,,,,other,downstream_gene_variant,,,,,,,,,,,none,,,,,0.0,0.0,0.0,0.0,0.0,0.0,0.5,7.5
rs1556795681,Ensembl VEP (dbSNP),rs1556795681,rs1556795681,,X,47217904.0,G,A,rs1556795681,,,ENST00000335972,NP_006192.1,,,,,other,downstream_gene_variant,,,,,,,,,,,none,,,,,0.0,0.0,0.0,0.0,0.0,0.0,0.5,7.5
rs1556795652,Ensembl VEP (dbSNP),rs1556795652,rs1556795652,,X,47217856.0,C,T,rs1556795652,,,ENST00000335972,NP_006192.1,,,,,other,downstream_gene_variant,,,,,,,,,,,none,,,,,0.0,0.0,0.0,0.0,0.0,0.0,0.5,7.5
rs1556795631,Ensembl VEP (dbSNP),rs1556795631,rs1556795631,,X,47217769.0,C,A,rs1556795631,,,ENST00000335972,NP_006192.1,,,,,other,downstream_gene_variant,,,,,,,,,,,none,,,,,0.0,0.0,0.0,0.0,0.0,0.0,0.5,7.5
rs1556795615,Ensembl VEP (dbSNP),rs1556795615,rs1556795615,,X,47217740.0,C,A,rs1556795615,,,ENST00000335972,NP_006192.1,,,,,other,downstream_gene_variant,,,,,,,,,,,none,,,,,0.0,0.0,0.0,0.0,0.0,0.0,0.5,7.5
rs1556795602,Ensembl VEP (dbSNP),rs1556795602,rs1556795602,,X,47217694.0,A,C,rs1556795602,,,ENST00000335972,NP_006192.1,,,,,other,downstream_gene_variant,,,,,,,,,,,none,,,,,0.0,0.0,0.0,0.0,0.0,0.0,0.5,7.5
rs1556795598,Ensembl VEP (dbSNP),rs1556795598,rs1556795598,,X,47217684.0,A,G,rs1556795598,,,ENST00000335972,NP_006192.1,,,,,other,downstream_gene_variant,,,,,,,,,,,none,,,,,0.0,0.0,0.0,0.0,0.0,0.0,0.5,7.5
rs1556795586,Ensembl VEP (dbSNP),rs1556795586,rs1556795586,,X,47217639.0,A,G,rs1556795586,,,ENST00000335972,NP_006192.1,,,,,other,downstream_gene_variant,,,,,,,,,,,none,,,,,0.0,0.0,0.0,0.0,0.0,0.0,0.5,7.5
rs1556795572,Ensembl VEP (dbSNP),rs1556795572,rs1556795572,,X,47217570.0,G,A,rs1556795572,,,ENST00000335972,NP_006192.1,,,,,other,downstream_gene_variant,,,,,,,,,,,none,,,,,0.0,0.0,0.0,0.0,0.0,0.0,0.5,7.5
rs1556795570,Ensembl VEP (dbSNP),rs1556795570,rs1556795570,,X,47217493.0,T,G,rs1556795570,,,ENST00000335972,NP_006192.1,,,,,other,downstream_gene_variant,,,,,,,,,,,none,,,,,0.0,0.0,0.0,0.0,0.0,0.0,0.5,7.5
rs1556795563,Ensembl VEP (dbSNP),rs1556795563,rs1556795563,,X,47217486.0,A,G,rs1556795563,,,ENST00000335972,NP_006192.1,,,,,other,downstream_gene_variant,,,,,,,,,,,none,,,,,0.0,0.0,0.0,0.0,0.0,0.0,0.5,7.5
rs1556795558,Ensembl VEP (dbSNP),rs1556795558,rs1556795558,,X,47217474.0,A,G,rs1556795558,,,ENST00000335972,NP_006192.1,,,,,other,downstream_gene_variant,,,,,,,,,,,none,,,,,0.0,0.0,0.0,0.0,0.0,0.0,0.5,7.5
rs1556795524,Ensembl VEP (dbSNP),rs1556795524,rs1556795524,,X,47217385.0,C,T,rs1556795524,,,ENST00000335972,NP_006192.1,,,,,other,downstream_gene_variant,,,,,,,,,,,none,,,,,0.0,0.0,0.0,0.0,0.0,0.0,0.5,7.5
rs1556795469,Ensembl VEP (dbSNP),rs1556795469,rs1556795469,,X,47217274.0,G,T,rs1556795469,,,ENST00000335972,NP_006192.1,,,,,other,downstream_gene_variant,,,,,,,,,,,none,,,,,0.0,0.0,0.0,0.0,0.0,0.0,0.5,7.5
rs1556795465,Ensembl VEP (dbSNP),rs1556795465,rs1556795465,,X,47217252.0,T,C,rs1556795465,,,ENST00000335972,NP_006192.1,,,,,other,downstream_gene_variant,,,,,,,,,,,none,,,,,0.0,0.0,0.0,0.0,0.0,0.0,0.5,7.5
rs1556795457,Ensembl VEP (dbSNP),rs1556795457,rs1556795457,,X,47217221.0,G,A,rs1556795457,,,ENST00000335972,NP_006192.1,,,,,other,downstream_gene_variant,,,,,,,,,,,none,,,,,0.0,0.0,0.0,0.0,0.0,0.0,0.5,7.5
rs1556795416,Ensembl VEP (dbSNP),rs1556795416,rs1556795416,,X,47217029.0,C,A,rs1556795416,,,ENST00000335972,NP_006192.1,,,,,other,downstream_gene_variant,,,,,,,,,,,none,,,,,0.0,0.0,0.0,0.0,0.0,0.0,0.5,7.5
rs1556795412,Ensembl VEP (dbSNP),rs1556795412,rs1556795412,,X,47217028.0,T,A,rs1556795412,,,ENST00000335972,NP_006192.1,,,,,other,downstream_gene_variant,,,,,,,,,,,none,,,,,0.0,0.0,0.0,0.0,0.0,0.0,0.5,7.5
rs1556795403,Ensembl VEP (dbSNP),rs1556795403,rs1556795403,,X,47217004.0,A,G,rs1556795403,,,ENST00000335972,NP_006192.1,,,,,other,downstream_gene_variant,,,,,,,,,,,none,,,,,0.0,0.0,0.0,0.0,0.0,0.0,0.5,7.5
rs1556795395,Ensembl VEP (dbSNP),rs1556795395,rs1556795395,,X,47216961.0,G,C,rs1556795395,,,ENST00000335972,NP_006192.1,,,,,other,downstream_gene_variant,,,,,,,,,,,none,,,,,0.0,0.0,0.0,0.0,0.0,0.0,0.5,7.5
rs1556795377,Ensembl VEP (dbSNP),rs1556795377,rs1556795377,,X,47216934.0,G,A,rs1556795377,,,ENST00000335972,NP_006192.1,,,,,other,downstream_gene_variant,,,,,,,,,,,none,,,,,0.0,0.0,0.0,0.0,0.0,0.0,0.5,7.5
rs1556795317,Ensembl VEP (dbSNP),rs1556795317,rs1556795317,,X,47216804.0,T,A,rs1556795317,,,ENST00000335972,NP_006192.1,,,,,other,downstream_gene_variant,,,,,,,,,,,none,,,,,0.0,0.0,0.0,0.0,0.0,0.0,0.5,7.5
rs1556795305,Ensembl VEP (dbSNP),rs1556795305,rs1556795305,,X,47216764.0,G,A,rs1556795305,,,ENST00000335972,NP_006192.1,,,,,other,downstream_gene_variant,,,,,,,,,,,none,,,,,0.0,0.0,0.0,0.0,0.0,0.0,0.5,7.5
rs1556795266,Ensembl VEP (dbSNP),rs1556795266,rs1556795266,,X,47216688.0,T,G,rs1556795266,,,ENST00000335972,NP_006192.1,,,,,other,downstream_gene_variant,,,,,,,,,,,none,,,,,0.0,0.0,0.0,0.0,0.0,0.0,0.5,7.5
rs1556795247,Ensembl VEP (dbSNP),rs1556795247,rs1556795247,,X,47216636.0,A,G,rs1556795247,,,ENST00000335972,NP_006192.1,,,,,other,downstream_gene_variant,,,,,,,,,,,none,,,,,0.0,0.0,0.0,0.0,0.0,0.0,0.5,7.5
rs1556795206,Ensembl VEP (dbSNP),rs1556795206,rs1556795206,,X,47216452.0,C,T,rs1556795206,,,ENST00000335972,NP_006192.1,,,,,other,downstream_gene_variant,,,,,,,,,,,none,,,,,0.0,0.0,0.0,0.0,0.0,0.0,0.5,7.5
rs1556795185,Ensembl VEP (dbSNP),rs1556795185,rs1556795185,,X,47216403.0,G,A,rs1556795185,,,ENST00000335972,NP_006192.1,,,,,other,downstream_gene_variant,,,,,,,,,,,none,,,,,0.0,0.0,0.0,0.0,0.0,0.0,0.5,7.5
rs1556795179,Ensembl VEP (dbSNP),rs1556795179,rs1556795179,,X,47216384.0,A,G,rs1556795179,,,ENST00000335972,NP_006192.1,,,,,other,downstream_gene_variant,,,,,,,,,,,none,,,,,0.0,0.0,0.0,0.0,0.0,0.0,0.5,7.5
rs1556795171,Ensembl VEP (dbSNP),rs1556795171,rs1556795171,,X,47216383.0,C,G,rs1556795171,,,ENST00000335972,NP_006192.1,,,,,other,downstream_gene_variant,,,,,,,,,,,none,,,,,0.0,0.0,0.0,0.0,0.0,0.0,0.5,7.5
rs1556795155,Ensembl VEP (dbSNP),rs1556795155,rs1556795155,,X,47216349.0,G,A,rs1556795155,,,ENST00000335972,NP_006192.1,,,,,other,downstream_gene_variant,,,,,,,,,,,none,,,,,0.0,0.0,0.0,0.0,0.0,0.0,0.5,7.5
rs1490770016,Ensembl VEP (dbSNP),rs1490770016,rs1490770016,,X,47223493.0,C,G,rs1490770016,ENST00000357227.9:c.-6-59C>G,,ENST00000357227,NP_006192.1,,,,,other,intron_variant,,,,,,,,,,,none,,,,,0.0,0.0,0.0,0.0,0.0,0.0,0.75,11.25
rs1490432057,Ensembl VEP (dbSNP),rs1490432057,rs1490432057,,X,47220019.0,G,A,rs1490432057,,,ENST00000335972,NP_006192.1,,,,,other,downstream_gene_variant,,,,,,,,,,,none,,,,,0.0,0.0,0.0,0.0,0.0,0.0,0.5,7.5
rs1490337069,Ensembl VEP (dbSNP),rs1490337069,rs1490337069,,X,47220832.0,G,A,rs1490337069,ENST00000357227.9:c.-7+1727G>A,,ENST00000357227,NP_006192.1,,,,,other,intron_variant,,,,,,,,,,,none,,,,,0.0,0.0,0.0,0.0,0.0,0.0,0.75,11.25
rs1490270913,Ensembl VEP (dbSNP),rs1490270913,rs1490270913,,X,47219444.0,C,T,rs1490270913,,,ENST00000335972,NP_006192.1,,,,,other,downstream_gene_variant,,,,,,,,,,,none,,,,,0.0,0.0,0.0,0.0,0.0,0.0,0.5,7.5
rs1489961346,Ensembl VEP (dbSNP),rs1489961346,rs1489961346,,X,47222434.0,G,A,rs1489961346,ENST00000357227.9:c.-6-1118G>A,,ENST00000357227,NP_006192.1,,,,,other,intron_variant,,,,,,,,,,,none,,,,,0.0,0.0,0.0,0.0,0.0,0.0,0.75,11.25
rs1489731004,Ensembl VEP (dbSNP),rs1489731004,rs1489731004,,X,47229231.0,G,A,rs1489731004,ENST00000357227.9:c.*463G>A,,ENST00000357227,NP_006192.1,,,,,other,3_prime_UTR_variant,,,,,,,,,,,none,,,,,0.0,0.0,0.0,0.0,0.0,0.0,0.75,11.25
rs1489692684,Ensembl VEP (dbSNP),rs1489692684,rs1489692684,,X,47223152.0,AC,-,rs1489692684,ENST00000357227.9:c.-6-400_-6-399del,,ENST00000357227,NP_006192.1,,,,,other,intron_variant,,,,,,,,,,,none,,,,,0.0,0.0,0.0,0.0,0.0,0.0,0.75,11.25
rs1489229472,Ensembl VEP (dbSNP),rs1489229472,rs1489229472,,X,47220456.0,T,A,rs1489229472,ENST00000357227.9:c.-7+1351T>A,,ENST00000357227,NP_006192.1,,,,,other,intron_variant,,,,,,,,,,,none,,,,,0.0,0.0,0.0,0.0,0.0,0.0,0.75,11.25
rs1488897523,Ensembl VEP (dbSNP),rs1488897523,rs1488897523,,X,47224339.0,G,A,rs1488897523,ENST00000357227.9:c.203-46G>A,,ENST00000357227,NP_006192.1,,,,,other,intron_variant,,,,,,,,,,,none,,,,,0.0,0.0,0.0,0.0,0.0,0.0,0.75,11.25
rs1488607158,Ensembl VEP (dbSNP),rs1488607158,rs1488607158,,X,47224211.0,A,G,rs1488607158,ENST00000357227.9:c.203-174A>G,,ENST00000357227,NP_006192.1,,,,,other,intron_variant,,,,,,,,,,,none,,,,,0.0,0.0,0.0,0.0,0.0,0.0,0.75,11.25
rs1488420976,Ensembl VEP (dbSNP),rs1488420976,rs1488420976,,X,47222572.0,A,G,rs1488420976,ENST00000357227.9:c.-6-980A>G,,ENST00000357227,NP_006192.1,,,,,other,intron_variant,,,,,,,,,,,none,,,,,0.0,0.0,0.0,0.0,0.0,0.0,0.75,11.25
rs1488241127,Ensembl VEP (dbSNP),rs1488241127,rs1488241127,,X,47226037.0,G,A,rs1488241127,ENST00000357227.9:c.792+10G>A,,ENST00000357227,NP_006192.1,,,,,other,intron_variant,,,,,,,,,,,none,,,,,0.0,0.0,0.0,0.0,0.0,0.0,0.75,11.25
rs1488211864,Ensembl VEP (dbSNP),rs1488211864,rs1488211864,,X,47229170.0,A,G,rs1488211864,ENST00000357227.9:c.*402A>G,,ENST00000357227,NP_006192.1,,,,,other,3_prime_UTR_variant,,,,,,,,,,,none,,,,,0.0,0.0,0.0,0.0,0.0,0.0,0.75,11.25
rs1488183141,Ensembl VEP (dbSNP),rs1488183141,rs1488183141,,X,47227996.0,A,T,rs1488183141,ENST00000357227.9:c.1375+527A>T,,ENST00000357227,NP_006192.1,,,,,other,intron_variant,,,,,,,,,,,none,,,,,0.0,0.0,0.0,0.0,0.0,0.0,0.75,11.25
rs1487383714,Ensembl VEP (dbSNP),rs1487383714,rs1487383714,,X,47223437.0,T,C,rs1487383714,ENST00000357227.9:c.-6-115T>C,,ENST00000357227,NP_006192.1,,,,,other,intron_variant,,,,,,,,,,,none,,,,,0.0,0.0,0.0,0.0,0.0,0.0,0.75,11.25
rs1487377026,Ensembl VEP (dbSNP),rs1487377026,rs1487377026,,X,47223719.0,G,A,rs1487377026,ENST00000357227.9:c.162G>A,ENSP00000349762.4:p.Gly54=,ENST00000357227,NP_006192.1,54.0,,,,synonymous,synonymous_variant,,,,,,,,,,Disordered,none,1.0,2.0,,,0.0,0.0,1.0,0.25,0.3,0.0,1.0,36.75
rs1487325242,Ensembl VEP (dbSNP),rs1487325242,rs1487325242,,X,47218598.0,C,T,rs1487325242,,,ENST00000335972,NP_006192.1,,,,,other,downstream_gene_variant,,,,,,,,,,,none,,,,,0.0,0.0,0.0,0.0,0.0,0.0,0.5,7.5
rs1487230889,Ensembl VEP (dbSNP),rs1487230889,rs1487230889,,X,47230480.0,G,C,rs1487230889,,,ENST00000357227,NP_006192.1,,,,,other,downstream_gene_variant,,,,,,,,,,,none,,,,,0.0,0.0,0.0,0.0,0.0,0.0,0.5,7.5
rs1487060274,Ensembl VEP (dbSNP),rs1487060274,rs1487060274,,X,47227369.0,C,T,rs1487060274,ENST00000357227.9:c.1285-10C>T,,ENST00000357227,NP_006192.1,,,,,splice,splice_polypyrimidine_tract_variant;intron_variant,,,,,,,,,,,none,,,,,0.0,0.0,0.0,0.0,0.0,0.0,0.75,11.25
rs1486827680,Ensembl VEP (dbSNP),rs1486827680,rs1486827680,,X,47217187.0,G,-,rs1486827680,,,ENST00000335972,NP_006192.1,,,,,other,downstream_gene_variant,,,,,,,,,,,none,,,,,0.0,0.0,0.0,0.0,0.0,0.0,0.5,7.5
rs1485917794,Ensembl VEP (dbSNP),rs1485917794,rs1485917794,,X,47225908.0,AAG,-,rs1485917794,ENST00000357227.9:c.729+42_729+44del,,ENST00000357227,NP_006192.1,,,,,other,intron_variant,,,,,,,,,,,none,,,,,0.0,0.0,0.0,0.0,0.0,0.0,0.75,11.25
rs1485664970,Ensembl VEP (dbSNP),rs1485664970,rs1485664970,,X,47219897.0,G,A,rs1485664970,,,ENST00000335972,NP_006192.1,,,,,other,downstream_gene_variant,,,,,,,,,,,none,,,,,0.0,0.0,0.0,0.0,0.0,0.0,0.5,7.5
rs1485316280,Ensembl VEP (dbSNP),rs1485316280,rs1485316280,,X,47227573.0,G,A,rs1485316280,ENST00000357227.9:c.1375+104G>A,,ENST00000357227,NP_006192.1,,,,,other,intron_variant,,,,,,,,,,,none,,,,,0.0,0.0,0.0,0.0,0.0,0.0,0.75,11.25
rs1485208219,Ensembl VEP (dbSNP),rs1485208219,rs1485208219,,X,47228996.0,G,-,rs1485208219,ENST00000357227.9:c.*228del,,ENST00000357227,NP_006192.1,,,,,other,3_prime_UTR_variant,,,,,,,,,,,none,,,,,0.0,0.0,0.0,0.0,0.0,0.0,0.75,11.25
rs1485194320,Ensembl VEP (dbSNP),rs1485194320,rs1485194320,,X,47216546.0,C,T,rs1485194320,,,ENST00000335972,NP_006192.1,,,,,other,downstream_gene_variant,,,,,,,,,,,none,,,,,0.0,0.0,0.0,0.0,0.0,0.0,0.5,7.5
rs1484652030,Ensembl VEP (dbSNP),rs1484652030,rs1484652030,,X,47223983.0,GA,-,rs1484652030,ENST00000357227.9:c.202+224_202+225del,,ENST00000357227,NP_006192.1,,,,,other,intron_variant,,,,,,,,,,,none,,,,,0.0,0.0,0.0,0.0,0.0,0.0,0.75,11.25
rs1484516974,Ensembl VEP (dbSNP),rs1484516974,rs1484516974,,X,47219753.0,G,A,rs1484516974,,,ENST00000335972,NP_006192.1,,,,,other,downstream_gene_variant,,,,,,,,,,,none,,,,,0.0,0.0,0.0,0.0,0.0,0.0,0.5,7.5
rs1484145898,Ensembl VEP (dbSNP),rs1484145898,rs1484145898,,X,47223879.0,T,C,rs1484145898,ENST00000357227.9:c.202+120T>C,,ENST00000357227,NP_006192.1,,,,,other,intron_variant,,,,,,,,,,,none,,,,,0.0,0.0,0.0,0.0,0.0,0.0,0.75,11.25
rs1484023297,Ensembl VEP (dbSNP),rs1484023297,rs1484023297,,X,47220150.0,TA,-,rs1484023297,ENST00000357227.9:c.-7+1045_-7+1046del,,ENST00000357227,NP_006192.1,,,,,other,intron_variant,,,,,,,,,,,none,,,,,0.0,0.0,0.0,0.0,0.0,0.0,0.75,11.25
rs1483963754,Ensembl VEP (dbSNP),rs1483963754,rs1483963754,,X,47223705.0,C,T,rs1483963754,ENST00000357227.9:c.148C>T,ENSP00000349762.4:p.Arg50Cys,ENST00000357227,NP_006192.1,50.0,R,C,R50C,missense,missense_variant,,,,,,0.09,tolerated_low_confidence,0.176,benign,Disordered,none,1.0,2.0,0.1538,BENIGN,0.0,0.1538,1.0,0.25,0.3,0.0,1.0,39.06
rs1483900586,Ensembl VEP (dbSNP),rs1483900586,rs1483900586,,X,47225925.0,G,C,rs1483900586,ENST00000357227.9:c.730-40G>C,,ENST00000357227,NP_006192.1,,,,,other,intron_variant,,,,,,,,,,,none,,,,,0.0,0.0,0.0,0.0,0.0,0.0,0.75,11.25
rs1483836642,Ensembl VEP (dbSNP),rs1483836642,rs1483836642,,X,47224556.0,A,G,rs1483836642,ENST00000357227.9:c.336+38A>G,,ENST00000357227,NP_006192.1,,,,,other,intron_variant,,,,,,,,,,,none,,,,,0.0,0.0,0.0,0.0,0.0,0.0,0.75,11.25
rs1483695261,Ensembl VEP (dbSNP),rs1483695261,rs1483695261,,X,47219562.0,A,C,rs1483695261,,,ENST00000335972,NP_006192.1,,,,,other,downstream_gene_variant,,,,,,,,,,,none,,,,,0.0,0.0,0.0,0.0,0.0,0.0,0.5,7.5
rs1483562930,Ensembl VEP (dbSNP),rs1483562930,rs1483562930,,X,47218608.0,C,G,rs1483562930,,,ENST00000335972,NP_006192.1,,,,,other,downstream_gene_variant,,,,,,,,,,,none,,,,,0.0,0.0,0.0,0.0,0.0,0.0,0.5,7.5
rs1483465035,Ensembl VEP (dbSNP),rs1483465035,rs1483465035,,X,47229457.0,G,A,rs1483465035,ENST00000357227.9:c.*689G>A,,ENST00000357227,NP_006192.1,,,,,other,3_prime_UTR_variant,,,,,,,,,,,none,,,,,0.0,0.0,0.0,0.0,0.0,0.0,0.75,11.25
rs1483282497,Ensembl VEP (dbSNP),rs1483282497,rs1483282497,,X,47223602.0,C,A,rs1483282497,ENST00000357227.9:c.45C>A,ENSP00000349762.4:p.Leu15=,ENST00000357227,NP_006192.1,15.0,,,,synonymous,synonymous_variant,,,,,,,,,,Disordered,none,1.0,2.0,,,0.0,0.0,1.0,0.25,0.3,0.0,1.0,36.75
rs1483256437,Ensembl VEP (dbSNP),rs1483256437,rs1483256437,,X,47220723.0,G,C,rs1483256437,ENST00000357227.9:c.-7+1618G>C,,ENST00000357227,NP_006192.1,,,,,other,intron_variant,,,,,,,,,,,none,,,,,0.0,0.0,0.0,0.0,0.0,0.0,0.75,11.25
rs1483079987,Ensembl VEP (dbSNP),rs1483079987,rs1483079987,,X,47229946.0,C,T,rs1483079987,ENST00000357227.9:c.*1178C>T,,ENST00000357227,NP_006192.1,,,,,other,3_prime_UTR_variant,,,,,,,,,,,none,,,,,0.0,0.0,0.0,0.0,0.0,0.0,0.75,11.25
rs1482982628,Ensembl VEP (dbSNP),rs1482982628,rs1482982628,,X,47224761.0,C,T,rs1482982628,ENST00000357227.9:c.462+18C>T,,ENST00000357227,NP_006192.1,,,,,other,intron_variant,,,,,,,,,,,none,,,,,0.0,0.0,0.0,0.0,0.0,0.0,0.75,11.25
rs1482587729,Ensembl VEP (dbSNP),rs1482587729,rs1482587729,,X,47217352.0,T,C,rs1482587729,,,ENST00000335972,NP_006192.1,,,,,other,downstream_gene_variant,,,,,,,,,,,none,,,,,0.0,0.0,0.0,0.0,0.0,0.0,0.5,7.5
rs1482235509,Ensembl VEP (dbSNP),rs1482235509,rs1482235509,,X,47216528.0,T,A,rs1482235509,,,ENST00000335972,NP_006192.1,,,,,other,downstream_gene_variant,,,,,,,,,,,none,,,,,0.0,0.0,0.0,0.0,0.0,0.0,0.5,7.5
rs1481927958,Ensembl VEP (dbSNP),rs1481927958,rs1481927958,,X,47217913.0,G,A,rs1481927958,,,ENST00000335972,NP_006192.1,,,,,other,downstream_gene_variant,,,,,,,,,,,none,,,,,0.0,0.0,0.0,0.0,0.0,0.0,0.5,7.5
rs1480878186,Ensembl VEP (dbSNP),rs1480878186,rs1480878186,,X,47220101.0,G,A,rs1480878186,,,ENST00000335972,NP_006192.1,,,,,other,downstream_gene_variant,,,,,,,,,,,none,,,,,0.0,0.0,0.0,0.0,0.0,0.0,0.5,7.5
rs1480278482,Ensembl VEP (dbSNP),rs1480278482,rs1480278482,,X,47220954.0,G,A,rs1480278482,ENST00000357227.9:c.-7+1849G>A,,ENST00000357227,NP_006192.1,,,,,other,intron_variant,,,,,,,,,,,none,,,,,0.0,0.0,0.0,0.0,0.0,0.0,0.75,11.25
rs1479701358,Ensembl VEP (dbSNP),rs1479701358,rs1479701358,,X,47229453.0,C,G,rs1479701358,ENST00000357227.9:c.*685C>G,,ENST00000357227,NP_006192.1,,,,,other,3_prime_UTR_variant,,,,,,,,,,,none,,,,,0.0,0.0,0.0,0.0,0.0,0.0,0.75,11.25
rs1479682459,Ensembl VEP (dbSNP),rs1479682459,rs1479682459,,X,47224018.0,C,T,rs1479682459,ENST00000357227.9:c.202+259C>T,,ENST00000357227,NP_006192.1,,,,,other,intron_variant,,,,,,,,,,,none,,,,,0.0,0.0,0.0,0.0,0.0,0.0,0.75,11.25
rs1479671409,Ensembl VEP (dbSNP),rs1479671409,rs1479671409,,X,47221921.0,G,A,rs1479671409,ENST00000357227.9:c.-6-1631G>A,,ENST00000357227,NP_006192.1,,,,,other,intron_variant,,,,,,,,,,,none,,,,,0.0,0.0,0.0,0.0,0.0,0.0,0.75,11.25
rs1478835160,Ensembl VEP (dbSNP),rs1478835160,rs1478835160,,X,47219434.0,G,T,rs1478835160,,,ENST00000335972,NP_006192.1,,,,,other,downstream_gene_variant,,,,,,,,,,,none,,,,,0.0,0.0,0.0,0.0,0.0,0.0,0.5,7.5
rs1478804136,Ensembl VEP (dbSNP),rs1478804136,rs1478804136,,X,47220814.0,A,G,rs1478804136,ENST00000357227.9:c.-7+1709A>G,,ENST00000357227,NP_006192.1,,,,,other,intron_variant,,,,,,,,,,,none,,,,,0.0,0.0,0.0,0.0,0.0,0.0,0.75,11.25
rs1478396966,Ensembl VEP (dbSNP),rs1478396966,rs1478396966,,X,47217879.0,T,C,rs1478396966,,,ENST00000335972,NP_006192.1,,,,,other,downstream_gene_variant,,,,,,,,,,,none,,,,,0.0,0.0,0.0,0.0,0.0,0.0,0.5,7.5
rs1478368289,Ensembl VEP (dbSNP),rs1478368289,rs1478368289,,X,47219004.0,G,C,rs1478368289,,,ENST00000335972,NP_006192.1,,,,,other,downstream_gene_variant,,,,,,,,,,,none,,,,,0.0,0.0,0.0,0.0,0.0,0.0,0.5,7.5
rs1478305659,Ensembl VEP (dbSNP),rs1478305659,rs1478305659,,X,47228862.0,C,T,rs1478305659,ENST00000357227.9:c.*94C>T,,ENST00000357227,NP_006192.1,,,,,other,3_prime_UTR_variant,,,,,,,,,,,none,,,,,0.0,0.0,0.0,0.0,0.0,0.0,0.75,11.25
rs1477440074,Ensembl VEP (dbSNP),rs1477440074,rs1477440074,,X,47224174.0,C,T,rs1477440074,ENST00000357227.9:c.203-211C>T,,ENST00000357227,NP_006192.1,,,,,other,intron_variant,,,,,,,,,,,none,,,,,0.0,0.0,0.0,0.0,0.0,0.0,0.75,11.25
rs1477111343,Ensembl VEP (dbSNP),rs1477111343,rs1477111343,,X,47223531.0,C,A,rs1477111343,ENST00000357227.9:c.-6-21C>A,,ENST00000357227,NP_006192.1,,,,,other,intron_variant,,,,,,,,,,,none,,,,,0.0,0.0,0.0,0.0,0.0,0.0,0.75,11.25
rs1476792878,Ensembl VEP (dbSNP),rs1476792878,rs1476792878,,X,47229229.0,T,A,rs1476792878,ENST00000357227.9:c.*461T>A,,ENST00000357227,NP_006192.1,,,,,other,3_prime_UTR_variant,,,,,,,,,,,none,,,,,0.0,0.0,0.0,0.0,0.0,0.0,0.75,11.25
rs1476525376,Ensembl VEP (dbSNP),rs1476525376,rs1476525376,,X,47228541.0,C,T,rs1476525376,ENST00000357227.9:c.1376-26C>T,,ENST00000357227,NP_006192.1,,,,,other,intron_variant,,,,,,,,,,,none,,,,,0.0,0.0,0.0,0.0,0.0,0.0,0.75,11.25
rs1476471486,Ensembl VEP (dbSNP),rs1476471486,rs1476471486,,X,47226902.0,T,C,rs1476471486,ENST00000357227.9:c.1128T>C,ENSP00000349762.4:p.Arg376=,ENST00000357227,NP_006192.1,376.0,,,,synonymous,synonymous_variant,,,,,,,,,,Protein kinase,none,1.0,2.0,,,0.0,0.0,1.0,0.25,0.6,0.0,1.0,39.75
rs1476401171,Ensembl VEP (dbSNP),rs1476401171,rs1476401171,,X,47217317.0,G,T,rs1476401171,,,ENST00000335972,NP_006192.1,,,,,other,downstream_gene_variant,,,,,,,,,,,none,,,,,0.0,0.0,0.0,0.0,0.0,0.0,0.5,7.5
rs1475615783,Ensembl VEP (dbSNP),rs1475615783,rs1475615783,,X,47228396.0,T,G,rs1475615783,ENST00000357227.9:c.1376-171T>G,,ENST00000357227,NP_006192.1,,,,,other,intron_variant,,,,,,,,,,,none,,,,,0.0,0.0,0.0,0.0,0.0,0.0,0.75,11.25
rs1475603846,Ensembl VEP (dbSNP),rs1475603846,rs1475603846,,X,47216813.0,C,T,rs1475603846,,,ENST00000335972,NP_006192.1,,,,,other,downstream_gene_variant,,,,,,,,,,,none,,,,,0.0,0.0,0.0,0.0,0.0,0.0,0.5,7.5
rs1475564659,Ensembl VEP (dbSNP),rs1475564659,rs1475564659,,X,47220629.0,G,A,rs1475564659,ENST00000357227.9:c.-7+1524G>A,,ENST00000357227,NP_006192.1,,,,,other,intron_variant,,,,,,,,,,,none,,,,,0.0,0.0,0.0,0.0,0.0,0.0,0.75,11.25
rs1475272310,Ensembl VEP (dbSNP),rs1475272310,rs1475272310,,X,47221507.0,T,A,rs1475272310,ENST00000357227.9:c.-6-2045T>A,,ENST00000357227,NP_006192.1,,,,,other,intron_variant,,,,,,,,,,,none,,,,,0.0,0.0,0.0,0.0,0.0,0.0,0.75,11.25
rs1474280964,Ensembl VEP (dbSNP),rs1474280964,rs1474280964,,X,47228726.0,C,A,rs1474280964,ENST00000357227.9:c.1454-5C>A,,ENST00000357227,NP_006192.1,,,,,splice,splice_region_variant;splice_polypyrimidine_tract_variant;intron_variant,,,,,,,,,,,none,,,,,0.0,0.0,0.0,0.0,0.0,0.0,0.75,11.25
rs1474161021,Ensembl VEP (dbSNP),rs1474161021,rs1474161021,,X,47223065.0,C,T,rs1474161021,ENST00000357227.9:c.-6-487C>T,,ENST00000357227,NP_006192.1,,,,,other,intron_variant,,,,,,,,,,,none,,,,,0.0,0.0,0.0,0.0,0.0,0.0,0.75,11.25
rs1474155372,Ensembl VEP (dbSNP),rs1474155372,rs1474155372,,X,47225748.0,G,T,rs1474155372,ENST00000357227.9:c.635-24G>T,,ENST00000357227,NP_006192.1,,,,,other,intron_variant,,,,,,,,,,,none,,,,,0.0,0.0,0.0,0.0,0.0,0.0,0.75,11.25
rs1474053905,Ensembl VEP (dbSNP),rs1474053905,rs1474053905,,X,47227382.0,G,A,rs1474053905,ENST00000357227.9:c.1288G>A,ENSP00000349762.4:p.Glu430Lys,ENST00000357227,NP_006192.1,430.0,E,K,E430K,missense,missense_variant,,,,,,0.01,deleterious_low_confidence,0.533,possibly_damaging,Protein kinase,none,1.0,2.0,0.5392,AMBIGUOUS,0.0,0.5392,1.0,0.25,0.6,0.0,1.0,47.84
rs1473740200,Ensembl VEP (dbSNP),rs1473740200,rs1473740200,,X,47225597.0,C,T,rs1473740200,ENST00000357227.9:c.635-175C>T,,ENST00000357227,NP_006192.1,,,,,other,intron_variant,,,,,,,,,,,none,,,,,0.0,0.0,0.0,0.0,0.0,0.0,0.75,11.25
rs1473412492,Ensembl VEP (dbSNP),rs1473412492,rs1473412492,,X,47220272.0,G,T,rs1473412492,ENST00000357227.9:c.-7+1167G>T,,ENST00000357227,NP_006192.1,,,,,other,intron_variant,,,,,,,,,,,none,,,,,0.0,0.0,0.0,0.0,0.0,0.0,0.75,11.25
rs1473131015,Ensembl VEP (dbSNP),rs1473131015,rs1473131015,,X,47218664.0,G,A,rs1473131015,,,ENST00000335972,NP_006192.1,,,,,other,downstream_gene_variant,,,,,,,,,,,none,,,,,0.0,0.0,0.0,0.0,0.0,0.0,0.5,7.5
rs1472802757,Ensembl VEP (dbSNP),rs1472802757,rs1472802757,,X,47220460.0,G,A,rs1472802757,ENST00000357227.9:c.-7+1355G>A,,ENST00000357227,NP_006192.1,,,,,other,intron_variant,,,,,,,,,,,none,,,,,0.0,0.0,0.0,0.0,0.0,0.0,0.75,11.25
rs1472447555,Ensembl VEP (dbSNP),rs1472447555,rs1472447555,,X,47219271.0,C,T,rs1472447555,,,ENST00000335972,NP_006192.1,,,,,other,downstream_gene_variant,,,,,,,,,,,none,,,,,0.0,0.0,0.0,0.0,0.0,0.0,0.5,7.5
rs1472340046,Ensembl VEP (dbSNP),rs1472340046,rs1472340046,,X,47229517.0,CA,-,rs1472340046,ENST00000357227.9:c.*749_*750del,,ENST00000357227,NP_006192.1,,,,,other,3_prime_UTR_variant,,,,,,,,,,,none,,,,,0.0,0.0,0.0,0.0,0.0,0.0,0.75,11.25
rs1472098749,Ensembl VEP (dbSNP),rs1472098749,rs1472098749,,X,47226244.0,T,A,rs1472098749,ENST00000357227.9:c.793-35T>A,,ENST00000357227,NP_006192.1,,,,,other,intron_variant,,,,,,,,,,,none,,,,,0.0,0.0,0.0,0.0,0.0,0.0,0.75,11.25
rs1471963785,Ensembl VEP (dbSNP),rs1471963785,rs1471963785,,X,47217301.0,A,C,rs1471963785,,,ENST00000335972,NP_006192.1,,,,,other,downstream_gene_variant,,,,,,,,,,,none,,,,,0.0,0.0,0.0,0.0,0.0,0.0,0.5,7.5
rs1471771492,Ensembl VEP (dbSNP),rs1471771492,rs1471771492,,X,47225831.0,A,G,rs1471771492,ENST00000357227.9:c.694A>G,ENSP00000349762.4:p.Thr232Ala,ENST00000357227,NP_006192.1,232.0,T,A,T232A,missense,missense_variant,,,,,,0.0,deleterious_low_confidence,0.726,possibly_damaging,Protein kinase,none,1.0,2.0,0.931,PATHOGENIC,0.0,0.931,1.0,0.25,0.6,0.0,1.0,53.71
rs1471638849,Ensembl VEP (dbSNP),rs1471638849,rs1471638849,,X,47216679.0,C,G,rs1471638849,,,ENST00000335972,NP_006192.1,,,,,other,downstream_gene_variant,,,,,,,,,,,none,,,,,0.0,0.0,0.0,0.0,0.0,0.0,0.5,7.5
rs1471204379,Ensembl VEP (dbSNP),rs1471204379,rs1471204379,,X,47216496.0,G,A,rs1471204379,,,ENST00000335972,NP_006192.1,,,,,other,downstream_gene_variant,,,,,,,,,,,none,,,,,0.0,0.0,0.0,0.0,0.0,0.0,0.5,7.5
rs1471132462,Ensembl VEP (dbSNP),rs1471132462,rs1471132462,,X,47221856.0,G,A,rs1471132462,ENST00000357227.9:c.-6-1696G>A,,ENST00000357227,NP_006192.1,,,,,other,intron_variant,,,,,,,,,,,none,,,,,0.0,0.0,0.0,0.0,0.0,0.0,0.75,11.25
rs1470911510,Ensembl VEP (dbSNP),rs1470911510,rs1470911510,,X,47225556.0,CTC,-,rs1470911510,ENST00000357227.9:c.635-216_635-214del,,ENST00000357227,NP_006192.1,,,,,other,intron_variant,,,,,,,,,,,none,,,,,0.0,0.0,0.0,0.0,0.0,0.0,0.75,11.25
rs1470893493,Ensembl VEP (dbSNP),rs1470893493,rs1470893493,,X,47222972.0,G,A,rs1470893493,ENST00000357227.9:c.-6-580G>A,,ENST00000357227,NP_006192.1,,,,,other,intron_variant,,,,,,,,,,,none,,,,,0.0,0.0,0.0,0.0,0.0,0.0,0.75,11.25
rs1470781303,Ensembl VEP (dbSNP),rs1470781303,rs1470781303,,X,47220924.0,A,G,rs1470781303,ENST00000357227.9:c.-7+1819A>G,,ENST00000357227,NP_006192.1,,,,,other,intron_variant,,,,,,,,,,,none,,,,,0.0,0.0,0.0,0.0,0.0,0.0,0.75,11.25
rs1470447527,Ensembl VEP (dbSNP),rs1470447527,rs1470447527,,X,47220250.0,G,C,rs1470447527,ENST00000357227.9:c.-7+1145G>C,,ENST00000357227,NP_006192.1,,,,,other,intron_variant,,,,,,,,,,,none,,,,,0.0,0.0,0.0,0.0,0.0,0.0,0.75,11.25
rs1470221384,Ensembl VEP (dbSNP),rs1470221384,rs1470221384,,X,47226371.0,C,T,rs1470221384,ENST00000357227.9:c.885C>T,ENSP00000349762.4:p.Asn295=,ENST00000357227,NP_006192.1,295.0,,,,synonymous,synonymous_variant,,,,,,,,,,Protein kinase,none,1.0,2.0,,,0.0,0.0,1.0,0.25,0.6,0.0,1.0,39.75
rs1469956154,Ensembl VEP (dbSNP),rs1469956154,rs1469956154,,X,47229008.0,CT,-,rs1469956154,ENST00000357227.9:c.*240_*241del,,ENST00000357227,NP_006192.1,,,,,other,3_prime_UTR_variant,,,,,,,,,,,none,,,,,0.0,0.0,0.0,0.0,0.0,0.0,0.75,11.25
rs1469436533,Ensembl VEP (dbSNP),rs1469436533,rs1469436533,,X,47226700.0,T,C,rs1469436533,ENST00000357227.9:c.1034T>C,ENSP00000349762.4:p.Met345Thr,ENST00000357227,NP_006192.1,345.0,M,T,M345T,missense,missense_variant,,,,,,0.0,deleterious_low_confidence,0.998,probably_damaging,Protein kinase,none,1.0,2.0,0.823,PATHOGENIC,0.0,0.823,1.0,0.25,0.6,0.0,1.0,52.09
rs1469432460,Ensembl VEP (dbSNP),rs1469432460,rs1469432460,,X,47216844.0,C,A,rs1469432460,,,ENST00000335972,NP_006192.1,,,,,other,downstream_gene_variant,,,,,,,,,,,none,,,,,0.0,0.0,0.0,0.0,0.0,0.0,0.5,7.5
rs1469414441,Ensembl VEP (dbSNP),rs1469414441,rs1469414441,,X,47222987.0,A,G,rs1469414441,ENST00000357227.9:c.-6-565A>G,,ENST00000357227,NP_006192.1,,,,,other,intron_variant,,,,,,,,,,,none,,,,,0.0,0.0,0.0,0.0,0.0,0.0,0.75,11.25
rs1469389171,Ensembl VEP (dbSNP),rs1469389171,rs1469389171,,X,47218371.0,A,G,rs1469389171,,,ENST00000335972,NP_006192.1,,,,,other,downstream_gene_variant,,,,,,,,,,,none,,,,,0.0,0.0,0.0,0.0,0.0,0.0,0.5,7.5
rs1469378283,Ensembl VEP (dbSNP),rs1469378283,rs1469378283,,X,47223527.0,-,C,rs1469378283,ENST00000357227.9:c.-6-26dup,,ENST00000357227,NP_006192.1,,,,,other,intron_variant,,,,,,,,,,,none,,,,,0.0,0.0,0.0,0.0,0.0,0.0,0.75,11.25
rs1468658307,Ensembl VEP (dbSNP),rs1468658307,rs1468658307,,X,47221547.0,C,-,rs1468658307,ENST00000357227.9:c.-6-2005del,,ENST00000357227,NP_006192.1,,,,,other,intron_variant,,,,,,,,,,,none,,,,,0.0,0.0,0.0,0.0,0.0,0.0,0.75,11.25
rs1468604361,Ensembl VEP (dbSNP),rs1468604361,rs1468604361,,X,47226046.0,G,T,rs1468604361,ENST00000357227.9:c.792+19G>T,,ENST00000357227,NP_006192.1,,,,,other,intron_variant,,,,,,,,,,,none,,,,,0.0,0.0,0.0,0.0,0.0,0.0,0.75,11.25
rs1468377446,Ensembl VEP (dbSNP),rs1468377446,rs1468377446,,X,47219144.0,C,T,rs1468377446,,,ENST00000335972,NP_006192.1,,,,,other,downstream_gene_variant,,,,,,,,,,,none,,,,,0.0,0.0,0.0,0.0,0.0,0.0,0.5,7.5
rs1467897588,Ensembl VEP (dbSNP),rs1467897588,rs1467897588,,X,47227087.0,G,A,rs1467897588,ENST00000357227.9:c.1229G>A,ENSP00000349762.4:p.Ser410Asn,ENST00000357227,NP_006192.1,410.0,S,N,S410N,missense,missense_variant,,,,,,1.0,tolerated_low_confidence,0.0,benign,Protein kinase,none,1.0,2.0,0.0882,BENIGN,0.0,0.0882,1.0,0.25,0.6,0.0,1.0,41.07
rs1467582984,Ensembl VEP (dbSNP),rs1467582984,rs1467582984,,X,47218657.0,A,C,rs1467582984,,,ENST00000335972,NP_006192.1,,,,,other,downstream_gene_variant,,,,,,,,,,,none,,,,,0.0,0.0,0.0,0.0,0.0,0.0,0.5,7.5
rs1467282415,Ensembl VEP (dbSNP),rs1467282415,rs1467282415,,X,47229905.0,C,T,rs1467282415,ENST00000357227.9:c.*1137C>T,,ENST00000357227,NP_006192.1,,,,,other,3_prime_UTR_variant,,,,,,,,,,,none,,,,,0.0,0.0,0.0,0.0,0.0,0.0,0.75,11.25
rs1466330751,Ensembl VEP (dbSNP),rs1466330751,rs1466330751,,X,47224444.0,A,G,rs1466330751,ENST00000357227.9:c.262A>G,ENSP00000349762.4:p.Thr88Ala,ENST00000357227,NP_006192.1,88.0,T,A,T88A,missense,missense_variant,,,,,,0.03,deleterious_low_confidence,0.009,benign,Disordered,none,1.0,2.0,0.3165,BENIGN,0.0,0.3165,1.0,0.25,0.3,0.0,1.0,41.5
rs1466267475,Ensembl VEP (dbSNP),rs1466267475,rs1466267475,,X,47229354.0,G,A,rs1466267475,ENST00000357227.9:c.*586G>A,,ENST00000357227,NP_006192.1,,,,,other,3_prime_UTR_variant,,,,,,,,,,,none,,,,,0.0,0.0,0.0,0.0,0.0,0.0,0.75,11.25
rs1466065062,Ensembl VEP (dbSNP),rs1466065062,rs1466065062,,X,47229563.0,C,T,rs1466065062,ENST00000357227.9:c.*795C>T,,ENST00000357227,NP_006192.1,,,,,other,3_prime_UTR_variant,,,,,,,,,,,none,,,,,0.0,0.0,0.0,0.0,0.0,0.0,0.75,11.25
rs1465816270,Ensembl VEP (dbSNP),rs1465816270,rs1465816270,,X,47223667.0,G,A,rs1465816270,ENST00000357227.9:c.110G>A,ENSP00000349762.4:p.Gly37Asp,ENST00000357227,NP_006192.1,37.0,G,D,G37D,missense,missense_variant,,,,,,0.03,deleterious_low_confidence,0.96,probably_damaging,Disordered,none,1.0,2.0,0.1246,BENIGN,0.0,0.1246,1.0,0.25,0.3,0.0,1.0,38.62
rs1465708003,Ensembl VEP (dbSNP),rs1465708003,rs1465708003,,X,47230287.0,T,C,rs1465708003,,,ENST00000357227,NP_006192.1,,,,,other,downstream_gene_variant,,,,,,,,,,,none,,,,,0.0,0.0,0.0,0.0,0.0,0.0,0.5,7.5
rs1465582725,Ensembl VEP (dbSNP),rs1465582725,rs1465582725,,X,47225842.0,C,T,rs1465582725,ENST00000357227.9:c.705C>T,ENSP00000349762.4:p.Ser235=,ENST00000357227,NP_006192.1,235.0,,,,synonymous,synonymous_variant,,,,,,,,,,Protein kinase,none,1.0,2.0,,,0.0,0.0,1.0,0.25,0.6,0.0,1.0,39.75
rs1465410475,Ensembl VEP (dbSNP),rs1465410475,rs1465410475,,X,47221449.0,C,T,rs1465410475,ENST00000357227.9:c.-6-2103C>T,,ENST00000357227,NP_006192.1,,,,,other,intron_variant,,,,,,,,,,,none,,,,,0.0,0.0,0.0,0.0,0.0,0.0,0.75,11.25
rs1465298314,Ensembl VEP (dbSNP),rs1465298314,rs1465298314,,X,47223038.0,T,G,rs1465298314,ENST00000357227.9:c.-6-514T>G,,ENST00000357227,NP_006192.1,,,,,other,intron_variant,,,,,,,,,,,none,,,,,0.0,0.0,0.0,0.0,0.0,0.0,0.75,11.25
rs1465253055,Ensembl VEP (dbSNP),rs1465253055,rs1465253055,,X,47226075.0,C,A,rs1465253055,ENST00000357227.9:c.792+48C>A,,ENST00000357227,NP_006192.1,,,,,other,intron_variant,,,,,,,,,,,none,,,,,0.0,0.0,0.0,0.0,0.0,0.0,0.75,11.25
rs1465065778,Ensembl VEP (dbSNP),rs1465065778,rs1465065778,,X,47224310.0,AT,-,rs1465065778,ENST00000357227.9:c.203-75_203-74del,,ENST00000357227,NP_006192.1,,,,,other,intron_variant,,,,,,,,,,,none,,,,,0.0,0.0,0.0,0.0,0.0,0.0,0.75,11.25
rs1464964674,Ensembl VEP (dbSNP),rs1464964674,rs1464964674,,X,47218208.0,T,G,rs1464964674,,,ENST00000335972,NP_006192.1,,,,,other,downstream_gene_variant,,,,,,,,,,,none,,,,,0.0,0.0,0.0,0.0,0.0,0.0,0.5,7.5
rs1464922533,Ensembl VEP (dbSNP),rs1464922533,rs1464922533,,X,47219291.0,G,A,rs1464922533,,,ENST00000335972,NP_006192.1,,,,,other,downstream_gene_variant,,,,,,,,,,,none,,,,,0.0,0.0,0.0,0.0,0.0,0.0,0.5,7.5
rs1464889781,Ensembl VEP (dbSNP),rs1464889781,rs1464889781,,X,47228196.0,A,C,rs1464889781,ENST00000357227.9:c.1376-371A>C,,ENST00000357227,NP_006192.1,,,,,other,intron_variant,,,,,,,,,,,none,,,,,0.0,0.0,0.0,0.0,0.0,0.0,0.75,11.25
rs1464682197,Ensembl VEP (dbSNP),rs1464682197,rs1464682197,,X,47228493.0,C,-,rs1464682197,ENST00000357227.9:c.1376-74del,,ENST00000357227,NP_006192.1,,,,,other,intron_variant,,,,,,,,,,,none,,,,,0.0,0.0,0.0,0.0,0.0,0.0,0.75,11.25
rs1464469457,Ensembl VEP (dbSNP),rs1464469457,rs1464469457,,X,47218785.0,T,C,rs1464469457,,,ENST00000335972,NP_006192.1,,,,,other,downstream_gene_variant,,,,,,,,,,,none,,,,,0.0,0.0,0.0,0.0,0.0,0.0,0.5,7.5
rs1464211955,Ensembl VEP (dbSNP),rs1464211955,rs1464211955,,X,47224373.0,C,T,rs1464211955,ENST00000357227.9:c.203-12C>T,,ENST00000357227,NP_006192.1,,,,,splice,splice_polypyrimidine_tract_variant;intron_variant,,,,,,,,,,,none,,,,,0.0,0.0,0.0,0.0,0.0,0.0,0.75,11.25
rs1463186302,Ensembl VEP (dbSNP),rs1463186302,rs1463186302,,X,47225059.0,A,G,rs1463186302,ENST00000357227.9:c.591A>G,ENSP00000349762.4:p.Arg197=,ENST00000357227,NP_006192.1,197.0,,,,synonymous,synonymous_variant,,,,,,,,,,Protein kinase,none,1.0,2.0,,,0.0,0.0,1.0,0.25,0.6,0.0,1.0,39.75
rs1463095010,Ensembl VEP (dbSNP),rs1463095010,rs1463095010,,X,47226763.0,C,T,rs1463095010,ENST00000357227.9:c.1038-49C>T,,ENST00000357227,NP_006192.1,,,,,other,intron_variant,,,,,,,,,,,none,,,,,0.0,0.0,0.0,0.0,0.0,0.0,0.75,11.25
rs1463046351,Ensembl VEP (dbSNP),rs1463046351,rs1463046351,,X,47228888.0,G,A,rs1463046351,ENST00000357227.9:c.*120G>A,,ENST00000357227,NP_006192.1,,,,,other,3_prime_UTR_variant,,,,,,,,,,,none,,,,,0.0,0.0,0.0,0.0,0.0,0.0,0.75,11.25
rs1462968027,Ensembl VEP (dbSNP),rs1462968027,rs1462968027,,X,47228133.0,G,T,rs1462968027,ENST00000357227.9:c.1376-434G>T,,ENST00000357227,NP_006192.1,,,,,other,intron_variant,,,,,,,,,,,none,,,,,0.0,0.0,0.0,0.0,0.0,0.0,0.75,11.25
rs1461822619,Ensembl VEP (dbSNP),rs1461822619,rs1461822619,,X,47216392.0,A,G,rs1461822619,,,ENST00000335972,NP_006192.1,,,,,other,downstream_gene_variant,,,,,,,,,,,none,,,,,0.0,0.0,0.0,0.0,0.0,0.0,0.5,7.5
rs1461720275,Ensembl VEP (dbSNP),rs1461720275,rs1461720275,,X,47221640.0,T,C,rs1461720275,ENST00000357227.9:c.-6-1912T>C,,ENST00000357227,NP_006192.1,,,,,other,intron_variant,,,,,,,,,,,none,,,,,0.0,0.0,0.0,0.0,0.0,0.0,0.75,11.25
rs1461705139,Ensembl VEP (dbSNP),rs1461705139,rs1461705139,,X,47217437.0,C,G,rs1461705139,,,ENST00000335972,NP_006192.1,,,,,other,downstream_gene_variant,,,,,,,,,,,none,,,,,0.0,0.0,0.0,0.0,0.0,0.0,0.5,7.5
rs1461596014,Ensembl VEP (dbSNP),rs1461596014,rs1461596014,,X,47229330.0,G,A,rs1461596014,ENST00000357227.9:c.*562G>A,,ENST00000357227,NP_006192.1,,,,,other,3_prime_UTR_variant,,,,,,,,,,,none,,,,,0.0,0.0,0.0,0.0,0.0,0.0,0.75,11.25
rs1461506567,Ensembl VEP (dbSNP),rs1461506567,rs1461506567,,X,47220084.0,G,C,rs1461506567,,,ENST00000335972,NP_006192.1,,,,,other,downstream_gene_variant,,,,,,,,,,,none,,,,,0.0,0.0,0.0,0.0,0.0,0.0,0.5,7.5
rs1461490039,Ensembl VEP (dbSNP),rs1461490039,rs1461490039,,X,47217672.0,T,C,rs1461490039,,,ENST00000335972,NP_006192.1,,,,,other,downstream_gene_variant,,,,,,,,,,,none,,,,,0.0,0.0,0.0,0.0,0.0,0.0,0.5,7.5
rs1460617507,Ensembl VEP (dbSNP),rs1460617507,rs1460617507,,X,47220306.0,G,A,rs1460617507,ENST00000357227.9:c.-7+1201G>A,,ENST00000357227,NP_006192.1,,,,,other,intron_variant,,,,,,,,,,,none,,,,,0.0,0.0,0.0,0.0,0.0,0.0,0.75,11.25
rs1460566738,Ensembl VEP (dbSNP),rs1460566738,rs1460566738,,X,47225197.0,C,T,rs1460566738,ENST00000357227.9:c.634+95C>T,,ENST00000357227,NP_006192.1,,,,,other,intron_variant,,,,,,,,,,,none,,,,,0.0,0.0,0.0,0.0,0.0,0.0,0.75,11.25
rs1460519463,Ensembl VEP (dbSNP),rs1460519463,rs1460519463,,X,47223310.0,A,G,rs1460519463,ENST00000357227.9:c.-6-242A>G,,ENST00000357227,NP_006192.1,,,,,other,intron_variant,,,,,,,,,,,none,,,,,0.0,0.0,0.0,0.0,0.0,0.0,0.75,11.25
rs1460492574,Ensembl VEP (dbSNP),rs1460492574,rs1460492574,,X,47222957.0,-,C,rs1460492574,ENST00000357227.9:c.-6-596dup,,ENST00000357227,NP_006192.1,,,,,other,intron_variant,,,,,,,,,,,none,,,,,0.0,0.0,0.0,0.0,0.0,0.0,0.75,11.25
rs1460364073,Ensembl VEP (dbSNP),rs1460364073,rs1460364073,,X,47218727.0,C,T,rs1460364073,,,ENST00000335972,NP_006192.1,,,,,other,downstream_gene_variant,,,,,,,,,,,none,,,,,0.0,0.0,0.0,0.0,0.0,0.0,0.5,7.5
rs1459984567,Ensembl VEP (dbSNP),rs1459984567,rs1459984567,,X,47219873.0,G,A,rs1459984567,,,ENST00000335972,NP_006192.1,,,,,other,downstream_gene_variant,,,,,,,,,,,none,,,,,0.0,0.0,0.0,0.0,0.0,0.0,0.5,7.5
rs1459809736,Ensembl VEP (dbSNP),rs1459809736,rs1459809736,,X,47225960.0,C,T,rs1459809736,ENST00000357227.9:c.730-5C>T,,ENST00000357227,NP_006192.1,,,,,splice,splice_region_variant;splice_polypyrimidine_tract_variant;intron_variant,,,,,,,,,,,none,,,,,0.0,0.0,0.0,0.0,0.0,0.0,0.75,11.25
rs1459783397,Ensembl VEP (dbSNP),rs1459783397,rs1459783397,,X,47218771.0,C,A,rs1459783397,,,ENST00000335972,NP_006192.1,,,,,other,downstream_gene_variant,,,,,,,,,,,none,,,,,0.0,0.0,0.0,0.0,0.0,0.0,0.5,7.5
rs1459662339,Ensembl VEP (dbSNP),rs1459662339,rs1459662339,,X,47224126.0,C,T,rs1459662339,ENST00000357227.9:c.203-259C>T,,ENST00000357227,NP_006192.1,,,,,other,intron_variant,,,,,,,,,,,none,,,,,0.0,0.0,0.0,0.0,0.0,0.0,0.75,11.25
rs1459606241,Ensembl VEP (dbSNP),rs1459606241,rs1459606241,,X,47220492.0,G,A,rs1459606241,ENST00000357227.9:c.-7+1387G>A,,ENST00000357227,NP_006192.1,,,,,other,intron_variant,,,,,,,,,,,none,,,,,0.0,0.0,0.0,0.0,0.0,0.0,0.75,11.25
rs1459010945,Ensembl VEP (dbSNP),rs1459010945,rs1459010945,,X,47220402.0,C,T,rs1459010945,ENST00000357227.9:c.-7+1297C>T,,ENST00000357227,NP_006192.1,,,,,other,intron_variant,,,,,,,,,,,none,,,,,0.0,0.0,0.0,0.0,0.0,0.0,0.75,11.25
rs1458891943,Ensembl VEP (dbSNP),rs1458891943,rs1458891943,,X,47218126.0,G,A,rs1458891943,,,ENST00000335972,NP_006192.1,,,,,other,downstream_gene_variant,,,,,,,,,,,none,,,,,0.0,0.0,0.0,0.0,0.0,0.0,0.5,7.5
rs1458239302,Ensembl VEP (dbSNP),rs1458239302,rs1458239302,,X,47223183.0,A,T,rs1458239302,ENST00000357227.9:c.-6-369A>T,,ENST00000357227,NP_006192.1,,,,,other,intron_variant,,,,,,,,,,,none,,,,,0.0,0.0,0.0,0.0,0.0,0.0,0.75,11.25
rs1458098301,Ensembl VEP (dbSNP),rs1458098301,rs1458098301,,X,47225443.0,C,A,rs1458098301,ENST00000357227.9:c.635-329C>A,,ENST00000357227,NP_006192.1,,,,,other,intron_variant,,,,,,,,,,,none,,,,,0.0,0.0,0.0,0.0,0.0,0.0,0.75,11.25
rs1456718080,Ensembl VEP (dbSNP),rs1456718080,rs1456718080,,X,47217709.0,TG,-,rs1456718080,,,ENST00000335972,NP_006192.1,,,,,other,downstream_gene_variant,,,,,,,,,,,none,,,,,0.0,0.0,0.0,0.0,0.0,0.0,0.5,7.5
rs1456545138,Ensembl VEP (dbSNP),rs1456545138,rs1456545138,,X,47228305.0,C,T,rs1456545138,ENST00000357227.9:c.1376-262C>T,,ENST00000357227,NP_006192.1,,,,,other,intron_variant,,,,,,,,,,,none,,,,,0.0,0.0,0.0,0.0,0.0,0.0,0.75,11.25
rs1456400660,Ensembl VEP (dbSNP),rs1456400660,rs1456400660,,X,47221467.0,C,A,rs1456400660,ENST00000357227.9:c.-6-2085C>A,,ENST00000357227,NP_006192.1,,,,,other,intron_variant,,,,,,,,,,,none,,,,,0.0,0.0,0.0,0.0,0.0,0.0,0.75,11.25
rs1456274007,Ensembl VEP (dbSNP),rs1456274007,rs1456274007,,X,47217424.0,T,A,rs1456274007,,,ENST00000335972,NP_006192.1,,,,,other,downstream_gene_variant,,,,,,,,,,,none,,,,,0.0,0.0,0.0,0.0,0.0,0.0,0.5,7.5
rs1456192782,Ensembl VEP (dbSNP),rs1456192782,rs1456192782,,X,47221704.0,A,G,rs1456192782,ENST00000357227.9:c.-6-1848A>G,,ENST00000357227,NP_006192.1,,,,,other,intron_variant,,,,,,,,,,,none,,,,,0.0,0.0,0.0,0.0,0.0,0.0,0.75,11.25
rs1455909207,Ensembl VEP (dbSNP),rs1455909207,rs1455909207,,X,47218140.0,C,T,rs1455909207,,,ENST00000335972,NP_006192.1,,,,,other,downstream_gene_variant,,,,,,,,,,,none,,,,,0.0,0.0,0.0,0.0,0.0,0.0,0.5,7.5
rs1455885866,Ensembl VEP (dbSNP),rs1455885866,rs1455885866,,X,47227901.0,T,C,rs1455885866,ENST00000357227.9:c.1375+432T>C,,ENST00000357227,NP_006192.1,,,,,other,intron_variant,,,,,,,,,,,none,,,,,0.0,0.0,0.0,0.0,0.0,0.0,0.75,11.25
rs1455847623,Ensembl VEP (dbSNP),rs1455847623,rs1455847623,,X,47228602.0,C,A,rs1455847623,ENST00000357227.9:c.1411C>A,ENSP00000349762.4:p.Gln471Lys,ENST00000357227,NP_006192.1,471.0,Q,K,Q471K,missense,missense_variant,,,,,,0.0,deleterious_low_confidence,0.017,benign,,none,1.0,2.0,0.1548,BENIGN,0.0,0.1548,1.0,0.0,0.0,0.0,1.0,32.32
rs1455721115,Ensembl VEP (dbSNP),rs1455721115,rs1455721115,,X,47225121.0,T,C,rs1455721115,ENST00000357227.9:c.634+19T>C,,ENST00000357227,NP_006192.1,,,,,other,intron_variant,,,,,,,,,,,none,,,,,0.0,0.0,0.0,0.0,0.0,0.0,0.75,11.25
rs1455168545,Ensembl VEP (dbSNP),rs1455168545,rs1455168545,,X,47226566.0,C,-,rs1455168545,ENST00000357227.9:c.917-17del,,ENST00000357227,NP_006192.1,,,,,splice,splice_polypyrimidine_tract_variant;intron_variant,,,,,,,,,,,none,,,,,0.0,0.0,0.0,0.0,0.0,0.0,0.75,11.25
rs1454643548,Ensembl VEP (dbSNP),rs1454643548,rs1454643548,,X,47219829.0,C,G,rs1454643548,,,ENST00000335972,NP_006192.1,,,,,other,downstream_gene_variant,,,,,,,,,,,none,,,,,0.0,0.0,0.0,0.0,0.0,0.0,0.5,7.5
rs1454289008,Ensembl VEP (dbSNP),rs1454289008,rs1454289008,,X,47222676.0,C,G,rs1454289008,ENST00000357227.9:c.-6-876C>G,,ENST00000357227,NP_006192.1,,,,,other,intron_variant,,,,,,,,,,,none,,,,,0.0,0.0,0.0,0.0,0.0,0.0,0.75,11.25
rs1453578934,Ensembl VEP (dbSNP),rs1453578934,rs1453578934,,X,47226530.0,C,T,rs1453578934,ENST00000357227.9:c.917-53C>T,,ENST00000357227,NP_006192.1,,,,,other,intron_variant,,,,,,,,,,,none,,,,,0.0,0.0,0.0,0.0,0.0,0.0,0.75,11.25
rs1453404131,Ensembl VEP (dbSNP),rs1453404131,rs1453404131,,X,47220397.0,CT,-,rs1453404131,ENST00000357227.9:c.-7+1292_-7+1293del,,ENST00000357227,NP_006192.1,,,,,other,intron_variant,,,,,,,,,,,none,,,,,0.0,0.0,0.0,0.0,0.0,0.0,0.75,11.25
rs1452973138,Ensembl VEP (dbSNP),rs1452973138,rs1452973138,,X,47219299.0,G,T,rs1452973138,,,ENST00000335972,NP_006192.1,,,,,other,downstream_gene_variant,,,,,,,,,,,none,,,,,0.0,0.0,0.0,0.0,0.0,0.0,0.5,7.5
rs1452199136,Ensembl VEP (dbSNP),rs1452199136,rs1452199136,,X,47217772.0,C,T,rs1452199136,,,ENST00000335972,NP_006192.1,,,,,other,downstream_gene_variant,,,,,,,,,,,none,,,,,0.0,0.0,0.0,0.0,0.0,0.0,0.5,7.5
rs1451963223,Ensembl VEP (dbSNP),rs1451963223,rs1451963223,,X,47223256.0,A,G,rs1451963223,ENST00000357227.9:c.-6-296A>G,,ENST00000357227,NP_006192.1,,,,,other,intron_variant,,,,,,,,,,,none,,,,,0.0,0.0,0.0,0.0,0.0,0.0,0.75,11.25
rs1451669167,Ensembl VEP (dbSNP),rs1451669167,rs1451669167,,X,47226905.0,C,T,rs1451669167,ENST00000357227.9:c.1131C>T,ENSP00000349762.4:p.Ile377=,ENST00000357227,NP_006192.1,377.0,,,,synonymous,synonymous_variant,,,,,,,,,,Protein kinase,none,1.0,2.0,,,0.0,0.0,1.0,0.25,0.6,0.0,1.0,39.75
rs1451161307,Ensembl VEP (dbSNP),rs1451161307,rs1451161307,,X,47229646.0,C,A,rs1451161307,ENST00000357227.9:c.*878C>A,,ENST00000357227,NP_006192.1,,,,,other,3_prime_UTR_variant,,,,,,,,,,,none,,,,,0.0,0.0,0.0,0.0,0.0,0.0,0.75,11.25
rs1450961993,Ensembl VEP (dbSNP),rs1450961993,rs1450961993,,X,47229583.0,T,C,rs1450961993,ENST00000357227.9:c.*815T>C,,ENST00000357227,NP_006192.1,,,,,other,3_prime_UTR_variant,,,,,,,,,,,none,,,,,0.0,0.0,0.0,0.0,0.0,0.0,0.75,11.25
rs1450927349,Ensembl VEP (dbSNP),rs1450927349,rs1450927349,,X,47228581.0,G,A,rs1450927349,ENST00000357227.9:c.1390G>A,ENSP00000349762.4:p.Ala464Thr,ENST00000357227,NP_006192.1,464.0,A,T,A464T,missense,missense_variant,,,,,,0.27,tolerated_low_confidence,0.0,benign,,none,1.0,2.0,0.1204,BENIGN,0.0,0.1204,1.0,0.0,0.0,0.0,1.0,31.81
rs1450557188,Ensembl VEP (dbSNP),rs1450557188,rs1450557188,,X,47229806.0,AGGCA,-,rs1450557188,ENST00000357227.9:c.*1038_*1042del,,ENST00000357227,NP_006192.1,,,,,other,3_prime_UTR_variant,,,,,,,,,,,none,,,,,0.0,0.0,0.0,0.0,0.0,0.0,0.75,11.25
rs1450549357,Ensembl VEP (dbSNP),rs1450549357,rs1450549357,,X,47229197.0,C,T,rs1450549357,ENST00000357227.9:c.*429C>T,,ENST00000357227,NP_006192.1,,,,,other,3_prime_UTR_variant,,,,,,,,,,,none,,,,,0.0,0.0,0.0,0.0,0.0,0.0,0.75,11.25
rs1450195188,Ensembl VEP (dbSNP),rs1450195188,rs1450195188,,X,47224515.0,T,A,rs1450195188,ENST00000357227.9:c.333T>A,ENSP00000349762.4:p.Thr111=,ENST00000357227,NP_006192.1,111.0,,,,synonymous,synonymous_variant,,,,,,,,,,,none,1.0,2.0,,,0.0,0.0,1.0,0.0,0.0,0.0,1.0,30.0
rs1450057033,Ensembl VEP (dbSNP),rs1450057033,rs1450057033,,X,47221244.0,G,C,rs1450057033,ENST00000357227.9:c.-7+2139G>C,,ENST00000357227,NP_006192.1,,,,,other,intron_variant,,,,,,,,,,,none,,,,,0.0,0.0,0.0,0.0,0.0,0.0,0.75,11.25
rs1449766756,Ensembl VEP (dbSNP),rs1449766756,rs1449766756,,X,47219822.0,-,GCTGTAGAGGGTGTATG,rs1449766756,,,ENST00000335972,NP_006192.1,,,,,other,downstream_gene_variant,,,,,,,,,,,none,,,,,0.0,0.0,0.0,0.0,0.0,0.0,0.5,7.5
rs1449493682,Ensembl VEP (dbSNP),rs1449493682,rs1449493682,,X,47219238.0,GGGGGG,GGGGG,rs1449493682,,,ENST00000335972,NP_006192.1,,,,,other,downstream_gene_variant,,,,,,,,,,,none,,,,,0.0,0.0,0.0,0.0,0.0,0.0,0.5,7.5
rs1449460734,Ensembl VEP (dbSNP),rs1449460734,rs1449460734,,X,47217734.0,G,C,rs1449460734,,,ENST00000335972,NP_006192.1,,,,,other,downstream_gene_variant,,,,,,,,,,,none,,,,,0.0,0.0,0.0,0.0,0.0,0.0,0.5,7.5
rs1449392640,Ensembl VEP (dbSNP),rs1449392640,rs1449392640,,X,47225417.0,T,C,rs1449392640,ENST00000357227.9:c.634+315T>C,,ENST00000357227,NP_006192.1,,,,,other,intron_variant,,,,,,,,,,,none,,,,,0.0,0.0,0.0,0.0,0.0,0.0,0.75,11.25
rs1449388979,Ensembl VEP (dbSNP),rs1449388979,rs1449388979,,X,47224679.0,A,G,rs1449388979,ENST00000357227.9:c.398A>G,ENSP00000349762.4:p.Lys133Arg,ENST00000357227,NP_006192.1,133.0,K,R,K133R,missense,missense_variant,,,,,,0.02,deleterious_low_confidence,0.182,benign,,none,1.0,2.0,0.1628,BENIGN,0.0,0.1628,1.0,0.0,0.0,0.0,1.0,32.44
rs1449187230,Ensembl VEP (dbSNP),rs1449187230,rs1449187230,,X,47218093.0,A,G,rs1449187230,,,ENST00000335972,NP_006192.1,,,,,other,downstream_gene_variant,,,,,,,,,,,none,,,,,0.0,0.0,0.0,0.0,0.0,0.0,0.5,7.5
rs1448951923,Ensembl VEP (dbSNP),rs1448951923,rs1448951923,,X,47218883.0,G,A,rs1448951923,,,ENST00000335972,NP_006192.1,,,,,other,downstream_gene_variant,,,,,,,,,,,none,,,,,0.0,0.0,0.0,0.0,0.0,0.0,0.5,7.5
rs1447654313,Ensembl VEP (dbSNP),rs1447654313,rs1447654313,,X,47226720.0,G,T,rs1447654313,ENST00000357227.9:c.1037+17G>T,,ENST00000357227,NP_006192.1,,,,,other,intron_variant,,,,,,,,,,,none,,,,,0.0,0.0,0.0,0.0,0.0,0.0,0.75,11.25
rs1447577754,Ensembl VEP (dbSNP),rs1447577754,rs1447577754,,X,47216714.0,G,A,rs1447577754,,,ENST00000335972,NP_006192.1,,,,,other,downstream_gene_variant,,,,,,,,,,,none,,,,,0.0,0.0,0.0,0.0,0.0,0.0,0.5,7.5
rs1447500747,Ensembl VEP (dbSNP),rs1447500747,rs1447500747,,X,47228557.0,CCATC,-,rs1447500747,ENST00000357227.9:c.1376-10_1376-6del,,ENST00000357227,NP_006192.1,,,,,splice,splice_region_variant;splice_polypyrimidine_tract_variant;intron_variant,,,,,,,,,,,none,,,,,0.0,0.0,0.0,0.0,0.0,0.0,0.75,11.25
rs1447405906,Ensembl VEP (dbSNP),rs1447405906,rs1447405906,,X,47229787.0,C,-,rs1447405906,ENST00000357227.9:c.*1019del,,ENST00000357227,NP_006192.1,,,,,other,3_prime_UTR_variant,,,,,,,,,,,none,,,,,0.0,0.0,0.0,0.0,0.0,0.0,0.75,11.25
rs1447209931,Ensembl VEP (dbSNP),rs1447209931,rs1447209931,,X,47220500.0,T,C,rs1447209931,ENST00000357227.9:c.-7+1395T>C,,ENST00000357227,NP_006192.1,,,,,other,intron_variant,,,,,,,,,,,none,,,,,0.0,0.0,0.0,0.0,0.0,0.0,0.75,11.25
rs1447130234,Ensembl VEP (dbSNP),rs1447130234,rs1447130234,,X,47223822.0,T,C,rs1447130234,ENST00000357227.9:c.202+63T>C,,ENST00000357227,NP_006192.1,,,,,other,intron_variant,,,,,,,,,,,none,,,,,0.0,0.0,0.0,0.0,0.0,0.0,0.75,11.25
rs1446799964,Ensembl VEP (dbSNP),rs1446799964,rs1446799964,,X,47228372.0,CTTT,-,rs1446799964,ENST00000357227.9:c.1376-195_1376-192del,,ENST00000357227,NP_006192.1,,,,,other,intron_variant,,,,,,,,,,,none,,,,,0.0,0.0,0.0,0.0,0.0,0.0,0.75,11.25
rs1446632198,Ensembl VEP (dbSNP),rs1446632198,rs1446632198,,X,47224053.0,A,G,rs1446632198,ENST00000357227.9:c.202+294A>G,,ENST00000357227,NP_006192.1,,,,,other,intron_variant,,,,,,,,,,,none,,,,,0.0,0.0,0.0,0.0,0.0,0.0,0.75,11.25
rs1446463079,Ensembl VEP (dbSNP),rs1446463079,rs1446463079,,X,47224907.0,A,G,rs1446463079,ENST00000357227.9:c.519+17A>G,,ENST00000357227,NP_006192.1,,,,,other,intron_variant,,,,,,,,,,,none,,,,,0.0,0.0,0.0,0.0,0.0,0.0,0.75,11.25
rs1446389192,Ensembl VEP (dbSNP),rs1446389192,rs1446389192,,X,47223127.0,T,C,rs1446389192,ENST00000357227.9:c.-6-425T>C,,ENST00000357227,NP_006192.1,,,,,other,intron_variant,,,,,,,,,,,none,,,,,0.0,0.0,0.0,0.0,0.0,0.0,0.75,11.25
rs1445448719,Ensembl VEP (dbSNP),rs1445448719,rs1445448719,,X,47226931.0,G,A,rs1445448719,ENST00000357227.9:c.1135+22G>A,,ENST00000357227,NP_006192.1,,,,,other,intron_variant,,,,,,,,,,,none,,,,,0.0,0.0,0.0,0.0,0.0,0.0,0.75,11.25
rs1444503278,Ensembl VEP (dbSNP),rs1444503278,rs1444503278,,X,47225641.0,G,A,rs1444503278,ENST00000357227.9:c.635-131G>A,,ENST00000357227,NP_006192.1,,,,,other,intron_variant,,,,,,,,,,,none,,,,,0.0,0.0,0.0,0.0,0.0,0.0,0.75,11.25
rs1444464133,Ensembl VEP (dbSNP),rs1444464133,rs1444464133,,X,47230270.0,G,A,rs1444464133,,,ENST00000357227,NP_006192.1,,,,,other,downstream_gene_variant,,,,,,,,,,,none,,,,,0.0,0.0,0.0,0.0,0.0,0.0,0.5,7.5
rs1443768071,Ensembl VEP (dbSNP),rs1443768071,rs1443768071,,X,47216463.0,T,C,rs1443768071,,,ENST00000335972,NP_006192.1,,,,,other,downstream_gene_variant,,,,,,,,,,,none,,,,,0.0,0.0,0.0,0.0,0.0,0.0,0.5,7.5
rs1443587905,Ensembl VEP (dbSNP),rs1443587905,rs1443587905,,X,47222739.0,TG,-,rs1443587905,ENST00000357227.9:c.-6-813_-6-812del,,ENST00000357227,NP_006192.1,,,,,other,intron_variant,,,,,,,,,,,none,,,,,0.0,0.0,0.0,0.0,0.0,0.0,0.75,11.25
rs1443410022,Ensembl VEP (dbSNP),rs1443410022,rs1443410022,,X,47223257.0,C,T,rs1443410022,ENST00000357227.9:c.-6-295C>T,,ENST00000357227,NP_006192.1,,,,,other,intron_variant,,,,,,,,,,,none,,,,,0.0,0.0,0.0,0.0,0.0,0.0,0.75,11.25
rs1443281119,Ensembl VEP (dbSNP),rs1443281119,rs1443281119,,X,47217105.0,G,A,rs1443281119,,,ENST00000335972,NP_006192.1,,,,,other,downstream_gene_variant,,,,,,,,,,,none,,,,,0.0,0.0,0.0,0.0,0.0,0.0,0.5,7.5
rs1442464582,Ensembl VEP (dbSNP),rs1442464582,rs1442464582,,X,47222699.0,C,A,rs1442464582,ENST00000357227.9:c.-6-853C>A,,ENST00000357227,NP_006192.1,,,,,other,intron_variant,,,,,,,,,,,none,,,,,0.0,0.0,0.0,0.0,0.0,0.0,0.75,11.25
rs1442251112,Ensembl VEP (dbSNP),rs1442251112,rs1442251112,,X,47222651.0,GGGGGGG,GGGGGG,rs1442251112,ENST00000357227.9:c.-6-895del,,ENST00000357227,NP_006192.1,,,,,other,intron_variant,,,,,,,,,,,none,,,,,0.0,0.0,0.0,0.0,0.0,0.0,0.75,11.25
rs1441809509,Ensembl VEP (dbSNP),rs1441809509,rs1441809509,,X,47218067.0,C,T,rs1441809509,,,ENST00000335972,NP_006192.1,,,,,other,downstream_gene_variant,,,,,,,,,,,none,,,,,0.0,0.0,0.0,0.0,0.0,0.0,0.5,7.5
rs1441742686,Ensembl VEP (dbSNP),rs1441742686,rs1441742686,,X,47228526.0,T,G,rs1441742686,ENST00000357227.9:c.1376-41T>G,,ENST00000357227,NP_006192.1,,,,,other,intron_variant,,,,,,,,,,,none,,,,,0.0,0.0,0.0,0.0,0.0,0.0,0.75,11.25
rs1441477784,Ensembl VEP (dbSNP),rs1441477784,rs1441477784,,X,47216366.0,C,T,rs1441477784,,,ENST00000335972,NP_006192.1,,,,,other,downstream_gene_variant,,,,,,,,,,,none,,,,,0.0,0.0,0.0,0.0,0.0,0.0,0.5,7.5
rs1441199894,Ensembl VEP (dbSNP),rs1441199894,rs1441199894,,X,47224490.0,A,G,rs1441199894,ENST00000357227.9:c.308A>G,ENSP00000349762.4:p.Asn103Ser,ENST00000357227,NP_006192.1,103.0,N,S,N103S,missense,missense_variant,,,,,,0.03,deleterious_low_confidence,0.019,benign,,none,1.0,2.0,0.0772,BENIGN,0.0,0.0772,1.0,0.0,0.0,0.0,1.0,31.16
rs1440586452,Ensembl VEP (dbSNP),rs1440586452,rs1440586452,,X,47223873.0,A,C,rs1440586452,ENST00000357227.9:c.202+114A>C,,ENST00000357227,NP_006192.1,,,,,other,intron_variant,,,,,,,,,,,none,,,,,0.0,0.0,0.0,0.0,0.0,0.0,0.75,11.25
rs1439821105,Ensembl VEP (dbSNP),rs1439821105,rs1439821105,,X,47217893.0,G,T,rs1439821105,,,ENST00000335972,NP_006192.1,,,,,other,downstream_gene_variant,,,,,,,,,,,none,,,,,0.0,0.0,0.0,0.0,0.0,0.0,0.5,7.5
rs1439738174,Ensembl VEP (dbSNP),rs1439738174,rs1439738174,,X,47225371.0,T,A,rs1439738174,ENST00000357227.9:c.634+269T>A,,ENST00000357227,NP_006192.1,,,,,other,intron_variant,,,,,,,,,,,none,,,,,0.0,0.0,0.0,0.0,0.0,0.0,0.75,11.25
rs1439589231,Ensembl VEP (dbSNP),rs1439589231,rs1439589231,,X,47216419.0,T,A,rs1439589231,,,ENST00000335972,NP_006192.1,,,,,other,downstream_gene_variant,,,,,,,,,,,none,,,,,0.0,0.0,0.0,0.0,0.0,0.0,0.5,7.5
rs1439486991,Ensembl VEP (dbSNP),rs1439486991,rs1439486991,,X,47221693.0,T,C,rs1439486991,ENST00000357227.9:c.-6-1859T>C,,ENST00000357227,NP_006192.1,,,,,other,intron_variant,,,,,,,,,,,none,,,,,0.0,0.0,0.0,0.0,0.0,0.0,0.75,11.25
rs1438720406,Ensembl VEP (dbSNP),rs1438720406,rs1438720406,3999597,X,47224867.0,A,G,rs1438720406,ENST00000357227.9:c.496A>G,ENSP00000349762.4:p.Ile166Val,ENST00000357227,NP_006192.1,166.0,I,V,I166V,missense,missense_variant,Uncertain significance,"criteria provided, single submitter",not specified,,,0.47,tolerated_low_confidence,0.0,benign,Protein kinase,none,1.0,2.0,0.0556,BENIGN,0.6,0.0556,1.0,0.25,0.6,0.0,1.0,52.58
rs1438635043,Ensembl VEP (dbSNP),rs1438635043,rs1438635043,,X,47222586.0,G,A,rs1438635043,ENST00000357227.9:c.-6-966G>A,,ENST00000357227,NP_006192.1,,,,,other,intron_variant,,,,,,,,,,,none,,,,,0.0,0.0,0.0,0.0,0.0,0.0,0.75,11.25
rs1438065408,Ensembl VEP (dbSNP),rs1438065408,rs1438065408,,X,47230362.0,T,C,rs1438065408,,,ENST00000357227,NP_006192.1,,,,,other,downstream_gene_variant,,,,,,,,,,,none,,,,,0.0,0.0,0.0,0.0,0.0,0.0,0.5,7.5
rs1437973995,Ensembl VEP (dbSNP),rs1437973995,rs1437973995,,X,47218263.0,C,G,rs1437973995,,,ENST00000335972,NP_006192.1,,,,,other,downstream_gene_variant,,,,,,,,,,,none,,,,,0.0,0.0,0.0,0.0,0.0,0.0,0.5,7.5
rs1437966177,Ensembl VEP (dbSNP),rs1437966177,rs1437966177,,X,47228748.0,G,A,rs1437966177,ENST00000357227.9:c.1471G>A,ENSP00000349762.4:p.Val491Met,ENST00000357227,NP_006192.1,491.0,V,M,V491M,missense,missense_variant,,,,,,0.01,deleterious_low_confidence,0.174,benign,,none,1.0,2.0,0.1771,BENIGN,0.0,0.1771,1.0,0.0,0.0,0.0,1.0,32.66
rs1437914309,Ensembl VEP (dbSNP),rs1437914309,rs1437914309,,X,47228675.0,C,T,rs1437914309,ENST00000357227.9:c.1453+31C>T,,ENST00000357227,NP_006192.1,,,,,other,intron_variant,,,,,,,,,,,none,,,,,0.0,0.0,0.0,0.0,0.0,0.0,0.75,11.25
rs1437306470,Ensembl VEP (dbSNP),rs1437306470,rs1437306470,,X,47219245.0,C,T,rs1437306470,,,ENST00000335972,NP_006192.1,,,,,other,downstream_gene_variant,,,,,,,,,,,none,,,,,0.0,0.0,0.0,0.0,0.0,0.0,0.5,7.5
rs1437213663,Ensembl VEP (dbSNP),rs1437213663,rs1437213663,,X,47221888.0,T,-,rs1437213663,ENST00000357227.9:c.-6-1664del,,ENST00000357227,NP_006192.1,,,,,other,intron_variant,,,,,,,,,,,none,,,,,0.0,0.0,0.0,0.0,0.0,0.0,0.75,11.25
rs1436907110,Ensembl VEP (dbSNP),rs1436907110,rs1436907110,,X,47221603.0,CT,-,rs1436907110,ENST00000357227.9:c.-6-1949_-6-1948del,,ENST00000357227,NP_006192.1,,,,,other,intron_variant,,,,,,,,,,,none,,,,,0.0,0.0,0.0,0.0,0.0,0.0,0.75,11.25
rs1436747661,Ensembl VEP (dbSNP),rs1436747661,rs1436747661,,X,47221358.0,T,A,rs1436747661,ENST00000357227.9:c.-6-2194T>A,,ENST00000357227,NP_006192.1,,,,,other,intron_variant,,,,,,,,,,,none,,,,,0.0,0.0,0.0,0.0,0.0,0.0,0.75,11.25
rs1436612426,Ensembl VEP (dbSNP),rs1436612426,rs1436612426,,X,47217831.0,G,A,rs1436612426,,,ENST00000335972,NP_006192.1,,,,,other,downstream_gene_variant,,,,,,,,,,,none,,,,,0.0,0.0,0.0,0.0,0.0,0.0,0.5,7.5
rs1436562898,Ensembl VEP (dbSNP),rs1436562898,rs1436562898,,X,47226389.0,G,A,rs1436562898,ENST00000357227.9:c.903G>A,ENSP00000349762.4:p.Lys301=,ENST00000357227,NP_006192.1,301.0,,,,synonymous,synonymous_variant,,,,,,,,,,Protein kinase,none,1.0,2.0,,,0.0,0.0,1.0,0.25,0.6,0.0,1.0,39.75
rs1436333553,Ensembl VEP (dbSNP),rs1436333553,rs1436333553,,X,47217119.0,A,G,rs1436333553,,,ENST00000335972,NP_006192.1,,,,,other,downstream_gene_variant,,,,,,,,,,,none,,,,,0.0,0.0,0.0,0.0,0.0,0.0,0.5,7.5
rs1436098893,Ensembl VEP (dbSNP),rs1436098893,rs1436098893,,X,47218478.0,C,T,rs1436098893,,,ENST00000335972,NP_006192.1,,,,,other,downstream_gene_variant,,,,,,,,,,,none,,,,,0.0,0.0,0.0,0.0,0.0,0.0,0.5,7.5
rs1436059863,Ensembl VEP (dbSNP),rs1436059863,rs1436059863,,X,47219042.0,GCCGCCGCCCCAGGCGCCGCCGC,GCCGCCGC,rs1436059863,,,ENST00000335972,NP_006192.1,,,,,other,downstream_gene_variant,,,,,,,,,,,none,,,,,0.0,0.0,0.0,0.0,0.0,0.0,0.5,7.5
rs1436005113,Ensembl VEP (dbSNP),rs1436005113,rs1436005113,,X,47220292.0,G,A,rs1436005113,ENST00000357227.9:c.-7+1187G>A,,ENST00000357227,NP_006192.1,,,,,other,intron_variant,,,,,,,,,,,none,,,,,0.0,0.0,0.0,0.0,0.0,0.0,0.75,11.25
rs1435964425,Ensembl VEP (dbSNP),rs1435964425,rs1435964425,,X,47225962.0,C,T,rs1435964425,ENST00000357227.9:c.730-3C>T,,ENST00000357227,NP_006192.1,,,,,splice,splice_region_variant;splice_polypyrimidine_tract_variant;intron_variant,,,,,,,,,,,none,,,,,0.0,0.0,0.0,0.0,0.0,0.0,0.75,11.25
rs1435746829,Ensembl VEP (dbSNP),rs1435746829,rs1435746829,,X,47227155.0,A,G,rs1435746829,ENST00000357227.9:c.1242-26A>G,,ENST00000357227,NP_006192.1,,,,,other,intron_variant,,,,,,,,,,,none,,,,,0.0,0.0,0.0,0.0,0.0,0.0,0.75,11.25
rs1435688181,Ensembl VEP (dbSNP),rs1435688181,rs1435688181,,X,47216486.0,C,A,rs1435688181,,,ENST00000335972,NP_006192.1,,,,,other,downstream_gene_variant,,,,,,,,,,,none,,,,,0.0,0.0,0.0,0.0,0.0,0.0,0.5,7.5
rs1435661666,Ensembl VEP (dbSNP),rs1435661666,rs1435661666,,X,47222488.0,C,T,rs1435661666,ENST00000357227.9:c.-6-1064C>T,,ENST00000357227,NP_006192.1,,,,,other,intron_variant,,,,,,,,,,,none,,,,,0.0,0.0,0.0,0.0,0.0,0.0,0.75,11.25
rs1435151918,Ensembl VEP (dbSNP),rs1435151918,rs1435151918,,X,47224392.0,G,A,rs1435151918,ENST00000357227.9:c.210G>A,ENSP00000349762.4:p.Val70=,ENST00000357227,NP_006192.1,70.0,,,,synonymous,synonymous_variant,,,,,,,,,,Disordered,none,1.0,2.0,,,0.0,0.0,1.0,0.25,0.3,0.0,1.0,36.75
rs1435047610,Ensembl VEP (dbSNP),rs1435047610,rs1435047610,2287159,X,47223642.0,G,A,rs1435047610,ENST00000357227.9:c.85G>A,ENSP00000349762.4:p.Glu29Lys,ENST00000357227,NP_006192.1,29.0,E,K,E29K,missense,missense_variant,Uncertain significance,"criteria provided, single submitter",not specified,,,0.0,deleterious_low_confidence,0.603,possibly_damaging,Disordered,none,1.0,2.0,0.4008,AMBIGUOUS,0.6,0.4008,1.0,0.25,0.3,0.0,1.0,54.76
rs1434888709,Ensembl VEP (dbSNP),rs1434888709,rs1434888709,,X,47228033.0,TTAT,-,rs1434888709,ENST00000357227.9:c.1376-534_1376-531del,,ENST00000357227,NP_006192.1,,,,,other,intron_variant,,,,,,,,,,,none,,,,,0.0,0.0,0.0,0.0,0.0,0.0,0.75,11.25
rs1434864064,Ensembl VEP (dbSNP),rs1434864064,rs1434864064,,X,47226320.0,C,T,rs1434864064,ENST00000357227.9:c.834C>T,ENSP00000349762.4:p.His278=,ENST00000357227,NP_006192.1,278.0,,,,synonymous,synonymous_variant,,,,,,,,,,Protein kinase,none,1.0,2.0,,,0.0,0.0,1.0,0.25,0.6,0.0,1.0,39.75
rs1434458268,Ensembl VEP (dbSNP),rs1434458268,rs1434458268,,X,47229278.0,A,T,rs1434458268,ENST00000357227.9:c.*510A>T,,ENST00000357227,NP_006192.1,,,,,other,3_prime_UTR_variant,,,,,,,,,,,none,,,,,0.0,0.0,0.0,0.0,0.0,0.0,0.75,11.25
rs1434415619,Ensembl VEP (dbSNP),rs1434415619,rs1434415619,,X,47218568.0,-,T,rs1434415619,,,ENST00000335972,NP_006192.1,,,,,other,downstream_gene_variant,,,,,,,,,,,none,,,,,0.0,0.0,0.0,0.0,0.0,0.0,0.5,7.5
rs1434361238,Ensembl VEP (dbSNP),rs1434361238,rs1434361238,,X,47217634.0,A,G,rs1434361238,,,ENST00000335972,NP_006192.1,,,,,other,downstream_gene_variant,,,,,,,,,,,none,,,,,0.0,0.0,0.0,0.0,0.0,0.0,0.5,7.5
rs1434343236,Ensembl VEP (dbSNP),rs1434343236,rs1434343236,,X,47227287.0,-,T,rs1434343236,ENST00000357227.9:c.1284+63_1284+64insT,,ENST00000357227,NP_006192.1,,,,,other,intron_variant,,,,,,,,,,,none,,,,,0.0,0.0,0.0,0.0,0.0,0.0,0.75,11.25
rs1434024179,Ensembl VEP (dbSNP),rs1434024179,rs1434024179,,X,47218909.0,A,C,rs1434024179,,,ENST00000335972,NP_006192.1,,,,,other,downstream_gene_variant,,,,,,,,,,,none,,,,,0.0,0.0,0.0,0.0,0.0,0.0,0.5,7.5
rs1433996436,Ensembl VEP (dbSNP),rs1433996436,rs1433996436,,X,47224365.0,A,G,rs1433996436,ENST00000357227.9:c.203-20A>G,,ENST00000357227,NP_006192.1,,,,,other,intron_variant,,,,,,,,,,,none,,,,,0.0,0.0,0.0,0.0,0.0,0.0,0.75,11.25
rs1433659029,Ensembl VEP (dbSNP),rs1433659029,rs1433659029,,X,47226111.0,C,T,rs1433659029,ENST00000357227.9:c.792+84C>T,,ENST00000357227,NP_006192.1,,,,,other,intron_variant,,,,,,,,,,,none,,,,,0.0,0.0,0.0,0.0,0.0,0.0,0.75,11.25
rs1433454518,Ensembl VEP (dbSNP),rs1433454518,rs1433454518,,X,47216901.0,C,T,rs1433454518,,,ENST00000335972,NP_006192.1,,,,,other,downstream_gene_variant,,,,,,,,,,,none,,,,,0.0,0.0,0.0,0.0,0.0,0.0,0.5,7.5
rs1433135580,Ensembl VEP (dbSNP),rs1433135580,rs1433135580,,X,47222181.0,A,G,rs1433135580,ENST00000357227.9:c.-6-1371A>G,,ENST00000357227,NP_006192.1,,,,,other,intron_variant,,,,,,,,,,,none,,,,,0.0,0.0,0.0,0.0,0.0,0.0,0.75,11.25
rs1433090002,Ensembl VEP (dbSNP),rs1433090002,rs1433090002,,X,47223316.0,G,T,rs1433090002,ENST00000357227.9:c.-6-236G>T,,ENST00000357227,NP_006192.1,,,,,other,intron_variant,,,,,,,,,,,none,,,,,0.0,0.0,0.0,0.0,0.0,0.0,0.75,11.25
rs1432960486,Ensembl VEP (dbSNP),rs1432960486,rs1432960486,,X,47218286.0,ATAACTCTTCAGGCTG,-,rs1432960486,,,ENST00000335972,NP_006192.1,,,,,other,downstream_gene_variant,,,,,,,,,,,none,,,,,0.0,0.0,0.0,0.0,0.0,0.0,0.5,7.5
rs1431886182,Ensembl VEP (dbSNP),rs1431886182,rs1431886182,,X,47222564.0,T,C,rs1431886182,ENST00000357227.9:c.-6-988T>C,,ENST00000357227,NP_006192.1,,,,,other,intron_variant,,,,,,,,,,,none,,,,,0.0,0.0,0.0,0.0,0.0,0.0,0.75,11.25
rs1431788415,Ensembl VEP (dbSNP),rs1431788415,rs1431788415,,X,47229752.0,GGGGGG,GGGGG,rs1431788415,ENST00000357227.9:c.*989del,,ENST00000357227,NP_006192.1,,,,,other,3_prime_UTR_variant,,,,,,,,,,,none,,,,,0.0,0.0,0.0,0.0,0.0,0.0,0.75,11.25
rs1431726573,Ensembl VEP (dbSNP),rs1431726573,rs1431726573,,X,47227487.0,A,G,rs1431726573,ENST00000357227.9:c.1375+18A>G,,ENST00000357227,NP_006192.1,,,,,other,intron_variant,,,,,,,,,,,none,,,,,0.0,0.0,0.0,0.0,0.0,0.0,0.75,11.25
rs1431209183,Ensembl VEP (dbSNP),rs1431209183,rs1431209183,,X,47227421.0,C,T,rs1431209183,ENST00000357227.9:c.1327C>T,ENSP00000349762.4:p.His443Tyr,ENST00000357227,NP_006192.1,443.0,H,Y,H443Y,missense,missense_variant,,,,,,0.0,deleterious_low_confidence,0.994,probably_damaging,Protein kinase,none,1.0,2.0,0.3665,AMBIGUOUS,0.0,0.3665,1.0,0.25,0.6,0.0,1.0,45.25
rs1430954654,Ensembl VEP (dbSNP),rs1430954654,rs1430954654,,X,47217136.0,T,C,rs1430954654,,,ENST00000335972,NP_006192.1,,,,,other,downstream_gene_variant,,,,,,,,,,,none,,,,,0.0,0.0,0.0,0.0,0.0,0.0,0.5,7.5
rs1430619038,Ensembl VEP (dbSNP),rs1430619038,rs1430619038,,X,47227331.0,-,G,rs1430619038,ENST00000357227.9:c.1285-49_1285-48insG,,ENST00000357227,NP_006192.1,,,,,other,intron_variant,,,,,,,,,,,none,,,,,0.0,0.0,0.0,0.0,0.0,0.0,0.75,11.25
rs1430378084,Ensembl VEP (dbSNP),rs1430378084,rs1430378084,,X,47219525.0,GGGGGG,GGGGG,rs1430378084,,,ENST00000335972,NP_006192.1,,,,,other,downstream_gene_variant,,,,,,,,,,,none,,,,,0.0,0.0,0.0,0.0,0.0,0.0,0.5,7.5
rs1429740941,Ensembl VEP (dbSNP),rs1429740941,rs1429740941,,X,47218994.0,C,T,rs1429740941,,,ENST00000335972,NP_006192.1,,,,,other,downstream_gene_variant,,,,,,,,,,,none,,,,,0.0,0.0,0.0,0.0,0.0,0.0,0.5,7.5
rs1429497503,Ensembl VEP (dbSNP),rs1429497503,rs1429497503,,X,47220926.0,T,C,rs1429497503,ENST00000357227.9:c.-7+1821T>C,,ENST00000357227,NP_006192.1,,,,,other,intron_variant,,,,,,,,,,,none,,,,,0.0,0.0,0.0,0.0,0.0,0.0,0.75,11.25
rs1429487622,Ensembl VEP (dbSNP),rs1429487622,rs1429487622,,X,47217875.0,TCCTT,-,rs1429487622,,,ENST00000335972,NP_006192.1,,,,,other,downstream_gene_variant,,,,,,,,,,,none,,,,,0.0,0.0,0.0,0.0,0.0,0.0,0.5,7.5
rs1428965776,Ensembl VEP (dbSNP),rs1428965776,rs1428965776,,X,47219382.0,A,C,rs1428965776,,,ENST00000335972,NP_006192.1,,,,,other,downstream_gene_variant,,,,,,,,,,,none,,,,,0.0,0.0,0.0,0.0,0.0,0.0,0.5,7.5
rs1428833842,Ensembl VEP (dbSNP),rs1428833842,rs1428833842,,X,47220251.0,C,T,rs1428833842,ENST00000357227.9:c.-7+1146C>T,,ENST00000357227,NP_006192.1,,,,,other,intron_variant,,,,,,,,,,,none,,,,,0.0,0.0,0.0,0.0,0.0,0.0,0.75,11.25
rs1428537373,Ensembl VEP (dbSNP),rs1428537373,rs1428537373,,X,47221660.0,T,C,rs1428537373,ENST00000357227.9:c.-6-1892T>C,,ENST00000357227,NP_006192.1,,,,,other,intron_variant,,,,,,,,,,,none,,,,,0.0,0.0,0.0,0.0,0.0,0.0,0.75,11.25
rs1428142404,Ensembl VEP (dbSNP),rs1428142404,rs1428142404,,X,47221504.0,G,T,rs1428142404,ENST00000357227.9:c.-6-2048G>T,,ENST00000357227,NP_006192.1,,,,,other,intron_variant,,,,,,,,,,,none,,,,,0.0,0.0,0.0,0.0,0.0,0.0,0.75,11.25
rs1427568877,Ensembl VEP (dbSNP),rs1427568877,rs1427568877,,X,47227842.0,C,A,rs1427568877,ENST00000357227.9:c.1375+373C>A,,ENST00000357227,NP_006192.1,,,,,other,intron_variant,,,,,,,,,,,none,,,,,0.0,0.0,0.0,0.0,0.0,0.0,0.75,11.25
rs1427021912,Ensembl VEP (dbSNP),rs1427021912,rs1427021912,,X,47228092.0,A,G,rs1427021912,ENST00000357227.9:c.1376-475A>G,,ENST00000357227,NP_006192.1,,,,,other,intron_variant,,,,,,,,,,,none,,,,,0.0,0.0,0.0,0.0,0.0,0.0,0.75,11.25
rs1426556189,Ensembl VEP (dbSNP),rs1426556189,rs1426556189,,X,47222888.0,C,A,rs1426556189,ENST00000357227.9:c.-6-664C>A,,ENST00000357227,NP_006192.1,,,,,other,intron_variant,,,,,,,,,,,none,,,,,0.0,0.0,0.0,0.0,0.0,0.0,0.75,11.25
rs1426488776,Ensembl VEP (dbSNP),rs1426488776,rs1426488776,,X,47222966.0,C,A,rs1426488776,ENST00000357227.9:c.-6-586C>A,,ENST00000357227,NP_006192.1,,,,,other,intron_variant,,,,,,,,,,,none,,,,,0.0,0.0,0.0,0.0,0.0,0.0,0.75,11.25
rs1426115786,Ensembl VEP (dbSNP),rs1426115786,rs1426115786,,X,47219865.0,C,T,rs1426115786,,,ENST00000335972,NP_006192.1,,,,,other,downstream_gene_variant,,,,,,,,,,,none,,,,,0.0,0.0,0.0,0.0,0.0,0.0,0.5,7.5
rs1425500658,Ensembl VEP (dbSNP),rs1425500658,rs1425500658,,X,47224146.0,C,T,rs1425500658,ENST00000357227.9:c.203-239C>T,,ENST00000357227,NP_006192.1,,,,,other,intron_variant,,,,,,,,,,,none,,,,,0.0,0.0,0.0,0.0,0.0,0.0,0.75,11.25
rs1425443755,Ensembl VEP (dbSNP),rs1425443755,rs1425443755,,X,47219526.0,G,A,rs1425443755,,,ENST00000335972,NP_006192.1,,,,,other,downstream_gene_variant,,,,,,,,,,,none,,,,,0.0,0.0,0.0,0.0,0.0,0.0,0.5,7.5
rs1425332821,Ensembl VEP (dbSNP),rs1425332821,rs1425332821,,X,47218586.0,G,C,rs1425332821,,,ENST00000335972,NP_006192.1,,,,,other,downstream_gene_variant,,,,,,,,,,,none,,,,,0.0,0.0,0.0,0.0,0.0,0.0,0.5,7.5
rs1425040722,Ensembl VEP (dbSNP),rs1425040722,rs1425040722,,X,47225560.0,C,T,rs1425040722,ENST00000357227.9:c.635-212C>T,,ENST00000357227,NP_006192.1,,,,,other,intron_variant,,,,,,,,,,,none,,,,,0.0,0.0,0.0,0.0,0.0,0.0,0.75,11.25
rs1424887273,Ensembl VEP (dbSNP),rs1424887273,rs1424887273,,X,47225258.0,A,C,rs1424887273,ENST00000357227.9:c.634+156A>C,,ENST00000357227,NP_006192.1,,,,,other,intron_variant,,,,,,,,,,,none,,,,,0.0,0.0,0.0,0.0,0.0,0.0,0.75,11.25
rs1424575487,Ensembl VEP (dbSNP),rs1424575487,rs1424575487,,X,47229548.0,A,G,rs1424575487,ENST00000357227.9:c.*780A>G,,ENST00000357227,NP_006192.1,,,,,other,3_prime_UTR_variant,,,,,,,,,,,none,,,,,0.0,0.0,0.0,0.0,0.0,0.0,0.75,11.25
rs1423858506,Ensembl VEP (dbSNP),rs1423858506,rs1423858506,,X,47223087.0,A,-,rs1423858506,ENST00000357227.9:c.-6-465del,,ENST00000357227,NP_006192.1,,,,,other,intron_variant,,,,,,,,,,,none,,,,,0.0,0.0,0.0,0.0,0.0,0.0,0.75,11.25
rs1423705475,Ensembl VEP (dbSNP),rs1423705475,rs1423705475,,X,47219388.0,G,A,rs1423705475,,,ENST00000335972,NP_006192.1,,,,,other,downstream_gene_variant,,,,,,,,,,,none,,,,,0.0,0.0,0.0,0.0,0.0,0.0,0.5,7.5
rs1423515850,Ensembl VEP (dbSNP),rs1423515850,rs1423515850,,X,47216786.0,T,A,rs1423515850,,,ENST00000335972,NP_006192.1,,,,,other,downstream_gene_variant,,,,,,,,,,,none,,,,,0.0,0.0,0.0,0.0,0.0,0.0,0.5,7.5
rs1423344830,Ensembl VEP (dbSNP),rs1423344830,rs1423344830,,X,47220067.0,C,T,rs1423344830,,,ENST00000335972,NP_006192.1,,,,,other,downstream_gene_variant,,,,,,,,,,,none,,,,,0.0,0.0,0.0,0.0,0.0,0.0,0.5,7.5
rs1423110352,Ensembl VEP (dbSNP),rs1423110352,rs1423110352,,X,47225088.0,C,T,rs1423110352,ENST00000357227.9:c.620C>T,ENSP00000349762.4:p.Thr207Ile,ENST00000357227,NP_006192.1,207.0,T,I,T207I,missense,missense_variant,,,,,,0.0,deleterious_low_confidence,0.91,probably_damaging,Protein kinase,none,1.0,2.0,0.9999,PATHOGENIC,0.0,0.9999,1.0,0.25,0.6,0.0,1.0,54.75
rs1423078876,Ensembl VEP (dbSNP),rs1423078876,rs1423078876,,X,47218861.0,G,A,rs1423078876,,,ENST00000335972,NP_006192.1,,,,,other,downstream_gene_variant,,,,,,,,,,,none,,,,,0.0,0.0,0.0,0.0,0.0,0.0,0.5,7.5
rs1423000370,Ensembl VEP (dbSNP),rs1423000370,rs1423000370,,X,47226513.0,C,T,rs1423000370,ENST00000357227.9:c.917-70C>T,,ENST00000357227,NP_006192.1,,,,,other,intron_variant,,,,,,,,,,,none,,,,,0.0,0.0,0.0,0.0,0.0,0.0,0.75,11.25
rs1422835444,Ensembl VEP (dbSNP),rs1422835444,rs1422835444,,X,47227200.0,G,A,rs1422835444,ENST00000357227.9:c.1261G>A,ENSP00000349762.4:p.Asp421Asn,ENST00000357227,NP_006192.1,421.0,D,N,D421N,missense,missense_variant,,,,,,0.04,deleterious_low_confidence,0.011,benign,Protein kinase,none,1.0,2.0,0.0868,BENIGN,0.0,0.0868,1.0,0.25,0.6,0.0,1.0,41.05
rs1422251813,Ensembl VEP (dbSNP),rs1422251813,rs1422251813,,X,47222899.0,T,C,rs1422251813,ENST00000357227.9:c.-6-653T>C,,ENST00000357227,NP_006192.1,,,,,other,intron_variant,,,,,,,,,,,none,,,,,0.0,0.0,0.0,0.0,0.0,0.0,0.75,11.25
rs1421698092,Ensembl VEP (dbSNP),rs1421698092,rs1421698092,,X,47221646.0,G,-,rs1421698092,ENST00000357227.9:c.-6-1906del,,ENST00000357227,NP_006192.1,,,,,other,intron_variant,,,,,,,,,,,none,,,,,0.0,0.0,0.0,0.0,0.0,0.0,0.75,11.25
rs1421450272,Ensembl VEP (dbSNP),rs1421450272,rs1421450272,,X,47222902.0,A,C,rs1421450272,ENST00000357227.9:c.-6-650A>C,,ENST00000357227,NP_006192.1,,,,,other,intron_variant,,,,,,,,,,,none,,,,,0.0,0.0,0.0,0.0,0.0,0.0,0.75,11.25
rs1421176095,Ensembl VEP (dbSNP),rs1421176095,rs1421176095,,X,47226523.0,C,G,rs1421176095,ENST00000357227.9:c.917-60C>G,,ENST00000357227,NP_006192.1,,,,,other,intron_variant,,,,,,,,,,,none,,,,,0.0,0.0,0.0,0.0,0.0,0.0,0.75,11.25
rs1420325357,Ensembl VEP (dbSNP),rs1420325357,rs1420325357,,X,47223960.0,C,T,rs1420325357,ENST00000357227.9:c.202+201C>T,,ENST00000357227,NP_006192.1,,,,,other,intron_variant,,,,,,,,,,,none,,,,,0.0,0.0,0.0,0.0,0.0,0.0,0.75,11.25
rs1420250816,Ensembl VEP (dbSNP),rs1420250816,rs1420250816,,X,47218142.0,C,T,rs1420250816,,,ENST00000335972,NP_006192.1,,,,,other,downstream_gene_variant,,,,,,,,,,,none,,,,,0.0,0.0,0.0,0.0,0.0,0.0,0.5,7.5
rs1420194778,Ensembl VEP (dbSNP),rs1420194778,rs1420194778,,X,47224774.0,T,G,rs1420194778,ENST00000357227.9:c.462+31T>G,,ENST00000357227,NP_006192.1,,,,,other,intron_variant,,,,,,,,,,,none,,,,,0.0,0.0,0.0,0.0,0.0,0.0,0.75,11.25
rs1420004794,Ensembl VEP (dbSNP),rs1420004794,rs1420004794,,X,47219711.0,G,C,rs1420004794,,,ENST00000335972,NP_006192.1,,,,,other,downstream_gene_variant,,,,,,,,,,,none,,,,,0.0,0.0,0.0,0.0,0.0,0.0,0.5,7.5
rs1418418455,Ensembl VEP (dbSNP),rs1418418455,rs1418418455,,X,47227512.0,G,A,rs1418418455,ENST00000357227.9:c.1375+43G>A,,ENST00000357227,NP_006192.1,,,,,other,intron_variant,,,,,,,,,,,none,,,,,0.0,0.0,0.0,0.0,0.0,0.0,0.75,11.25
rs1418122874,Ensembl VEP (dbSNP),rs1418122874,rs1418122874,,X,47227648.0,T,C,rs1418122874,ENST00000357227.9:c.1375+179T>C,,ENST00000357227,NP_006192.1,,,,,other,intron_variant,,,,,,,,,,,none,,,,,0.0,0.0,0.0,0.0,0.0,0.0,0.75,11.25
rs1418000638,Ensembl VEP (dbSNP),rs1418000638,rs1418000638,,X,47227389.0,G,A,rs1418000638,ENST00000357227.9:c.1295G>A,ENSP00000349762.4:p.Arg432Gln,ENST00000357227,NP_006192.1,432.0,R,Q,R432Q,missense,missense_variant,,,,,,0.0,deleterious_low_confidence,0.142,benign,Protein kinase,none,1.0,2.0,0.116,BENIGN,0.0,0.116,1.0,0.25,0.6,0.0,1.0,41.49
rs1417584486,Ensembl VEP (dbSNP),rs1417584486,rs1417584486,,X,47227373.0,A,C,rs1417584486,ENST00000357227.9:c.1285-6A>C,,ENST00000357227,NP_006192.1,,,,,splice,splice_region_variant;splice_polypyrimidine_tract_variant;intron_variant,,,,,,,,,,,none,,,,,0.0,0.0,0.0,0.0,0.0,0.0,0.75,11.25
rs1417361678,Ensembl VEP (dbSNP),rs1417361678,rs1417361678,,X,47220464.0,GGG,-,rs1417361678,ENST00000357227.9:c.-7+1359_-7+1361del,,ENST00000357227,NP_006192.1,,,,,other,intron_variant,,,,,,,,,,,none,,,,,0.0,0.0,0.0,0.0,0.0,0.0,0.75,11.25
rs1417348686,Ensembl VEP (dbSNP),rs1417348686,rs1417348686,,X,47229342.0,C,G,rs1417348686,ENST00000357227.9:c.*574C>G,,ENST00000357227,NP_006192.1,,,,,other,3_prime_UTR_variant,,,,,,,,,,,none,,,,,0.0,0.0,0.0,0.0,0.0,0.0,0.75,11.25
rs1416424114,Ensembl VEP (dbSNP),rs1416424114,rs1416424114,,X,47217279.0,GAGT,-,rs1416424114,,,ENST00000335972,NP_006192.1,,,,,other,downstream_gene_variant,,,,,,,,,,,none,,,,,0.0,0.0,0.0,0.0,0.0,0.0,0.5,7.5
rs1415825066,Ensembl VEP (dbSNP),rs1415825066,rs1415825066,,X,47228870.0,C,T,rs1415825066,ENST00000357227.9:c.*102C>T,,ENST00000357227,NP_006192.1,,,,,other,3_prime_UTR_variant,,,,,,,,,,,none,,,,,0.0,0.0,0.0,0.0,0.0,0.0,0.75,11.25
rs1415764826,Ensembl VEP (dbSNP),rs1415764826,rs1415764826,,X,47219280.0,-,CCCCGCCCTGG,rs1415764826,,,ENST00000335972,NP_006192.1,,,,,other,downstream_gene_variant,,,,,,,,,,,none,,,,,0.0,0.0,0.0,0.0,0.0,0.0,0.5,7.5
rs1415653174,Ensembl VEP (dbSNP),rs1415653174,rs1415653174,,X,47224610.0,C,T,rs1415653174,ENST00000357227.9:c.337-8C>T,,ENST00000357227,NP_006192.1,,,,,splice,splice_region_variant;splice_polypyrimidine_tract_variant;intron_variant,,,,,,,,,,,none,,,,,0.0,0.0,0.0,0.0,0.0,0.0,0.75,11.25
rs1415646599,Ensembl VEP (dbSNP),rs1415646599,rs1415646599,,X,47219525.0,G,A,rs1415646599,,,ENST00000335972,NP_006192.1,,,,,other,downstream_gene_variant,,,,,,,,,,,none,,,,,0.0,0.0,0.0,0.0,0.0,0.0,0.5,7.5
rs1415599834,Ensembl VEP (dbSNP),rs1415599834,rs1415599834,,X,47217983.0,TGCGGAATATTCGGCCTAT,-,rs1415599834,,,ENST00000335972,NP_006192.1,,,,,other,downstream_gene_variant,,,,,,,,,,,none,,,,,0.0,0.0,0.0,0.0,0.0,0.0,0.5,7.5
rs1415294036,Ensembl VEP (dbSNP),rs1415294036,rs1415294036,,X,47226506.0,-,ACAC,rs1415294036,ENST00000357227.9:c.917-81_917-78dup,,ENST00000357227,NP_006192.1,,,,,other,intron_variant,,,,,,,,,,,none,,,,,0.0,0.0,0.0,0.0,0.0,0.0,0.75,11.25
rs1415055054,Ensembl VEP (dbSNP),rs1415055054,rs1415055054,3999600,X,47224487.0,G,A,rs1415055054,ENST00000357227.9:c.305G>A,ENSP00000349762.4:p.Arg102His,ENST00000357227,NP_006192.1,102.0,R,H,R102H,missense,missense_variant,Uncertain significance,"criteria provided, single submitter",not specified,,,0.06,tolerated_low_confidence,0.033,benign,,none,1.0,2.0,0.7323,PATHOGENIC,0.6,0.7323,1.0,0.0,0.0,0.0,1.0,52.98
rs1414671966,Ensembl VEP (dbSNP),rs1414671966,rs1414671966,,X,47225675.0,A,G,rs1414671966,ENST00000357227.9:c.635-97A>G,,ENST00000357227,NP_006192.1,,,,,other,intron_variant,,,,,,,,,,,none,,,,,0.0,0.0,0.0,0.0,0.0,0.0,0.75,11.25
rs1414321960,Ensembl VEP (dbSNP),rs1414321960,rs1414321960,,X,47223974.0,T,G,rs1414321960,ENST00000357227.9:c.202+215T>G,,ENST00000357227,NP_006192.1,,,,,other,intron_variant,,,,,,,,,,,none,,,,,0.0,0.0,0.0,0.0,0.0,0.0,0.75,11.25
rs1414307923,Ensembl VEP (dbSNP),rs1414307923,rs1414307923,,X,47227463.0,C,A,rs1414307923,ENST00000357227.9:c.1369C>A,ENSP00000349762.4:p.Pro457Thr,ENST00000357227,NP_006192.1,457.0,P,T,P457T,missense,missense_variant,,,,,,0.01,deleterious_low_confidence,0.022,benign,,none,1.0,2.0,0.1358,BENIGN,0.0,0.1358,1.0,0.0,0.0,0.0,1.0,32.04
rs1414114617,Ensembl VEP (dbSNP),rs1414114617,rs1414114617,,X,47230260.0,C,A,rs1414114617,,,ENST00000357227,NP_006192.1,,,,,other,downstream_gene_variant,,,,,,,,,,,none,,,,,0.0,0.0,0.0,0.0,0.0,0.0,0.5,7.5
rs1414053084,Ensembl VEP (dbSNP),rs1414053084,rs1414053084,,X,47230163.0,G,A,rs1414053084,,,ENST00000357227,NP_006192.1,,,,,other,downstream_gene_variant,,,,,,,,,,,none,,,,,0.0,0.0,0.0,0.0,0.0,0.0,0.5,7.5
rs1413866579,Ensembl VEP (dbSNP),rs1413866579,rs1413866579,,X,47229052.0,C,T,rs1413866579,ENST00000357227.9:c.*284C>T,,ENST00000357227,NP_006192.1,,,,,other,3_prime_UTR_variant,,,,,,,,,,,none,,,,,0.0,0.0,0.0,0.0,0.0,0.0,0.75,11.25
rs1413732626,Ensembl VEP (dbSNP),rs1413732626,rs1413732626,,X,47224578.0,G,A,rs1413732626,ENST00000357227.9:c.337-40G>A,,ENST00000357227,NP_006192.1,,,,,other,intron_variant,,,,,,,,,,,none,,,,,0.0,0.0,0.0,0.0,0.0,0.0,0.75,11.25
rs1413678791,Ensembl VEP (dbSNP),rs1413678791,rs1413678791,,X,47219693.0,A,C,rs1413678791,,,ENST00000335972,NP_006192.1,,,,,other,downstream_gene_variant,,,,,,,,,,,none,,,,,0.0,0.0,0.0,0.0,0.0,0.0,0.5,7.5
rs1413649829,Ensembl VEP (dbSNP),rs1413649829,rs1413649829,,X,47224356.0,G,A,rs1413649829,ENST00000357227.9:c.203-29G>A,,ENST00000357227,NP_006192.1,,,,,other,intron_variant,,,,,,,,,,,none,,,,,0.0,0.0,0.0,0.0,0.0,0.0,0.75,11.25
rs1413019341,Ensembl VEP (dbSNP),rs1413019341,rs1413019341,,X,47218027.0,A,G,rs1413019341,,,ENST00000335972,NP_006192.1,,,,,other,downstream_gene_variant,,,,,,,,,,,none,,,,,0.0,0.0,0.0,0.0,0.0,0.0,0.5,7.5
rs1412946277,Ensembl VEP (dbSNP),rs1412946277,rs1412946277,,X,47219138.0,C,G,rs1412946277,,,ENST00000335972,NP_006192.1,,,,,other,downstream_gene_variant,,,,,,,,,,,none,,,,,0.0,0.0,0.0,0.0,0.0,0.0,0.5,7.5
rs1412093099,Ensembl VEP (dbSNP),rs1412093099,rs1412093099,,X,47223656.0,G,A,rs1412093099,ENST00000357227.9:c.99G>A,ENSP00000349762.4:p.Leu33=,ENST00000357227,NP_006192.1,33.0,,,,synonymous,synonymous_variant,,,,,,,,,,Disordered,binding_site,1.0,2.0,,,0.0,0.0,1.0,0.5,0.3,0.0,1.0,40.5
rs1411923251,Ensembl VEP (dbSNP),rs1411923251,rs1411923251,,X,47229895.0,G,A,rs1411923251,ENST00000357227.9:c.*1127G>A,,ENST00000357227,NP_006192.1,,,,,other,3_prime_UTR_variant,,,,,,,,,,,none,,,,,0.0,0.0,0.0,0.0,0.0,0.0,0.75,11.25
rs1411888744,Ensembl VEP (dbSNP),rs1411888744,rs1411888744,,X,47216794.0,T,G,rs1411888744,,,ENST00000335972,NP_006192.1,,,,,other,downstream_gene_variant,,,,,,,,,,,none,,,,,0.0,0.0,0.0,0.0,0.0,0.0,0.5,7.5
rs1411764507,Ensembl VEP (dbSNP),rs1411764507,rs1411764507,,X,47228680.0,C,T,rs1411764507,ENST00000357227.9:c.1453+36C>T,,ENST00000357227,NP_006192.1,,,,,other,intron_variant,,,,,,,,,,,none,,,,,0.0,0.0,0.0,0.0,0.0,0.0,0.75,11.25
rs1411508752,Ensembl VEP (dbSNP),rs1411508752,rs1411508752,,X,47225825.0,A,G,rs1411508752,ENST00000357227.9:c.688A>G,ENSP00000349762.4:p.Ile230Val,ENST00000357227,NP_006192.1,230.0,I,V,I230V,missense,missense_variant,,,,,,0.2,tolerated_low_confidence,0.113,benign,Protein kinase,none,1.0,2.0,0.1921,BENIGN,0.0,0.1921,1.0,0.25,0.6,0.0,1.0,42.63
rs1411375433,Ensembl VEP (dbSNP),rs1411375433,rs1411375433,,X,47226901.0,G,A,rs1411375433,ENST00000357227.9:c.1127G>A,ENSP00000349762.4:p.Arg376His,ENST00000357227,NP_006192.1,376.0,R,H,R376H,missense,missense_variant,,,,,,0.03,deleterious_low_confidence,0.075,benign,Protein kinase,none,1.0,2.0,0.4603,AMBIGUOUS,0.0,0.4603,1.0,0.25,0.6,0.0,1.0,46.65
rs1411285109,Ensembl VEP (dbSNP),rs1411285109,rs1411285109,,X,47218302.0,C,T,rs1411285109,,,ENST00000335972,NP_006192.1,,,,,other,downstream_gene_variant,,,,,,,,,,,none,,,,,0.0,0.0,0.0,0.0,0.0,0.0,0.5,7.5
rs1411203529,Ensembl VEP (dbSNP),rs1411203529,rs1411203529,,X,47222337.0,G,A,rs1411203529,ENST00000357227.9:c.-6-1215G>A,,ENST00000357227,NP_006192.1,,,,,other,intron_variant,,,,,,,,,,,none,,,,,0.0,0.0,0.0,0.0,0.0,0.0,0.75,11.25
rs1411123396,Ensembl VEP (dbSNP),rs1411123396,rs1411123396,,X,47216375.0,C,T,rs1411123396,,,ENST00000335972,NP_006192.1,,,,,other,downstream_gene_variant,,,,,,,,,,,none,,,,,0.0,0.0,0.0,0.0,0.0,0.0,0.5,7.5
rs1410892319,Ensembl VEP (dbSNP),rs1410892319,rs1410892319,,X,47220604.0,G,A,rs1410892319,ENST00000357227.9:c.-7+1499G>A,,ENST00000357227,NP_006192.1,,,,,other,intron_variant,,,,,,,,,,,none,,,,,0.0,0.0,0.0,0.0,0.0,0.0,0.75,11.25
rs1410510656,Ensembl VEP (dbSNP),rs1410510656,rs1410510656,,X,47230113.0,G,C,rs1410510656,,,ENST00000357227,NP_006192.1,,,,,other,downstream_gene_variant,,,,,,,,,,,none,,,,,0.0,0.0,0.0,0.0,0.0,0.0,0.5,7.5
rs1410465338,Ensembl VEP (dbSNP),rs1410465338,rs1410465338,,X,47228333.0,G,T,rs1410465338,ENST00000357227.9:c.1376-234G>T,,ENST00000357227,NP_006192.1,,,,,other,intron_variant,,,,,,,,,,,none,,,,,0.0,0.0,0.0,0.0,0.0,0.0,0.75,11.25
rs1410331986,Ensembl VEP (dbSNP),rs1410331986,rs1410331986,,X,47216922.0,A,-,rs1410331986,,,ENST00000335972,NP_006192.1,,,,,other,downstream_gene_variant,,,,,,,,,,,none,,,,,0.0,0.0,0.0,0.0,0.0,0.0,0.5,7.5
rs1410232725,Ensembl VEP (dbSNP),rs1410232725,rs1410232725,,X,47222507.0,G,C,rs1410232725,ENST00000357227.9:c.-6-1045G>C,,ENST00000357227,NP_006192.1,,,,,other,intron_variant,,,,,,,,,,,none,,,,,0.0,0.0,0.0,0.0,0.0,0.0,0.75,11.25
rs1410216536,Ensembl VEP (dbSNP),rs1410216536,rs1410216536,,X,47218651.0,A,G,rs1410216536,,,ENST00000335972,NP_006192.1,,,,,other,downstream_gene_variant,,,,,,,,,,,none,,,,,0.0,0.0,0.0,0.0,0.0,0.0,0.5,7.5
rs1409998902,Ensembl VEP (dbSNP),rs1409998902,rs1409998902,,X,47220785.0,C,T,rs1409998902,ENST00000357227.9:c.-7+1680C>T,,ENST00000357227,NP_006192.1,,,,,other,intron_variant,,,,,,,,,,,none,,,,,0.0,0.0,0.0,0.0,0.0,0.0,0.75,11.25
rs1409809233,Ensembl VEP (dbSNP),rs1409809233,rs1409809233,,X,47221227.0,G,A,rs1409809233,ENST00000357227.9:c.-7+2122G>A,,ENST00000357227,NP_006192.1,,,,,other,intron_variant,,,,,,,,,,,none,,,,,0.0,0.0,0.0,0.0,0.0,0.0,0.75,11.25
rs1409782454,Ensembl VEP (dbSNP),rs1409782454,rs1409782454,,X,47229529.0,G,A,rs1409782454,ENST00000357227.9:c.*761G>A,,ENST00000357227,NP_006192.1,,,,,other,3_prime_UTR_variant,,,,,,,,,,,none,,,,,0.0,0.0,0.0,0.0,0.0,0.0,0.75,11.25
rs1409748587,Ensembl VEP (dbSNP),rs1409748587,rs1409748587,,X,47220462.0,T,A,rs1409748587,ENST00000357227.9:c.-7+1357T>A,,ENST00000357227,NP_006192.1,,,,,other,intron_variant,,,,,,,,,,,none,,,,,0.0,0.0,0.0,0.0,0.0,0.0,0.75,11.25
rs1409656929,Ensembl VEP (dbSNP),rs1409656929,rs1409656929,,X,47228594.0,T,A,rs1409656929,ENST00000357227.9:c.1403T>A,ENSP00000349762.4:p.Ile468Asn,ENST00000357227,NP_006192.1,468.0,I,N,I468N,missense,missense_variant,,,,,,0.01,deleterious_low_confidence,0.937,probably_damaging,,none,1.0,2.0,0.8426,PATHOGENIC,0.0,0.8426,1.0,0.0,0.0,0.0,1.0,42.64
rs1409630743,Ensembl VEP (dbSNP),rs1409630743,rs1409630743,,X,47217967.0,T,G,rs1409630743,,,ENST00000335972,NP_006192.1,,,,,other,downstream_gene_variant,,,,,,,,,,,none,,,,,0.0,0.0,0.0,0.0,0.0,0.0,0.5,7.5
rs1409461582,Ensembl VEP (dbSNP),rs1409461582,rs1409461582,,X,47217154.0,G,A,rs1409461582,,,ENST00000335972,NP_006192.1,,,,,other,downstream_gene_variant,,,,,,,,,,,none,,,,,0.0,0.0,0.0,0.0,0.0,0.0,0.5,7.5
rs1409349384,Ensembl VEP (dbSNP),rs1409349384,rs1409349384,,X,47216659.0,C,G,rs1409349384,,,ENST00000335972,NP_006192.1,,,,,other,downstream_gene_variant,,,,,,,,,,,none,,,,,0.0,0.0,0.0,0.0,0.0,0.0,0.5,7.5
rs1409335993,Ensembl VEP (dbSNP),rs1409335993,rs1409335993,,X,47217310.0,C,G,rs1409335993,,,ENST00000335972,NP_006192.1,,,,,other,downstream_gene_variant,,,,,,,,,,,none,,,,,0.0,0.0,0.0,0.0,0.0,0.0,0.5,7.5
rs1409267584,Ensembl VEP (dbSNP),rs1409267584,rs1409267584,,X,47218705.0,C,T,rs1409267584,,,ENST00000335972,NP_006192.1,,,,,other,downstream_gene_variant,,,,,,,,,,,none,,,,,0.0,0.0,0.0,0.0,0.0,0.0,0.5,7.5
rs1408939049,Ensembl VEP (dbSNP),rs1408939049,rs1408939049,,X,47225934.0,C,T,rs1408939049,ENST00000357227.9:c.730-31C>T,,ENST00000357227,NP_006192.1,,,,,other,intron_variant,,,,,,,,,,,none,,,,,0.0,0.0,0.0,0.0,0.0,0.0,0.75,11.25
rs1408261981,Ensembl VEP (dbSNP),rs1408261981,rs1408261981,,X,47228824.0,G,A,rs1408261981,ENST00000357227.9:c.*56G>A,,ENST00000357227,NP_006192.1,,,,,other,3_prime_UTR_variant,,,,,,,,,,,none,,,,,0.0,0.0,0.0,0.0,0.0,0.0,0.75,11.25
rs1408120987,Ensembl VEP (dbSNP),rs1408120987,rs1408120987,,X,47225236.0,A,G,rs1408120987,ENST00000357227.9:c.634+134A>G,,ENST00000357227,NP_006192.1,,,,,other,intron_variant,,,,,,,,,,,none,,,,,0.0,0.0,0.0,0.0,0.0,0.0,0.75,11.25
rs1407828872,Ensembl VEP (dbSNP),rs1407828872,rs1407828872,,X,47221148.0,C,G,rs1407828872,ENST00000357227.9:c.-7+2043C>G,,ENST00000357227,NP_006192.1,,,,,other,intron_variant,,,,,,,,,,,none,,,,,0.0,0.0,0.0,0.0,0.0,0.0,0.75,11.25
rs1407722003,Ensembl VEP (dbSNP),rs1407722003,rs1407722003,,X,47226412.0,G,C,rs1407722003,ENST00000357227.9:c.916+10G>C,,ENST00000357227,NP_006192.1,,,,,other,intron_variant,,,,,,,,,,,none,,,,,0.0,0.0,0.0,0.0,0.0,0.0,0.75,11.25
rs1407361757,Ensembl VEP (dbSNP),rs1407361757,rs1407361757,,X,47224958.0,C,A,rs1407361757,ENST00000357227.9:c.520-30C>A,,ENST00000357227,NP_006192.1,,,,,other,intron_variant,,,,,,,,,,,none,,,,,0.0,0.0,0.0,0.0,0.0,0.0,0.75,11.25
rs1407352282,Ensembl VEP (dbSNP),rs1407352282,rs1407352282,,X,47221430.0,T,C,rs1407352282,ENST00000357227.9:c.-6-2122T>C,,ENST00000357227,NP_006192.1,,,,,other,intron_variant,,,,,,,,,,,none,,,,,0.0,0.0,0.0,0.0,0.0,0.0,0.75,11.25
rs1406938919,Ensembl VEP (dbSNP),rs1406938919,rs1406938919,,X,47225738.0,C,T,rs1406938919,ENST00000357227.9:c.635-34C>T,,ENST00000357227,NP_006192.1,,,,,other,intron_variant,,,,,,,,,,,none,,,,,0.0,0.0,0.0,0.0,0.0,0.0,0.75,11.25
rs1406577882,Ensembl VEP (dbSNP),rs1406577882,rs1406577882,,X,47230241.0,G,T,rs1406577882,,,ENST00000357227,NP_006192.1,,,,,other,downstream_gene_variant,,,,,,,,,,,none,,,,,0.0,0.0,0.0,0.0,0.0,0.0,0.5,7.5
rs1405630920,Ensembl VEP (dbSNP),rs1405630920,rs1405630920,,X,47220394.0,T,A,rs1405630920,ENST00000357227.9:c.-7+1289T>A,,ENST00000357227,NP_006192.1,,,,,other,intron_variant,,,,,,,,,,,none,,,,,0.0,0.0,0.0,0.0,0.0,0.0,0.75,11.25
rs1405170454,Ensembl VEP (dbSNP),rs1405170454,rs1405170454,,X,47221834.0,G,A,rs1405170454,ENST00000357227.9:c.-6-1718G>A,,ENST00000357227,NP_006192.1,,,,,other,intron_variant,,,,,,,,,,,none,,,,,0.0,0.0,0.0,0.0,0.0,0.0,0.75,11.25
rs1404720797,Ensembl VEP (dbSNP),rs1404720797,rs1404720797,,X,47229523.0,C,T,rs1404720797,ENST00000357227.9:c.*755C>T,,ENST00000357227,NP_006192.1,,,,,other,3_prime_UTR_variant,,,,,,,,,,,none,,,,,0.0,0.0,0.0,0.0,0.0,0.0,0.75,11.25
rs1404555915,Ensembl VEP (dbSNP),rs1404555915,rs1404555915,,X,47218293.0,TT,-,rs1404555915,,,ENST00000335972,NP_006192.1,,,,,other,downstream_gene_variant,,,,,,,,,,,none,,,,,0.0,0.0,0.0,0.0,0.0,0.0,0.5,7.5
rs1404179444,Ensembl VEP (dbSNP),rs1404179444,rs1404179444,,X,47222318.0,C,T,rs1404179444,ENST00000357227.9:c.-6-1234C>T,,ENST00000357227,NP_006192.1,,,,,other,intron_variant,,,,,,,,,,,none,,,,,0.0,0.0,0.0,0.0,0.0,0.0,0.75,11.25
rs1404176497,Ensembl VEP (dbSNP),rs1404176497,rs1404176497,,X,47222056.0,C,T,rs1404176497,ENST00000357227.9:c.-6-1496C>T,,ENST00000357227,NP_006192.1,,,,,other,intron_variant,,,,,,,,,,,none,,,,,0.0,0.0,0.0,0.0,0.0,0.0,0.75,11.25
rs1404114988,Ensembl VEP (dbSNP),rs1404114988,rs1404114988,,X,47219505.0,G,A,rs1404114988,,,ENST00000335972,NP_006192.1,,,,,other,downstream_gene_variant,,,,,,,,,,,none,,,,,0.0,0.0,0.0,0.0,0.0,0.0,0.5,7.5
rs1403973504,Ensembl VEP (dbSNP),rs1403973504,rs1403973504,,X,47224360.0,-,T,rs1403973504,ENST00000357227.9:c.203-26dup,,ENST00000357227,NP_006192.1,,,,,other,intron_variant,,,,,,,,,,,none,,,,,0.0,0.0,0.0,0.0,0.0,0.0,0.75,11.25
rs1403498957,Ensembl VEP (dbSNP),rs1403498957,rs1403498957,,X,47218985.0,T,G,rs1403498957,,,ENST00000335972,NP_006192.1,,,,,other,downstream_gene_variant,,,,,,,,,,,none,,,,,0.0,0.0,0.0,0.0,0.0,0.0,0.5,7.5
rs1403444368,Ensembl VEP (dbSNP),rs1403444368,rs1403444368,,X,47220194.0,A,-,rs1403444368,ENST00000357227.9:c.-7+1089del,,ENST00000357227,NP_006192.1,,,,,other,intron_variant,,,,,,,,,,,none,,,,,0.0,0.0,0.0,0.0,0.0,0.0,0.75,11.25
rs1402876342,Ensembl VEP (dbSNP),rs1402876342,rs1402876342,,X,47222831.0,G,A,rs1402876342,ENST00000357227.9:c.-6-721G>A,,ENST00000357227,NP_006192.1,,,,,other,intron_variant,,,,,,,,,,,none,,,,,0.0,0.0,0.0,0.0,0.0,0.0,0.75,11.25
rs1402251062,Ensembl VEP (dbSNP),rs1402251062,rs1402251062,,X,47224293.0,A,G,rs1402251062,ENST00000357227.9:c.203-92A>G,,ENST00000357227,NP_006192.1,,,,,other,intron_variant,,,,,,,,,,,none,,,,,0.0,0.0,0.0,0.0,0.0,0.0,0.75,11.25
rs1402085625,Ensembl VEP (dbSNP),rs1402085625,rs1402085625,,X,47217985.0,C,A,rs1402085625,,,ENST00000335972,NP_006192.1,,,,,other,downstream_gene_variant,,,,,,,,,,,none,,,,,0.0,0.0,0.0,0.0,0.0,0.0,0.5,7.5
rs1401900967,Ensembl VEP (dbSNP),rs1401900967,rs1401900967,,X,47223783.0,T,C,rs1401900967,ENST00000357227.9:c.202+24T>C,,ENST00000357227,NP_006192.1,,,,,other,intron_variant,,,,,,,,,,,none,,,,,0.0,0.0,0.0,0.0,0.0,0.0,0.75,11.25
rs1401663577,Ensembl VEP (dbSNP),rs1401663577,rs1401663577,,X,47219134.0,-,T,rs1401663577,,,ENST00000335972,NP_006192.1,,,,,other,downstream_gene_variant,,,,,,,,,,,none,,,,,0.0,0.0,0.0,0.0,0.0,0.0,0.5,7.5
rs1401430274,Ensembl VEP (dbSNP),rs1401430274,rs1401430274,,X,47223154.0,G,A,rs1401430274,ENST00000357227.9:c.-6-398G>A,,ENST00000357227,NP_006192.1,,,,,other,intron_variant,,,,,,,,,,,none,,,,,0.0,0.0,0.0,0.0,0.0,0.0,0.75,11.25
rs1401138737,Ensembl VEP (dbSNP),rs1401138737,rs1401138737,,X,47224099.0,T,G,rs1401138737,ENST00000357227.9:c.203-286T>G,,ENST00000357227,NP_006192.1,,,,,other,intron_variant,,,,,,,,,,,none,,,,,0.0,0.0,0.0,0.0,0.0,0.0,0.75,11.25
rs1399773795,Ensembl VEP (dbSNP),rs1399773795,rs1399773795,,X,47229954.0,C,T,rs1399773795,ENST00000357227.9:c.*1186C>T,,ENST00000357227,NP_006192.1,,,,,other,3_prime_UTR_variant,,,,,,,,,,,none,,,,,0.0,0.0,0.0,0.0,0.0,0.0,0.75,11.25
rs1399495568,Ensembl VEP (dbSNP),rs1399495568,rs1399495568,,X,47224607.0,T,C,rs1399495568,ENST00000357227.9:c.337-11T>C,,ENST00000357227,NP_006192.1,,,,,splice,splice_polypyrimidine_tract_variant;intron_variant,,,,,,,,,,,none,,,,,0.0,0.0,0.0,0.0,0.0,0.0,0.75,11.25
rs1398921516,Ensembl VEP (dbSNP),rs1398921516,rs1398921516,,X,47223034.0,A,G,rs1398921516,ENST00000357227.9:c.-6-518A>G,,ENST00000357227,NP_006192.1,,,,,other,intron_variant,,,,,,,,,,,none,,,,,0.0,0.0,0.0,0.0,0.0,0.0,0.75,11.25
rs1398755512,Ensembl VEP (dbSNP),rs1398755512,rs1398755512,,X,47219263.0,C,T,rs1398755512,,,ENST00000335972,NP_006192.1,,,,,other,downstream_gene_variant,,,,,,,,,,,none,,,,,0.0,0.0,0.0,0.0,0.0,0.0,0.5,7.5
rs1398703168,Ensembl VEP (dbSNP),rs1398703168,rs1398703168,,X,47220582.0,A,G,rs1398703168,ENST00000357227.9:c.-7+1477A>G,,ENST00000357227,NP_006192.1,,,,,other,intron_variant,,,,,,,,,,,none,,,,,0.0,0.0,0.0,0.0,0.0,0.0,0.75,11.25
rs1398696968,Ensembl VEP (dbSNP),rs1398696968,rs1398696968,,X,47230404.0,G,A,rs1398696968,,,ENST00000357227,NP_006192.1,,,,,other,downstream_gene_variant,,,,,,,,,,,none,,,,,0.0,0.0,0.0,0.0,0.0,0.0,0.5,7.5
rs1398400346,Ensembl VEP (dbSNP),rs1398400346,rs1398400346,,X,47222647.0,T,G,rs1398400346,ENST00000357227.9:c.-6-905T>G,,ENST00000357227,NP_006192.1,,,,,other,intron_variant,,,,,,,,,,,none,,,,,0.0,0.0,0.0,0.0,0.0,0.0,0.75,11.25
rs1398258372,Ensembl VEP (dbSNP),rs1398258372,rs1398258372,,X,47226721.0,T,G,rs1398258372,ENST00000357227.9:c.1037+18T>G,,ENST00000357227,NP_006192.1,,,,,other,intron_variant,,,,,,,,,,,none,,,,,0.0,0.0,0.0,0.0,0.0,0.0,0.75,11.25
rs1397900361,Ensembl VEP (dbSNP),rs1397900361,rs1397900361,,X,47223047.0,C,T,rs1397900361,ENST00000357227.9:c.-6-505C>T,,ENST00000357227,NP_006192.1,,,,,other,intron_variant,,,,,,,,,,,none,,,,,0.0,0.0,0.0,0.0,0.0,0.0,0.75,11.25
rs1397539859,Ensembl VEP (dbSNP),rs1397539859,rs1397539859,,X,47218689.0,C,A,rs1397539859,,,ENST00000335972,NP_006192.1,,,,,other,downstream_gene_variant,,,,,,,,,,,none,,,,,0.0,0.0,0.0,0.0,0.0,0.0,0.5,7.5
rs1397510958,Ensembl VEP (dbSNP),rs1397510958,rs1397510958,,X,47228137.0,C,T,rs1397510958,ENST00000357227.9:c.1376-430C>T,,ENST00000357227,NP_006192.1,,,,,other,intron_variant,,,,,,,,,,,none,,,,,0.0,0.0,0.0,0.0,0.0,0.0,0.75,11.25
rs1397491950,Ensembl VEP (dbSNP),rs1397491950,rs1397491950,,X,47228450.0,G,A,rs1397491950,ENST00000357227.9:c.1376-117G>A,,ENST00000357227,NP_006192.1,,,,,other,intron_variant,,,,,,,,,,,none,,,,,0.0,0.0,0.0,0.0,0.0,0.0,0.75,11.25
rs1396941936,Ensembl VEP (dbSNP),rs1396941936,rs1396941936,4490445,X,47226580.0,C,T,rs1396941936,ENST00000357227.9:c.917-3C>T,,ENST00000357227,NP_006192.1,,,,,splice,splice_region_variant;splice_polypyrimidine_tract_variant;intron_variant,,,,,,,,,,,none,,,,,0.0,0.0,0.0,0.0,0.0,0.0,0.75,11.25
rs1396699515,Ensembl VEP (dbSNP),rs1396699515,rs1396699515,,X,47216773.0,A,G,rs1396699515,,,ENST00000335972,NP_006192.1,,,,,other,downstream_gene_variant,,,,,,,,,,,none,,,,,0.0,0.0,0.0,0.0,0.0,0.0,0.5,7.5
rs1396563531,Ensembl VEP (dbSNP),rs1396563531,rs1396563531,,X,47224692.0,T,C,rs1396563531,ENST00000357227.9:c.411T>C,ENSP00000349762.4:p.Asn137=,ENST00000357227,NP_006192.1,137.0,,,,synonymous,synonymous_variant,,,,,,,,,,,none,1.0,2.0,,,0.0,0.0,1.0,0.0,0.0,0.0,1.0,30.0
rs1395854533,Ensembl VEP (dbSNP),rs1395854533,rs1395854533,,X,47230376.0,GG,-,rs1395854533,,,ENST00000357227,NP_006192.1,,,,,other,downstream_gene_variant,,,,,,,,,,,none,,,,,0.0,0.0,0.0,0.0,0.0,0.0,0.5,7.5
rs1395638093,Ensembl VEP (dbSNP),rs1395638093,rs1395638093,,X,47217124.0,-,T,rs1395638093,,,ENST00000335972,NP_006192.1,,,,,other,downstream_gene_variant,,,,,,,,,,,none,,,,,0.0,0.0,0.0,0.0,0.0,0.0,0.5,7.5
rs1395329982,Ensembl VEP (dbSNP),rs1395329982,rs1395329982,,X,47222484.0,G,A,rs1395329982,ENST00000357227.9:c.-6-1068G>A,,ENST00000357227,NP_006192.1,,,,,other,intron_variant,,,,,,,,,,,none,,,,,0.0,0.0,0.0,0.0,0.0,0.0,0.75,11.25
rs1395038509,Ensembl VEP (dbSNP),rs1395038509,rs1395038509,,X,47216491.0,A,G,rs1395038509,,,ENST00000335972,NP_006192.1,,,,,other,downstream_gene_variant,,,,,,,,,,,none,,,,,0.0,0.0,0.0,0.0,0.0,0.0,0.5,7.5
rs1395013703,Ensembl VEP (dbSNP),rs1395013703,rs1395013703,,X,47225945.0,A,G,rs1395013703,ENST00000357227.9:c.730-20A>G,,ENST00000357227,NP_006192.1,,,,,other,intron_variant,,,,,,,,,,,none,,,,,0.0,0.0,0.0,0.0,0.0,0.0,0.75,11.25
rs1394924284,Ensembl VEP (dbSNP),rs1394924284,rs1394924284,,X,47218998.0,T,C,rs1394924284,,,ENST00000335972,NP_006192.1,,,,,other,downstream_gene_variant,,,,,,,,,,,none,,,,,0.0,0.0,0.0,0.0,0.0,0.0,0.5,7.5
rs1394269344,Ensembl VEP (dbSNP),rs1394269344,rs1394269344,,X,47225204.0,C,T,rs1394269344,ENST00000357227.9:c.634+102C>T,,ENST00000357227,NP_006192.1,,,,,other,intron_variant,,,,,,,,,,,none,,,,,0.0,0.0,0.0,0.0,0.0,0.0,0.75,11.25
rs1394035797,Ensembl VEP (dbSNP),rs1394035797,rs1394035797,,X,47217412.0,T,A,rs1394035797,,,ENST00000335972,NP_006192.1,,,,,other,downstream_gene_variant,,,,,,,,,,,none,,,,,0.0,0.0,0.0,0.0,0.0,0.0,0.5,7.5
rs1393716886,Ensembl VEP (dbSNP),rs1393716886,rs1393716886,,X,47229380.0,C,A,rs1393716886,ENST00000357227.9:c.*612C>A,,ENST00000357227,NP_006192.1,,,,,other,3_prime_UTR_variant,,,,,,,,,,,none,,,,,0.0,0.0,0.0,0.0,0.0,0.0,0.75,11.25
rs1393200311,Ensembl VEP (dbSNP),rs1393200311,rs1393200311,,X,47227335.0,-,AAAATGA,rs1393200311,ENST00000357227.9:c.1285-45_1285-44insAAAATGA,,ENST00000357227,NP_006192.1,,,,,other,intron_variant,,,,,,,,,,,none,,,,,0.0,0.0,0.0,0.0,0.0,0.0,0.75,11.25
rs1392692181,Ensembl VEP (dbSNP),rs1392692181,rs1392692181,,X,47223101.0,A,C,rs1392692181,ENST00000357227.9:c.-6-451A>C,,ENST00000357227,NP_006192.1,,,,,other,intron_variant,,,,,,,,,,,none,,,,,0.0,0.0,0.0,0.0,0.0,0.0,0.75,11.25
rs1392635709,Ensembl VEP (dbSNP),rs1392635709,rs1392635709,,X,47227081.0,T,C,rs1392635709,ENST00000357227.9:c.1223T>C,ENSP00000349762.4:p.Leu408Pro,ENST00000357227,NP_006192.1,408.0,L,P,L408P,missense,missense_variant,,,,,,0.0,deleterious_low_confidence,0.999,probably_damaging,Protein kinase,none,1.0,2.0,0.6627,PATHOGENIC,0.0,0.6627,1.0,0.25,0.6,0.0,1.0,49.69
rs1392604376,Ensembl VEP (dbSNP),rs1392604376,rs1392604376,,X,47218866.0,G,A,rs1392604376,,,ENST00000335972,NP_006192.1,,,,,other,downstream_gene_variant,,,,,,,,,,,none,,,,,0.0,0.0,0.0,0.0,0.0,0.0,0.5,7.5
rs1392581644,Ensembl VEP (dbSNP),rs1392581644,rs1392581644,,X,47229387.0,G,A,rs1392581644,ENST00000357227.9:c.*619G>A,,ENST00000357227,NP_006192.1,,,,,other,3_prime_UTR_variant,,,,,,,,,,,none,,,,,0.0,0.0,0.0,0.0,0.0,0.0,0.75,11.25
rs1392499937,Ensembl VEP (dbSNP),rs1392499937,rs1392499937,,X,47226748.0,G,C,rs1392499937,ENST00000357227.9:c.1037+45G>C,,ENST00000357227,NP_006192.1,,,,,other,intron_variant,,,,,,,,,,,none,,,,,0.0,0.0,0.0,0.0,0.0,0.0,0.75,11.25
rs1392178751,Ensembl VEP (dbSNP),rs1392178751,rs1392178751,,X,47219984.0,T,C,rs1392178751,,,ENST00000335972,NP_006192.1,,,,,other,downstream_gene_variant,,,,,,,,,,,none,,,,,0.0,0.0,0.0,0.0,0.0,0.0,0.5,7.5
rs1391503503,Ensembl VEP (dbSNP),rs1391503503,rs1391503503,,X,47227731.0,G,T,rs1391503503,ENST00000357227.9:c.1375+262G>T,,ENST00000357227,NP_006192.1,,,,,other,intron_variant,,,,,,,,,,,none,,,,,0.0,0.0,0.0,0.0,0.0,0.0,0.75,11.25
rs1390904113,Ensembl VEP (dbSNP),rs1390904113,rs1390904113,,X,47220208.0,T,A,rs1390904113,ENST00000357227.9:c.-7+1103T>A,,ENST00000357227,NP_006192.1,,,,,other,intron_variant,,,,,,,,,,,none,,,,,0.0,0.0,0.0,0.0,0.0,0.0,0.75,11.25
rs1390854463,Ensembl VEP (dbSNP),rs1390854463,rs1390854463,,X,47221785.0,T,C,rs1390854463,ENST00000357227.9:c.-6-1767T>C,,ENST00000357227,NP_006192.1,,,,,other,intron_variant,,,,,,,,,,,none,,,,,0.0,0.0,0.0,0.0,0.0,0.0,0.75,11.25
rs1390728638,Ensembl VEP (dbSNP),rs1390728638,rs1390728638,,X,47223083.0,T,-,rs1390728638,ENST00000357227.9:c.-6-469del,,ENST00000357227,NP_006192.1,,,,,other,intron_variant,,,,,,,,,,,none,,,,,0.0,0.0,0.0,0.0,0.0,0.0,0.75,11.25
rs1390671990,Ensembl VEP (dbSNP),rs1390671990,rs1390671990,,X,47224927.0,G,A,rs1390671990,ENST00000357227.9:c.519+37G>A,,ENST00000357227,NP_006192.1,,,,,other,intron_variant,,,,,,,,,,,none,,,,,0.0,0.0,0.0,0.0,0.0,0.0,0.75,11.25
rs1390591899,Ensembl VEP (dbSNP),rs1390591899,rs1390591899,,X,47229754.0,G,C,rs1390591899,ENST00000357227.9:c.*986G>C,,ENST00000357227,NP_006192.1,,,,,other,3_prime_UTR_variant,,,,,,,,,,,none,,,,,0.0,0.0,0.0,0.0,0.0,0.0,0.75,11.25
rs1390417949,Ensembl VEP (dbSNP),rs1390417949,rs1390417949,,X,47219815.0,G,C,rs1390417949,,,ENST00000335972,NP_006192.1,,,,,other,downstream_gene_variant,,,,,,,,,,,none,,,,,0.0,0.0,0.0,0.0,0.0,0.0,0.5,7.5
rs1390334897,Ensembl VEP (dbSNP),rs1390334897,rs1390334897,3141517,X,47224501.0,C,T,rs1390334897,ENST00000357227.9:c.319C>T,ENSP00000349762.4:p.Arg107Cys,ENST00000357227,NP_006192.1,107.0,R,C,R107C,missense,missense_variant,Uncertain significance,"criteria provided, single submitter",not specified,,,0.07,tolerated_low_confidence,0.075,benign,,none,1.0,2.0,0.5209,AMBIGUOUS,0.6,0.5209,1.0,0.0,0.0,0.0,1.0,49.81
rs1389707309,Ensembl VEP (dbSNP),rs1389707309,rs1389707309,,X,47219254.0,C,G,rs1389707309,,,ENST00000335972,NP_006192.1,,,,,other,downstream_gene_variant,,,,,,,,,,,none,,,,,0.0,0.0,0.0,0.0,0.0,0.0,0.5,7.5
rs1389597373,Ensembl VEP (dbSNP),rs1389597373,rs1389597373,,X,47217693.0,CAAAA,-,rs1389597373,,,ENST00000335972,NP_006192.1,,,,,other,downstream_gene_variant,,,,,,,,,,,none,,,,,0.0,0.0,0.0,0.0,0.0,0.0,0.5,7.5
rs1389532580,Ensembl VEP (dbSNP),rs1389532580,rs1389532580,,X,47222651.0,G,A,rs1389532580,ENST00000357227.9:c.-6-901G>A,,ENST00000357227,NP_006192.1,,,,,other,intron_variant,,,,,,,,,,,none,,,,,0.0,0.0,0.0,0.0,0.0,0.0,0.75,11.25
rs1389483187,Ensembl VEP (dbSNP),rs1389483187,rs1389483187,,X,47224782.0,C,T,rs1389483187,ENST00000357227.9:c.462+39C>T,,ENST00000357227,NP_006192.1,,,,,other,intron_variant,,,,,,,,,,,none,,,,,0.0,0.0,0.0,0.0,0.0,0.0,0.75,11.25
rs1389426238,Ensembl VEP (dbSNP),rs1389426238,rs1389426238,,X,47226573.0,T,C,rs1389426238,ENST00000357227.9:c.917-10T>C,,ENST00000357227,NP_006192.1,,,,,splice,splice_polypyrimidine_tract_variant;intron_variant,,,,,,,,,,,none,,,,,0.0,0.0,0.0,0.0,0.0,0.0,0.75,11.25
rs1389421638,Ensembl VEP (dbSNP),rs1389421638,rs1389421638,,X,47227187.0,T,C,rs1389421638,ENST00000357227.9:c.1248T>C,ENSP00000349762.4:p.Asp416=,ENST00000357227,NP_006192.1,416.0,,,,synonymous,synonymous_variant,,,,,,,,,,Protein kinase,none,1.0,2.0,,,0.0,0.0,1.0,0.25,0.6,0.0,1.0,39.75
rs1389395350,Ensembl VEP (dbSNP),rs1389395350,rs1389395350,,X,47218128.0,C,T,rs1389395350,,,ENST00000335972,NP_006192.1,,,,,other,downstream_gene_variant,,,,,,,,,,,none,,,,,0.0,0.0,0.0,0.0,0.0,0.0,0.5,7.5
rs1389261643,Ensembl VEP (dbSNP),rs1389261643,rs1389261643,,X,47216922.0,ACAAA,-,rs1389261643,,,ENST00000335972,NP_006192.1,,,,,other,downstream_gene_variant,,,,,,,,,,,none,,,,,0.0,0.0,0.0,0.0,0.0,0.0,0.5,7.5
rs1389076026,Ensembl VEP (dbSNP),rs1389076026,rs1389076026,,X,47219405.0,G,T,rs1389076026,,,ENST00000335972,NP_006192.1,,,,,other,downstream_gene_variant,,,,,,,,,,,none,,,,,0.0,0.0,0.0,0.0,0.0,0.0,0.5,7.5
rs1388883546,Ensembl VEP (dbSNP),rs1388883546,rs1388883546,,X,47217880.0,CTT,-,rs1388883546,,,ENST00000335972,NP_006192.1,,,,,other,downstream_gene_variant,,,,,,,,,,,none,,,,,0.0,0.0,0.0,0.0,0.0,0.0,0.5,7.5
rs1388630765,Ensembl VEP (dbSNP),rs1388630765,rs1388630765,,X,47216394.0,A,G,rs1388630765,,,ENST00000335972,NP_006192.1,,,,,other,downstream_gene_variant,,,,,,,,,,,none,,,,,0.0,0.0,0.0,0.0,0.0,0.0,0.5,7.5
rs1388116291,Ensembl VEP (dbSNP),rs1388116291,rs1388116291,,X,47225120.0,A,G,rs1388116291,ENST00000357227.9:c.634+18A>G,,ENST00000357227,NP_006192.1,,,,,other,intron_variant,,,,,,,,,,,none,,,,,0.0,0.0,0.0,0.0,0.0,0.0,0.75,11.25
rs1387635569,Ensembl VEP (dbSNP),rs1387635569,rs1387635569,,X,47227121.0,G,T,rs1387635569,ENST00000357227.9:c.1241+22G>T,,ENST00000357227,NP_006192.1,,,,,other,intron_variant,,,,,,,,,,,none,,,,,0.0,0.0,0.0,0.0,0.0,0.0,0.75,11.25
rs1387628693,Ensembl VEP (dbSNP),rs1387628693,rs1387628693,,X,47229121.0,G,A,rs1387628693,ENST00000357227.9:c.*353G>A,,ENST00000357227,NP_006192.1,,,,,other,3_prime_UTR_variant,,,,,,,,,,,none,,,,,0.0,0.0,0.0,0.0,0.0,0.0,0.75,11.25
rs1387316431,Ensembl VEP (dbSNP),rs1387316431,rs1387316431,,X,47230215.0,G,A,rs1387316431,,,ENST00000357227,NP_006192.1,,,,,other,downstream_gene_variant,,,,,,,,,,,none,,,,,0.0,0.0,0.0,0.0,0.0,0.0,0.5,7.5
rs1387107059,Ensembl VEP (dbSNP),rs1387107059,rs1387107059,,X,47217415.0,T,C,rs1387107059,,,ENST00000335972,NP_006192.1,,,,,other,downstream_gene_variant,,,,,,,,,,,none,,,,,0.0,0.0,0.0,0.0,0.0,0.0,0.5,7.5
rs1387065533,Ensembl VEP (dbSNP),rs1387065533,rs1387065533,,X,47218840.0,A,G,rs1387065533,,,ENST00000335972,NP_006192.1,,,,,other,downstream_gene_variant,,,,,,,,,,,none,,,,,0.0,0.0,0.0,0.0,0.0,0.0,0.5,7.5
rs1386588674,Ensembl VEP (dbSNP),rs1386588674,rs1386588674,,X,47229596.0,G,A,rs1386588674,ENST00000357227.9:c.*828G>A,,ENST00000357227,NP_006192.1,,,,,other,3_prime_UTR_variant,,,,,,,,,,,none,,,,,0.0,0.0,0.0,0.0,0.0,0.0,0.75,11.25
rs1386352501,Ensembl VEP (dbSNP),rs1386352501,rs1386352501,,X,47219867.0,AAT,-,rs1386352501,,,ENST00000335972,NP_006192.1,,,,,other,downstream_gene_variant,,,,,,,,,,,none,,,,,0.0,0.0,0.0,0.0,0.0,0.0,0.5,7.5
rs1386303601,Ensembl VEP (dbSNP),rs1386303601,rs1386303601,,X,47217076.0,-,A,rs1386303601,,,ENST00000335972,NP_006192.1,,,,,other,downstream_gene_variant,,,,,,,,,,,none,,,,,0.0,0.0,0.0,0.0,0.0,0.0,0.5,7.5
rs1386238376,Ensembl VEP (dbSNP),rs1386238376,rs1386238376,,X,47228065.0,C,-,rs1386238376,ENST00000357227.9:c.1376-502del,,ENST00000357227,NP_006192.1,,,,,other,intron_variant,,,,,,,,,,,none,,,,,0.0,0.0,0.0,0.0,0.0,0.0,0.75,11.25
rs1386022901,Ensembl VEP (dbSNP),rs1386022901,rs1386022901,,X,47218761.0,C,G,rs1386022901,,,ENST00000335972,NP_006192.1,,,,,other,downstream_gene_variant,,,,,,,,,,,none,,,,,0.0,0.0,0.0,0.0,0.0,0.0,0.5,7.5
rs1385756453,Ensembl VEP (dbSNP),rs1385756453,rs1385756453,,X,47225127.0,C,G,rs1385756453,ENST00000357227.9:c.634+25C>G,,ENST00000357227,NP_006192.1,,,,,other,intron_variant,,,,,,,,,,,none,,,,,0.0,0.0,0.0,0.0,0.0,0.0,0.75,11.25
rs1385716169,Ensembl VEP (dbSNP),rs1385716169,rs1385716169,,X,47217429.0,G,A,rs1385716169,,,ENST00000335972,NP_006192.1,,,,,other,downstream_gene_variant,,,,,,,,,,,none,,,,,0.0,0.0,0.0,0.0,0.0,0.0,0.5,7.5
rs1385594292,Ensembl VEP (dbSNP),rs1385594292,rs1385594292,,X,47222037.0,G,A,rs1385594292,ENST00000357227.9:c.-6-1515G>A,,ENST00000357227,NP_006192.1,,,,,other,intron_variant,,,,,,,,,,,none,,,,,0.0,0.0,0.0,0.0,0.0,0.0,0.75,11.25
rs1385579441,Ensembl VEP (dbSNP),rs1385579441,rs1385579441,,X,47221614.0,T,C,rs1385579441,ENST00000357227.9:c.-6-1938T>C,,ENST00000357227,NP_006192.1,,,,,other,intron_variant,,,,,,,,,,,none,,,,,0.0,0.0,0.0,0.0,0.0,0.0,0.75,11.25
rs1385226361,Ensembl VEP (dbSNP),rs1385226361,rs1385226361,,X,47224795.0,C,G,rs1385226361,ENST00000357227.9:c.463-39C>G,,ENST00000357227,NP_006192.1,,,,,other,intron_variant,,,,,,,,,,,none,,,,,0.0,0.0,0.0,0.0,0.0,0.0,0.75,11.25
rs1385079693,Ensembl VEP (dbSNP),rs1385079693,rs1385079693,,X,47223030.0,G,C,rs1385079693,ENST00000357227.9:c.-6-522G>C,,ENST00000357227,NP_006192.1,,,,,other,intron_variant,,,,,,,,,,,none,,,,,0.0,0.0,0.0,0.0,0.0,0.0,0.75,11.25
rs1385007751,Ensembl VEP (dbSNP),rs1385007751,rs1385007751,,X,47227969.0,T,A,rs1385007751,ENST00000357227.9:c.1375+500T>A,,ENST00000357227,NP_006192.1,,,,,other,intron_variant,,,,,,,,,,,none,,,,,0.0,0.0,0.0,0.0,0.0,0.0,0.75,11.25
rs1384952276,Ensembl VEP (dbSNP),rs1384952276,rs1384952276,,X,47229327.0,A,T,rs1384952276,ENST00000357227.9:c.*559A>T,,ENST00000357227,NP_006192.1,,,,,other,3_prime_UTR_variant,,,,,,,,,,,none,,,,,0.0,0.0,0.0,0.0,0.0,0.0,0.75,11.25
rs1384937390,Ensembl VEP (dbSNP),rs1384937390,rs1384937390,,X,47224135.0,G,C,rs1384937390,ENST00000357227.9:c.203-250G>C,,ENST00000357227,NP_006192.1,,,,,other,intron_variant,,,,,,,,,,,none,,,,,0.0,0.0,0.0,0.0,0.0,0.0,0.75,11.25
rs1384806500,Ensembl VEP (dbSNP),rs1384806500,rs1384806500,,X,47228903.0,G,A,rs1384806500,ENST00000357227.9:c.*135G>A,,ENST00000357227,NP_006192.1,,,,,other,3_prime_UTR_variant,,,,,,,,,,,none,,,,,0.0,0.0,0.0,0.0,0.0,0.0,0.75,11.25
rs1384368951,Ensembl VEP (dbSNP),rs1384368951,rs1384368951,,X,47224284.0,C,A,rs1384368951,ENST00000357227.9:c.203-101C>A,,ENST00000357227,NP_006192.1,,,,,other,intron_variant,,,,,,,,,,,none,,,,,0.0,0.0,0.0,0.0,0.0,0.0,0.75,11.25
rs1383274710,Ensembl VEP (dbSNP),rs1383274710,rs1383274710,,X,47219274.0,C,T,rs1383274710,,,ENST00000335972,NP_006192.1,,,,,other,downstream_gene_variant,,,,,,,,,,,none,,,,,0.0,0.0,0.0,0.0,0.0,0.0,0.5,7.5
rs1383138961,Ensembl VEP (dbSNP),rs1383138961,rs1383138961,,X,47221405.0,C,T,rs1383138961,ENST00000357227.9:c.-6-2147C>T,,ENST00000357227,NP_006192.1,,,,,other,intron_variant,,,,,,,,,,,none,,,,,0.0,0.0,0.0,0.0,0.0,0.0,0.75,11.25
rs1382792269,Ensembl VEP (dbSNP),rs1382792269,rs1382792269,,X,47225902.0,G,A,rs1382792269,ENST00000357227.9:c.729+36G>A,,ENST00000357227,NP_006192.1,,,,,other,intron_variant,,,,,,,,,,,none,,,,,0.0,0.0,0.0,0.0,0.0,0.0,0.75,11.25
rs1382655558,Ensembl VEP (dbSNP),rs1382655558,rs1382655558,,X,47219238.0,GGGGGG,GGGGG,rs1382655558,,,ENST00000335972,NP_006192.1,,,,,other,downstream_gene_variant,,,,,,,,,,,none,,,,,0.0,0.0,0.0,0.0,0.0,0.0,0.5,7.5
rs1382062854,Ensembl VEP (dbSNP),rs1382062854,rs1382062854,,X,47224771.0,C,T,rs1382062854,ENST00000357227.9:c.462+28C>T,,ENST00000357227,NP_006192.1,,,,,other,intron_variant,,,,,,,,,,,none,,,,,0.0,0.0,0.0,0.0,0.0,0.0,0.75,11.25
rs1381780485,Ensembl VEP (dbSNP),rs1381780485,rs1381780485,,X,47225666.0,G,A,rs1381780485,ENST00000357227.9:c.635-106G>A,,ENST00000357227,NP_006192.1,,,,,other,intron_variant,,,,,,,,,,,none,,,,,0.0,0.0,0.0,0.0,0.0,0.0,0.75,11.25
rs1381366830,Ensembl VEP (dbSNP),rs1381366830,rs1381366830,,X,47219952.0,G,C,rs1381366830,,,ENST00000335972,NP_006192.1,,,,,other,downstream_gene_variant,,,,,,,,,,,none,,,,,0.0,0.0,0.0,0.0,0.0,0.0,0.5,7.5
rs1381068417,Ensembl VEP (dbSNP),rs1381068417,rs1381068417,,X,47226786.0,C,T,rs1381068417,ENST00000357227.9:c.1038-26C>T,,ENST00000357227,NP_006192.1,,,,,other,intron_variant,,,,,,,,,,,none,,,,,0.0,0.0,0.0,0.0,0.0,0.0,0.75,11.25
rs1380717302,Ensembl VEP (dbSNP),rs1380717302,rs1380717302,,X,47222873.0,T,C,rs1380717302,ENST00000357227.9:c.-6-679T>C,,ENST00000357227,NP_006192.1,,,,,other,intron_variant,,,,,,,,,,,none,,,,,0.0,0.0,0.0,0.0,0.0,0.0,0.75,11.25
rs1380687549,Ensembl VEP (dbSNP),rs1380687549,rs1380687549,,X,47221048.0,G,A,rs1380687549,ENST00000357227.9:c.-7+1943G>A,,ENST00000357227,NP_006192.1,,,,,other,intron_variant,,,,,,,,,,,none,,,,,0.0,0.0,0.0,0.0,0.0,0.0,0.75,11.25
rs1379885025,Ensembl VEP (dbSNP),rs1379885025,rs1379885025,,X,47225955.0,C,G,rs1379885025,ENST00000357227.9:c.730-10C>G,,ENST00000357227,NP_006192.1,,,,,splice,splice_polypyrimidine_tract_variant;intron_variant,,,,,,,,,,,none,,,,,0.0,0.0,0.0,0.0,0.0,0.0,0.75,11.25
rs1379838486,Ensembl VEP (dbSNP),rs1379838486,rs1379838486,,X,47218691.0,C,T,rs1379838486,,,ENST00000335972,NP_006192.1,,,,,other,downstream_gene_variant,,,,,,,,,,,none,,,,,0.0,0.0,0.0,0.0,0.0,0.0,0.5,7.5
rs1379809403,Ensembl VEP (dbSNP),rs1379809403,rs1379809403,,X,47222706.0,G,A,rs1379809403,ENST00000357227.9:c.-6-846G>A,,ENST00000357227,NP_006192.1,,,,,other,intron_variant,,,,,,,,,,,none,,,,,0.0,0.0,0.0,0.0,0.0,0.0,0.75,11.25
rs1379770400,Ensembl VEP (dbSNP),rs1379770400,rs1379770400,,X,47219791.0,C,T,rs1379770400,,,ENST00000335972,NP_006192.1,,,,,other,downstream_gene_variant,,,,,,,,,,,none,,,,,0.0,0.0,0.0,0.0,0.0,0.0,0.5,7.5
rs1379756506,Ensembl VEP (dbSNP),rs1379756506,rs1379756506,,X,47223966.0,C,A,rs1379756506,ENST00000357227.9:c.202+207C>A,,ENST00000357227,NP_006192.1,,,,,other,intron_variant,,,,,,,,,,,none,,,,,0.0,0.0,0.0,0.0,0.0,0.0,0.75,11.25
rs1379488115,Ensembl VEP (dbSNP),rs1379488115,rs1379488115,,X,47226127.0,G,A,rs1379488115,ENST00000357227.9:c.792+100G>A,,ENST00000357227,NP_006192.1,,,,,other,intron_variant,,,,,,,,,,,none,,,,,0.0,0.0,0.0,0.0,0.0,0.0,0.75,11.25
rs1379344798,Ensembl VEP (dbSNP),rs1379344798,rs1379344798,,X,47225561.0,CTC,-,rs1379344798,ENST00000357227.9:c.635-211_635-209del,,ENST00000357227,NP_006192.1,,,,,other,intron_variant,,,,,,,,,,,none,,,,,0.0,0.0,0.0,0.0,0.0,0.0,0.75,11.25
rs1378013588,Ensembl VEP (dbSNP),rs1378013588,rs1378013588,,X,47222971.0,T,A,rs1378013588,ENST00000357227.9:c.-6-581T>A,,ENST00000357227,NP_006192.1,,,,,other,intron_variant,,,,,,,,,,,none,,,,,0.0,0.0,0.0,0.0,0.0,0.0,0.75,11.25
rs1377647515,Ensembl VEP (dbSNP),rs1377647515,rs1377647515,,X,47229353.0,C,T,rs1377647515,ENST00000357227.9:c.*585C>T,,ENST00000357227,NP_006192.1,,,,,other,3_prime_UTR_variant,,,,,,,,,,,none,,,,,0.0,0.0,0.0,0.0,0.0,0.0,0.75,11.25
rs1377559180,Ensembl VEP (dbSNP),rs1377559180,rs1377559180,,X,47228829.0,G,A,rs1377559180,ENST00000357227.9:c.*61G>A,,ENST00000357227,NP_006192.1,,,,,other,3_prime_UTR_variant,,,,,,,,,,,none,,,,,0.0,0.0,0.0,0.0,0.0,0.0,0.75,11.25
rs1377313773,Ensembl VEP (dbSNP),rs1377313773,rs1377313773,,X,47219013.0,GAG,-,rs1377313773,,,ENST00000335972,NP_006192.1,,,,,other,downstream_gene_variant,,,,,,,,,,,none,,,,,0.0,0.0,0.0,0.0,0.0,0.0,0.5,7.5
rs1377080570,Ensembl VEP (dbSNP),rs1377080570,rs1377080570,,X,47217883.0,TCTC,-,rs1377080570,,,ENST00000335972,NP_006192.1,,,,,other,downstream_gene_variant,,,,,,,,,,,none,,,,,0.0,0.0,0.0,0.0,0.0,0.0,0.5,7.5
rs1376879396,Ensembl VEP (dbSNP),rs1376879396,rs1376879396,,X,47216476.0,C,T,rs1376879396,,,ENST00000335972,NP_006192.1,,,,,other,downstream_gene_variant,,,,,,,,,,,none,,,,,0.0,0.0,0.0,0.0,0.0,0.0,0.5,7.5
rs1376504605,Ensembl VEP (dbSNP),rs1376504605,rs1376504605,,X,47216736.0,C,T,rs1376504605,,,ENST00000335972,NP_006192.1,,,,,other,downstream_gene_variant,,,,,,,,,,,none,,,,,0.0,0.0,0.0,0.0,0.0,0.0,0.5,7.5
rs1375764711,Ensembl VEP (dbSNP),rs1375764711,rs1375764711,,X,47217279.0,-,T,rs1375764711,,,ENST00000335972,NP_006192.1,,,,,other,downstream_gene_variant,,,,,,,,,,,none,,,,,0.0,0.0,0.0,0.0,0.0,0.0,0.5,7.5
rs1375593645,Ensembl VEP (dbSNP),rs1375593645,rs1375593645,,X,47228529.0,T,C,rs1375593645,ENST00000357227.9:c.1376-38T>C,,ENST00000357227,NP_006192.1,,,,,other,intron_variant,,,,,,,,,,,none,,,,,0.0,0.0,0.0,0.0,0.0,0.0,0.75,11.25
rs1375453818,Ensembl VEP (dbSNP),rs1375453818,rs1375453818,,X,47229938.0,G,A,rs1375453818,ENST00000357227.9:c.*1170G>A,,ENST00000357227,NP_006192.1,,,,,other,3_prime_UTR_variant,,,,,,,,,,,none,,,,,0.0,0.0,0.0,0.0,0.0,0.0,0.75,11.25
rs1375083019,Ensembl VEP (dbSNP),rs1375083019,rs1375083019,,X,47217715.0,G,C,rs1375083019,,,ENST00000335972,NP_006192.1,,,,,other,downstream_gene_variant,,,,,,,,,,,none,,,,,0.0,0.0,0.0,0.0,0.0,0.0,0.5,7.5
rs1375019208,Ensembl VEP (dbSNP),rs1375019208,rs1375019208,,X,47221479.0,C,G,rs1375019208,ENST00000357227.9:c.-6-2073C>G,,ENST00000357227,NP_006192.1,,,,,other,intron_variant,,,,,,,,,,,none,,,,,0.0,0.0,0.0,0.0,0.0,0.0,0.75,11.25
rs1374884930,Ensembl VEP (dbSNP),rs1374884930,rs1374884930,,X,47229328.0,C,T,rs1374884930,ENST00000357227.9:c.*560C>T,,ENST00000357227,NP_006192.1,,,,,other,3_prime_UTR_variant,,,,,,,,,,,none,,,,,0.0,0.0,0.0,0.0,0.0,0.0,0.75,11.25
rs1374566981,Ensembl VEP (dbSNP),rs1374566981,rs1374566981,,X,47225516.0,A,T,rs1374566981,ENST00000357227.9:c.635-256A>T,,ENST00000357227,NP_006192.1,,,,,other,intron_variant,,,,,,,,,,,none,,,,,0.0,0.0,0.0,0.0,0.0,0.0,0.75,11.25
rs1374500242,Ensembl VEP (dbSNP),rs1374500242,rs1374500242,,X,47227283.0,CCCCCCCCC,CCCCCCC,rs1374500242,ENST00000357227.9:c.1284+67_1284+68del,,ENST00000357227,NP_006192.1,,,,,other,intron_variant,,,,,,,,,,,none,,,,,0.0,0.0,0.0,0.0,0.0,0.0,0.75,11.25
rs1374422100,Ensembl VEP (dbSNP),rs1374422100,rs1374422100,,X,47228179.0,T,C,rs1374422100,ENST00000357227.9:c.1376-388T>C,,ENST00000357227,NP_006192.1,,,,,other,intron_variant,,,,,,,,,,,none,,,,,0.0,0.0,0.0,0.0,0.0,0.0,0.75,11.25
rs1374273173,Ensembl VEP (dbSNP),rs1374273173,rs1374273173,,X,47229300.0,T,G,rs1374273173,ENST00000357227.9:c.*532T>G,,ENST00000357227,NP_006192.1,,,,,other,3_prime_UTR_variant,,,,,,,,,,,none,,,,,0.0,0.0,0.0,0.0,0.0,0.0,0.75,11.25
rs1373481835,Ensembl VEP (dbSNP),rs1373481835,rs1373481835,,X,47226729.0,G,A,rs1373481835,ENST00000357227.9:c.1037+26G>A,,ENST00000357227,NP_006192.1,,,,,other,intron_variant,,,,,,,,,,,none,,,,,0.0,0.0,0.0,0.0,0.0,0.0,0.75,11.25
rs1373445536,Ensembl VEP (dbSNP),rs1373445536,rs1373445536,,X,47227511.0,G,A,rs1373445536,ENST00000357227.9:c.1375+42G>A,,ENST00000357227,NP_006192.1,,,,,other,intron_variant,,,,,,,,,,,none,,,,,0.0,0.0,0.0,0.0,0.0,0.0,0.75,11.25
rs1372927746,Ensembl VEP (dbSNP),rs1372927746,rs1372927746,,X,47220070.0,G,A,rs1372927746,,,ENST00000335972,NP_006192.1,,,,,other,downstream_gene_variant,,,,,,,,,,,none,,,,,0.0,0.0,0.0,0.0,0.0,0.0,0.5,7.5
rs1372732280,Ensembl VEP (dbSNP),rs1372732280,rs1372732280,,X,47218991.0,G,C,rs1372732280,,,ENST00000335972,NP_006192.1,,,,,other,downstream_gene_variant,,,,,,,,,,,none,,,,,0.0,0.0,0.0,0.0,0.0,0.0,0.5,7.5
rs1372636669,Ensembl VEP (dbSNP),rs1372636669,rs1372636669,,X,47227012.0,C,T,rs1372636669,ENST00000357227.9:c.1154C>T,ENSP00000349762.4:p.Thr385Met,ENST00000357227,NP_006192.1,385.0,T,M,T385M,missense,missense_variant,,,,,,0.01,deleterious_low_confidence,0.737,possibly_damaging,Protein kinase,none,1.0,2.0,0.1328,BENIGN,0.0,0.1328,1.0,0.25,0.6,0.0,1.0,41.74
rs1372563803,Ensembl VEP (dbSNP),rs1372563803,rs1372563803,,X,47219640.0,TGG,-,rs1372563803,,,ENST00000335972,NP_006192.1,,,,,other,downstream_gene_variant,,,,,,,,,,,none,,,,,0.0,0.0,0.0,0.0,0.0,0.0,0.5,7.5
rs1372070250,Ensembl VEP (dbSNP),rs1372070250,rs1372070250,,X,47230475.0,A,G,rs1372070250,,,ENST00000357227,NP_006192.1,,,,,other,downstream_gene_variant,,,,,,,,,,,none,,,,,0.0,0.0,0.0,0.0,0.0,0.0,0.5,7.5
rs1371910747,Ensembl VEP (dbSNP),rs1371910747,rs1371910747,,X,47226111.0,-,TT,rs1371910747,ENST00000357227.9:c.792+82_792+83dup,,ENST00000357227,NP_006192.1,,,,,other,intron_variant,,,,,,,,,,,none,,,,,0.0,0.0,0.0,0.0,0.0,0.0,0.75,11.25
rs1371556930,Ensembl VEP (dbSNP),rs1371556930,rs1371556930,,X,47220088.0,G,A,rs1371556930,,,ENST00000335972,NP_006192.1,,,,,other,downstream_gene_variant,,,,,,,,,,,none,,,,,0.0,0.0,0.0,0.0,0.0,0.0,0.5,7.5
rs1371452376,Ensembl VEP (dbSNP),rs1371452376,rs1371452376,,X,47229900.0,G,A,rs1371452376,ENST00000357227.9:c.*1132G>A,,ENST00000357227,NP_006192.1,,,,,other,3_prime_UTR_variant,,,,,,,,,,,none,,,,,0.0,0.0,0.0,0.0,0.0,0.0,0.75,11.25
rs1371142096,Ensembl VEP (dbSNP),rs1371142096,rs1371142096,,X,47226110.0,T,A,rs1371142096,ENST00000357227.9:c.792+83T>A,,ENST00000357227,NP_006192.1,,,,,other,intron_variant,,,,,,,,,,,none,,,,,0.0,0.0,0.0,0.0,0.0,0.0,0.75,11.25
rs1370864946,Ensembl VEP (dbSNP),rs1370864946,rs1370864946,,X,47226212.0,C,T,rs1370864946,ENST00000357227.9:c.793-67C>T,,ENST00000357227,NP_006192.1,,,,,other,intron_variant,,,,,,,,,,,none,,,,,0.0,0.0,0.0,0.0,0.0,0.0,0.75,11.25
rs1370183446,Ensembl VEP (dbSNP),rs1370183446,rs1370183446,,X,47217115.0,G,C,rs1370183446,,,ENST00000335972,NP_006192.1,,,,,other,downstream_gene_variant,,,,,,,,,,,none,,,,,0.0,0.0,0.0,0.0,0.0,0.0,0.5,7.5
rs1370141040,Ensembl VEP (dbSNP),rs1370141040,rs1370141040,,X,47216369.0,C,T,rs1370141040,,,ENST00000335972,NP_006192.1,,,,,other,downstream_gene_variant,,,,,,,,,,,none,,,,,0.0,0.0,0.0,0.0,0.0,0.0,0.5,7.5
rs1370088563,Ensembl VEP (dbSNP),rs1370088563,rs1370088563,,X,47223177.0,C,A,rs1370088563,ENST00000357227.9:c.-6-375C>A,,ENST00000357227,NP_006192.1,,,,,other,intron_variant,,,,,,,,,,,none,,,,,0.0,0.0,0.0,0.0,0.0,0.0,0.75,11.25
rs1370079268,Ensembl VEP (dbSNP),rs1370079268,rs1370079268,,X,47229394.0,T,C,rs1370079268,ENST00000357227.9:c.*626T>C,,ENST00000357227,NP_006192.1,,,,,other,3_prime_UTR_variant,,,,,,,,,,,none,,,,,0.0,0.0,0.0,0.0,0.0,0.0,0.75,11.25
rs1370073267,Ensembl VEP (dbSNP),rs1370073267,rs1370073267,,X,47220439.0,G,A,rs1370073267,ENST00000357227.9:c.-7+1334G>A,,ENST00000357227,NP_006192.1,,,,,other,intron_variant,,,,,,,,,,,none,,,,,0.0,0.0,0.0,0.0,0.0,0.0,0.75,11.25
rs1369816804,Ensembl VEP (dbSNP),rs1369816804,rs1369816804,,X,47224635.0,A,G,rs1369816804,ENST00000357227.9:c.354A>G,ENSP00000349762.4:p.Leu118=,ENST00000357227,NP_006192.1,118.0,,,,synonymous,synonymous_variant,,,,,,,,,,,none,1.0,2.0,,,0.0,0.0,1.0,0.0,0.0,0.0,1.0,30.0
rs1369761960,Ensembl VEP (dbSNP),rs1369761960,rs1369761960,,X,47226406.0,C,T,rs1369761960,ENST00000357227.9:c.916+4C>T,,ENST00000357227,NP_006192.1,,,,,splice,splice_donor_region_variant;intron_variant,,,,,,,,,,,none,,,,,0.0,0.0,0.0,0.0,0.0,0.0,0.75,11.25
rs1369733153,Ensembl VEP (dbSNP),rs1369733153,rs1369733153,,X,47218463.0,G,A,rs1369733153,,,ENST00000335972,NP_006192.1,,,,,other,downstream_gene_variant,,,,,,,,,,,none,,,,,0.0,0.0,0.0,0.0,0.0,0.0,0.5,7.5
rs1369207873,Ensembl VEP (dbSNP),rs1369207873,rs1369207873,,X,47223653.0,C,A,rs1369207873,ENST00000357227.9:c.96C>A,ENSP00000349762.4:p.Gly32=,ENST00000357227,NP_006192.1,32.0,,,,synonymous,synonymous_variant,,,,,,,,,,Disordered,none,1.0,2.0,,,0.0,0.0,1.0,0.25,0.3,0.0,1.0,36.75
rs1369151198,Ensembl VEP (dbSNP),rs1369151198,rs1369151198,,X,47225996.0,G,A,rs1369151198,ENST00000357227.9:c.761G>A,ENSP00000349762.4:p.Cys254Tyr,ENST00000357227,NP_006192.1,254.0,C,Y,C254Y,missense,missense_variant,,,,,,0.01,deleterious_low_confidence,0.996,probably_damaging,Protein kinase,none,1.0,2.0,0.7318,PATHOGENIC,0.0,0.7318,1.0,0.25,0.6,0.0,1.0,50.73
rs1369023537,Ensembl VEP (dbSNP),rs1369023537,rs1369023537,,X,47217968.0,T,C,rs1369023537,,,ENST00000335972,NP_006192.1,,,,,other,downstream_gene_variant,,,,,,,,,,,none,,,,,0.0,0.0,0.0,0.0,0.0,0.0,0.5,7.5
rs1368616607,Ensembl VEP (dbSNP),rs1368616607,rs1368616607,,X,47220432.0,T,A,rs1368616607,ENST00000357227.9:c.-7+1327T>A,,ENST00000357227,NP_006192.1,,,,,other,intron_variant,,,,,,,,,,,none,,,,,0.0,0.0,0.0,0.0,0.0,0.0,0.75,11.25
rs1368306445,Ensembl VEP (dbSNP),rs1368306445,rs1368306445,,X,47223387.0,T,C,rs1368306445,ENST00000357227.9:c.-6-165T>C,,ENST00000357227,NP_006192.1,,,,,other,intron_variant,,,,,,,,,,,none,,,,,0.0,0.0,0.0,0.0,0.0,0.0,0.75,11.25
rs1368158273,Ensembl VEP (dbSNP),rs1368158273,rs1368158273,,X,47229612.0,C,T,rs1368158273,ENST00000357227.9:c.*844C>T,,ENST00000357227,NP_006192.1,,,,,other,3_prime_UTR_variant,,,,,,,,,,,none,,,,,0.0,0.0,0.0,0.0,0.0,0.0,0.75,11.25
rs1368126144,Ensembl VEP (dbSNP),rs1368126144,rs1368126144,,X,47228025.0,A,G,rs1368126144,ENST00000357227.9:c.1376-542A>G,,ENST00000357227,NP_006192.1,,,,,other,intron_variant,,,,,,,,,,,none,,,,,0.0,0.0,0.0,0.0,0.0,0.0,0.75,11.25
rs1367806386,Ensembl VEP (dbSNP),rs1367806386,rs1367806386,,X,47223773.0,C,T,rs1367806386,ENST00000357227.9:c.202+14C>T,,ENST00000357227,NP_006192.1,,,,,other,intron_variant,,,,,,,,,,,none,,,,,0.0,0.0,0.0,0.0,0.0,0.0,0.75,11.25
rs1367805026,Ensembl VEP (dbSNP),rs1367805026,rs1367805026,,X,47229684.0,C,T,rs1367805026,ENST00000357227.9:c.*916C>T,,ENST00000357227,NP_006192.1,,,,,other,3_prime_UTR_variant,,,,,,,,,,,none,,,,,0.0,0.0,0.0,0.0,0.0,0.0,0.75,11.25
rs1367697552,Ensembl VEP (dbSNP),rs1367697552,rs1367697552,,X,47230453.0,T,A,rs1367697552,,,ENST00000357227,NP_006192.1,,,,,other,downstream_gene_variant,,,,,,,,,,,none,,,,,0.0,0.0,0.0,0.0,0.0,0.0,0.5,7.5
rs1367502132,Ensembl VEP (dbSNP),rs1367502132,rs1367502132,,X,47217440.0,G,A,rs1367502132,,,ENST00000335972,NP_006192.1,,,,,other,downstream_gene_variant,,,,,,,,,,,none,,,,,0.0,0.0,0.0,0.0,0.0,0.0,0.5,7.5
rs1367378567,Ensembl VEP (dbSNP),rs1367378567,rs1367378567,,X,47220592.0,G,T,rs1367378567,ENST00000357227.9:c.-7+1487G>T,,ENST00000357227,NP_006192.1,,,,,other,intron_variant,,,,,,,,,,,none,,,,,0.0,0.0,0.0,0.0,0.0,0.0,0.75,11.25
rs1367312150,Ensembl VEP (dbSNP),rs1367312150,rs1367312150,,X,47222272.0,G,C,rs1367312150,ENST00000357227.9:c.-6-1280G>C,,ENST00000357227,NP_006192.1,,,,,other,intron_variant,,,,,,,,,,,none,,,,,0.0,0.0,0.0,0.0,0.0,0.0,0.75,11.25
rs1366805487,Ensembl VEP (dbSNP),rs1366805487,rs1366805487,,X,47224377.0,G,A,rs1366805487,ENST00000357227.9:c.203-8G>A,,ENST00000357227,NP_006192.1,,,,,splice,splice_region_variant;splice_polypyrimidine_tract_variant;intron_variant,,,,,,,,,,,none,,,,,0.0,0.0,0.0,0.0,0.0,0.0,0.75,11.25
rs1366738420,Ensembl VEP (dbSNP),rs1366738420,rs1366738420,,X,47219964.0,T,-,rs1366738420,,,ENST00000335972,NP_006192.1,,,,,other,downstream_gene_variant,,,,,,,,,,,none,,,,,0.0,0.0,0.0,0.0,0.0,0.0,0.5,7.5
rs1366586274,Ensembl VEP (dbSNP),rs1366586274,rs1366586274,,X,47227677.0,T,C,rs1366586274,ENST00000357227.9:c.1375+208T>C,,ENST00000357227,NP_006192.1,,,,,other,intron_variant,,,,,,,,,,,none,,,,,0.0,0.0,0.0,0.0,0.0,0.0,0.75,11.25
rs1366555210,Ensembl VEP (dbSNP),rs1366555210,rs1366555210,,X,47218267.0,G,C,rs1366555210,,,ENST00000335972,NP_006192.1,,,,,other,downstream_gene_variant,,,,,,,,,,,none,,,,,0.0,0.0,0.0,0.0,0.0,0.0,0.5,7.5
rs1366080702,Ensembl VEP (dbSNP),rs1366080702,rs1366080702,4829236,X,47223250.0,A,G,rs1366080702,ENST00000357227.9:c.-6-302A>G,,ENST00000357227,NP_006192.1,,,,,other,intron_variant,Uncertain significance,"criteria provided, single submitter",not specified,,,,,,,,none,,,,,0.6,0.0,0.0,0.0,0.0,0.0,0.75,23.25
rs1365952618,Ensembl VEP (dbSNP),rs1365952618,rs1365952618,,X,47219353.0,G,A,rs1365952618,,,ENST00000335972,NP_006192.1,,,,,other,downstream_gene_variant,,,,,,,,,,,none,,,,,0.0,0.0,0.0,0.0,0.0,0.0,0.5,7.5
rs1365905119,Ensembl VEP (dbSNP),rs1365905119,rs1365905119,,X,47228207.0,T,-,rs1365905119,ENST00000357227.9:c.1376-360del,,ENST00000357227,NP_006192.1,,,,,other,intron_variant,,,,,,,,,,,none,,,,,0.0,0.0,0.0,0.0,0.0,0.0,0.75,11.25
rs1365503044,Ensembl VEP (dbSNP),rs1365503044,rs1365503044,,X,47217085.0,G,A,rs1365503044,,,ENST00000335972,NP_006192.1,,,,,other,downstream_gene_variant,,,,,,,,,,,none,,,,,0.0,0.0,0.0,0.0,0.0,0.0,0.5,7.5
rs1365397461,Ensembl VEP (dbSNP),rs1365397461,rs1365397461,,X,47223746.0,C,G,rs1365397461,ENST00000357227.9:c.189C>G,ENSP00000349762.4:p.Leu63=,ENST00000357227,NP_006192.1,63.0,,,,synonymous,synonymous_variant,,,,,,,,,,Disordered,none,1.0,2.0,,,0.0,0.0,1.0,0.25,0.3,0.0,1.0,36.75
rs1365034018,Ensembl VEP (dbSNP),rs1365034018,rs1365034018,4490449,X,47226625.0,A,G,rs1365034018,ENST00000357227.9:c.959A>G,ENSP00000349762.4:p.Asn320Ser,ENST00000357227,NP_006192.1,320.0,N,S,N320S,missense,missense_variant,,,,,,0.06,tolerated_low_confidence,0.953,probably_damaging,Protein kinase,none,1.0,2.0,0.2246,BENIGN,0.0,0.2246,1.0,0.25,0.6,0.0,1.0,43.12
rs1364270347,Ensembl VEP (dbSNP),rs1364270347,rs1364270347,,X,47221867.0,C,G,rs1364270347,ENST00000357227.9:c.-6-1685C>G,,ENST00000357227,NP_006192.1,,,,,other,intron_variant,,,,,,,,,,,none,,,,,0.0,0.0,0.0,0.0,0.0,0.0,0.75,11.25
rs1363671311,Ensembl VEP (dbSNP),rs1363671311,rs1363671311,,X,47219394.0,G,A,rs1363671311,,,ENST00000335972,NP_006192.1,,,,,other,downstream_gene_variant,,,,,,,,,,,none,,,,,0.0,0.0,0.0,0.0,0.0,0.0,0.5,7.5
rs1363613159,Ensembl VEP (dbSNP),rs1363613159,rs1363613159,,X,47220750.0,TGGGTAACACTG,-,rs1363613159,ENST00000357227.9:c.-7+1645_-7+1656del,,ENST00000357227,NP_006192.1,,,,,other,intron_variant,,,,,,,,,,,none,,,,,0.0,0.0,0.0,0.0,0.0,0.0,0.75,11.25
rs1363489817,Ensembl VEP (dbSNP),rs1363489817,rs1363489817,,X,47225591.0,T,C,rs1363489817,ENST00000357227.9:c.635-181T>C,,ENST00000357227,NP_006192.1,,,,,other,intron_variant,,,,,,,,,,,none,,,,,0.0,0.0,0.0,0.0,0.0,0.0,0.75,11.25
rs1363044073,Ensembl VEP (dbSNP),rs1363044073,rs1363044073,,X,47216884.0,C,T,rs1363044073,,,ENST00000335972,NP_006192.1,,,,,other,downstream_gene_variant,,,,,,,,,,,none,,,,,0.0,0.0,0.0,0.0,0.0,0.0,0.5,7.5
rs1362445706,Ensembl VEP (dbSNP),rs1362445706,rs1362445706,,X,47224767.0,T,C,rs1362445706,ENST00000357227.9:c.462+24T>C,,ENST00000357227,NP_006192.1,,,,,other,intron_variant,,,,,,,,,,,none,,,,,0.0,0.0,0.0,0.0,0.0,0.0,0.75,11.25
rs1362392838,Ensembl VEP (dbSNP),rs1362392838,rs1362392838,,X,47224309.0,T,A,rs1362392838,ENST00000357227.9:c.203-76T>A,,ENST00000357227,NP_006192.1,,,,,other,intron_variant,,,,,,,,,,,none,,,,,0.0,0.0,0.0,0.0,0.0,0.0,0.75,11.25
rs1362328230,Ensembl VEP (dbSNP),rs1362328230,rs1362328230,,X,47218818.0,A,G,rs1362328230,,,ENST00000335972,NP_006192.1,,,,,other,downstream_gene_variant,,,,,,,,,,,none,,,,,0.0,0.0,0.0,0.0,0.0,0.0,0.5,7.5
rs1361903477,Ensembl VEP (dbSNP),rs1361903477,rs1361903477,,X,47223356.0,G,A,rs1361903477,ENST00000357227.9:c.-6-196G>A,,ENST00000357227,NP_006192.1,,,,,other,intron_variant,,,,,,,,,,,none,,,,,0.0,0.0,0.0,0.0,0.0,0.0,0.75,11.25
rs1361599346,Ensembl VEP (dbSNP),rs1361599346,rs1361599346,,X,47229026.0,G,A,rs1361599346,ENST00000357227.9:c.*258G>A,,ENST00000357227,NP_006192.1,,,,,other,3_prime_UTR_variant,,,,,,,,,,,none,,,,,0.0,0.0,0.0,0.0,0.0,0.0,0.75,11.25
rs1361455017,Ensembl VEP (dbSNP),rs1361455017,rs1361455017,,X,47227702.0,CTTT,-,rs1361455017,ENST00000357227.9:c.1375+233_1375+236del,,ENST00000357227,NP_006192.1,,,,,other,intron_variant,,,,,,,,,,,none,,,,,0.0,0.0,0.0,0.0,0.0,0.0,0.75,11.25
rs1361444037,Ensembl VEP (dbSNP),rs1361444037,rs1361444037,,X,47221277.0,T,-,rs1361444037,ENST00000357227.9:c.-7+2172del,,ENST00000357227,NP_006192.1,,,,,other,intron_variant,,,,,,,,,,,none,,,,,0.0,0.0,0.0,0.0,0.0,0.0,0.75,11.25
rs1361398584,Ensembl VEP (dbSNP),rs1361398584,rs1361398584,,X,47227887.0,C,T,rs1361398584,ENST00000357227.9:c.1375+418C>T,,ENST00000357227,NP_006192.1,,,,,other,intron_variant,,,,,,,,,,,none,,,,,0.0,0.0,0.0,0.0,0.0,0.0,0.75,11.25
rs1361335368,Ensembl VEP (dbSNP),rs1361335368,rs1361335368,,X,47225535.0,A,G,rs1361335368,ENST00000357227.9:c.635-237A>G,,ENST00000357227,NP_006192.1,,,,,other,intron_variant,,,,,,,,,,,none,,,,,0.0,0.0,0.0,0.0,0.0,0.0,0.75,11.25
rs1361090421,Ensembl VEP (dbSNP),rs1361090421,rs1361090421,,X,47223868.0,C,T,rs1361090421,ENST00000357227.9:c.202+109C>T,,ENST00000357227,NP_006192.1,,,,,other,intron_variant,,,,,,,,,,,none,,,,,0.0,0.0,0.0,0.0,0.0,0.0,0.75,11.25
rs1359671858,Ensembl VEP (dbSNP),rs1359671858,rs1359671858,,X,47229260.0,A,C,rs1359671858,ENST00000357227.9:c.*492A>C,,ENST00000357227,NP_006192.1,,,,,other,3_prime_UTR_variant,,,,,,,,,,,none,,,,,0.0,0.0,0.0,0.0,0.0,0.0,0.75,11.25
rs1359312850,Ensembl VEP (dbSNP),rs1359312850,rs1359312850,,X,47220685.0,G,-,rs1359312850,ENST00000357227.9:c.-7+1580del,,ENST00000357227,NP_006192.1,,,,,other,intron_variant,,,,,,,,,,,none,,,,,0.0,0.0,0.0,0.0,0.0,0.0,0.75,11.25
rs1357622404,Ensembl VEP (dbSNP),rs1357622404,rs1357622404,,X,47222668.0,G,T,rs1357622404,ENST00000357227.9:c.-6-884G>T,,ENST00000357227,NP_006192.1,,,,,other,intron_variant,,,,,,,,,,,none,,,,,0.0,0.0,0.0,0.0,0.0,0.0,0.75,11.25
rs1357584458,Ensembl VEP (dbSNP),rs1357584458,rs1357584458,,X,47227289.0,C,A,rs1357584458,ENST00000357227.9:c.1284+66C>A,,ENST00000357227,NP_006192.1,,,,,other,intron_variant,,,,,,,,,,,none,,,,,0.0,0.0,0.0,0.0,0.0,0.0,0.75,11.25
rs1357488487,Ensembl VEP (dbSNP),rs1357488487,rs1357488487,,X,47230432.0,T,C,rs1357488487,,,ENST00000357227,NP_006192.1,,,,,other,downstream_gene_variant,,,,,,,,,,,none,,,,,0.0,0.0,0.0,0.0,0.0,0.0,0.5,7.5
rs1357311744,Ensembl VEP (dbSNP),rs1357311744,rs1357311744,,X,47226261.0,C,T,rs1357311744,ENST00000357227.9:c.793-18C>T,,ENST00000357227,NP_006192.1,,,,,other,intron_variant,,,,,,,,,,,none,,,,,0.0,0.0,0.0,0.0,0.0,0.0,0.75,11.25
rs1357012956,Ensembl VEP (dbSNP),rs1357012956,rs1357012956,,X,47216627.0,C,T,rs1357012956,,,ENST00000335972,NP_006192.1,,,,,other,downstream_gene_variant,,,,,,,,,,,none,,,,,0.0,0.0,0.0,0.0,0.0,0.0,0.5,7.5
rs1356959085,Ensembl VEP (dbSNP),rs1356959085,rs1356959085,,X,47218089.0,G,C,rs1356959085,,,ENST00000335972,NP_006192.1,,,,,other,downstream_gene_variant,,,,,,,,,,,none,,,,,0.0,0.0,0.0,0.0,0.0,0.0,0.5,7.5
rs1356911381,Ensembl VEP (dbSNP),rs1356911381,rs1356911381,,X,47229069.0,C,T,rs1356911381,ENST00000357227.9:c.*301C>T,,ENST00000357227,NP_006192.1,,,,,other,3_prime_UTR_variant,,,,,,,,,,,none,,,,,0.0,0.0,0.0,0.0,0.0,0.0,0.75,11.25
rs1356013437,Ensembl VEP (dbSNP),rs1356013437,rs1356013437,,X,47218253.0,G,T,rs1356013437,,,ENST00000335972,NP_006192.1,,,,,other,downstream_gene_variant,,,,,,,,,,,none,,,,,0.0,0.0,0.0,0.0,0.0,0.0,0.5,7.5
rs1355916758,Ensembl VEP (dbSNP),rs1355916758,rs1355916758,,X,47222145.0,G,T,rs1355916758,ENST00000357227.9:c.-6-1407G>T,,ENST00000357227,NP_006192.1,,,,,other,intron_variant,,,,,,,,,,,none,,,,,0.0,0.0,0.0,0.0,0.0,0.0,0.75,11.25
rs1355844922,Ensembl VEP (dbSNP),rs1355844922,rs1355844922,,X,47223447.0,C,G,rs1355844922,ENST00000357227.9:c.-6-105C>G,,ENST00000357227,NP_006192.1,,,,,other,intron_variant,,,,,,,,,,,none,,,,,0.0,0.0,0.0,0.0,0.0,0.0,0.75,11.25
rs1355560779,Ensembl VEP (dbSNP),rs1355560779,rs1355560779,,X,47227128.0,G,A,rs1355560779,ENST00000357227.9:c.1241+29G>A,,ENST00000357227,NP_006192.1,,,,,other,intron_variant,,,,,,,,,,,none,,,,,0.0,0.0,0.0,0.0,0.0,0.0,0.75,11.25
rs1354760351,Ensembl VEP (dbSNP),rs1354760351,rs1354760351,,X,47224903.0,T,C,rs1354760351,ENST00000357227.9:c.519+13T>C,,ENST00000357227,NP_006192.1,,,,,other,intron_variant,,,,,,,,,,,none,,,,,0.0,0.0,0.0,0.0,0.0,0.0,0.75,11.25
rs1354133648,Ensembl VEP (dbSNP),rs1354133648,rs1354133648,,X,47224093.0,G,A,rs1354133648,ENST00000357227.9:c.203-292G>A,,ENST00000357227,NP_006192.1,,,,,other,intron_variant,,,,,,,,,,,none,,,,,0.0,0.0,0.0,0.0,0.0,0.0,0.75,11.25
rs1353837462,Ensembl VEP (dbSNP),rs1353837462,rs1353837462,,X,47219524.0,C,T,rs1353837462,,,ENST00000335972,NP_006192.1,,,,,other,downstream_gene_variant,,,,,,,,,,,none,,,,,0.0,0.0,0.0,0.0,0.0,0.0,0.5,7.5
rs1353698355,Ensembl VEP (dbSNP),rs1353698355,rs1353698355,,X,47225688.0,GTCCCTT,-,rs1353698355,ENST00000357227.9:c.635-84_635-78del,,ENST00000357227,NP_006192.1,,,,,other,intron_variant,,,,,,,,,,,none,,,,,0.0,0.0,0.0,0.0,0.0,0.0,0.75,11.25
rs1353513299,Ensembl VEP (dbSNP),rs1353513299,rs1353513299,,X,47221923.0,C,T,rs1353513299,ENST00000357227.9:c.-6-1629C>T,,ENST00000357227,NP_006192.1,,,,,other,intron_variant,,,,,,,,,,,none,,,,,0.0,0.0,0.0,0.0,0.0,0.0,0.75,11.25
rs1353210859,Ensembl VEP (dbSNP),rs1353210859,rs1353210859,,X,47220331.0,G,A,rs1353210859,ENST00000357227.9:c.-7+1226G>A,,ENST00000357227,NP_006192.1,,,,,other,intron_variant,,,,,,,,,,,none,,,,,0.0,0.0,0.0,0.0,0.0,0.0,0.75,11.25
rs1353064005,Ensembl VEP (dbSNP),rs1353064005,rs1353064005,,X,47226443.0,C,G,rs1353064005,ENST00000357227.9:c.916+41C>G,,ENST00000357227,NP_006192.1,,,,,other,intron_variant,,,,,,,,,,,none,,,,,0.0,0.0,0.0,0.0,0.0,0.0,0.75,11.25
rs1352973144,Ensembl VEP (dbSNP),rs1352973144,rs1352973144,,X,47226311.0,C,T,rs1352973144,ENST00000357227.9:c.825C>T,ENSP00000349762.4:p.Ala275=,ENST00000357227,NP_006192.1,275.0,,,,synonymous,synonymous_variant,,,,,,,,,,Protein kinase,none,1.0,2.0,,,0.0,0.0,1.0,0.25,0.6,0.0,1.0,39.75
rs1352867092,Ensembl VEP (dbSNP),rs1352867092,rs1352867092,,X,47222806.0,T,C,rs1352867092,ENST00000357227.9:c.-6-746T>C,,ENST00000357227,NP_006192.1,,,,,other,intron_variant,,,,,,,,,,,none,,,,,0.0,0.0,0.0,0.0,0.0,0.0,0.75,11.25
rs1352543640,Ensembl VEP (dbSNP),rs1352543640,rs1352543640,,X,47223921.0,GTCT,-,rs1352543640,ENST00000357227.9:c.202+162_202+165del,,ENST00000357227,NP_006192.1,,,,,other,intron_variant,,,,,,,,,,,none,,,,,0.0,0.0,0.0,0.0,0.0,0.0,0.75,11.25
rs1352309581,Ensembl VEP (dbSNP),rs1352309581,rs1352309581,,X,47222113.0,G,A,rs1352309581,ENST00000357227.9:c.-6-1439G>A,,ENST00000357227,NP_006192.1,,,,,other,intron_variant,,,,,,,,,,,none,,,,,0.0,0.0,0.0,0.0,0.0,0.0,0.75,11.25
rs1352109686,Ensembl VEP (dbSNP),rs1352109686,rs1352109686,,X,47222127.0,T,C,rs1352109686,ENST00000357227.9:c.-6-1425T>C,,ENST00000357227,NP_006192.1,,,,,other,intron_variant,,,,,,,,,,,none,,,,,0.0,0.0,0.0,0.0,0.0,0.0,0.75,11.25
rs1351856213,Ensembl VEP (dbSNP),rs1351856213,rs1351856213,,X,47218292.0,CT,-,rs1351856213,,,ENST00000335972,NP_006192.1,,,,,other,downstream_gene_variant,,,,,,,,,,,none,,,,,0.0,0.0,0.0,0.0,0.0,0.0,0.5,7.5
rs1351800253,Ensembl VEP (dbSNP),rs1351800253,rs1351800253,,X,47219385.0,C,T,rs1351800253,,,ENST00000335972,NP_006192.1,,,,,other,downstream_gene_variant,,,,,,,,,,,none,,,,,0.0,0.0,0.0,0.0,0.0,0.0,0.5,7.5
rs1351789754,Ensembl VEP (dbSNP),rs1351789754,rs1351789754,,X,47223300.0,C,G,rs1351789754,ENST00000357227.9:c.-6-252C>G,,ENST00000357227,NP_006192.1,,,,,other,intron_variant,,,,,,,,,,,none,,,,,0.0,0.0,0.0,0.0,0.0,0.0,0.75,11.25
rs1350778474,Ensembl VEP (dbSNP),rs1350778474,rs1350778474,,X,47216588.0,T,C,rs1350778474,,,ENST00000335972,NP_006192.1,,,,,other,downstream_gene_variant,,,,,,,,,,,none,,,,,0.0,0.0,0.0,0.0,0.0,0.0,0.5,7.5
rs1350728434,Ensembl VEP (dbSNP),rs1350728434,rs1350728434,,X,47217051.0,G,A,rs1350728434,,,ENST00000335972,NP_006192.1,,,,,other,downstream_gene_variant,,,,,,,,,,,none,,,,,0.0,0.0,0.0,0.0,0.0,0.0,0.5,7.5
rs1350723063,Ensembl VEP (dbSNP),rs1350723063,rs1350723063,,X,47219064.0,C,T,rs1350723063,,,ENST00000335972,NP_006192.1,,,,,other,downstream_gene_variant,,,,,,,,,,,none,,,,,0.0,0.0,0.0,0.0,0.0,0.0,0.5,7.5
rs1350567228,Ensembl VEP (dbSNP),rs1350567228,rs1350567228,,X,47220517.0,-,TGCTAATGGGAGTCAGGGCTGAATGAGACCTGTGTG,rs1350567228,ENST00000357227.9:c.-7+1376_-7+1411dup,,ENST00000357227,NP_006192.1,,,,,other,intron_variant,,,,,,,,,,,none,,,,,0.0,0.0,0.0,0.0,0.0,0.0,0.75,11.25
rs1350156730,Ensembl VEP (dbSNP),rs1350156730,rs1350156730,,X,47217270.0,G,A,rs1350156730,,,ENST00000335972,NP_006192.1,,,,,other,downstream_gene_variant,,,,,,,,,,,none,,,,,0.0,0.0,0.0,0.0,0.0,0.0,0.5,7.5
rs1350116209,Ensembl VEP (dbSNP),rs1350116209,rs1350116209,,X,47224364.0,T,A,rs1350116209,ENST00000357227.9:c.203-21T>A,,ENST00000357227,NP_006192.1,,,,,other,intron_variant,,,,,,,,,,,none,,,,,0.0,0.0,0.0,0.0,0.0,0.0,0.75,11.25
rs1350098175,Ensembl VEP (dbSNP),rs1350098175,rs1350098175,,X,47218682.0,C,A,rs1350098175,,,ENST00000335972,NP_006192.1,,,,,other,downstream_gene_variant,,,,,,,,,,,none,,,,,0.0,0.0,0.0,0.0,0.0,0.0,0.5,7.5
rs1350045601,Ensembl VEP (dbSNP),rs1350045601,rs1350045601,,X,47222208.0,CT,-,rs1350045601,ENST00000357227.9:c.-6-1344_-6-1343del,,ENST00000357227,NP_006192.1,,,,,other,intron_variant,,,,,,,,,,,none,,,,,0.0,0.0,0.0,0.0,0.0,0.0,0.75,11.25
rs1349859401,Ensembl VEP (dbSNP),rs1349859401,rs1349859401,,X,47228117.0,T,-,rs1349859401,ENST00000357227.9:c.1376-450del,,ENST00000357227,NP_006192.1,,,,,other,intron_variant,,,,,,,,,,,none,,,,,0.0,0.0,0.0,0.0,0.0,0.0,0.75,11.25
rs1349191737,Ensembl VEP (dbSNP),rs1349191737,rs1349191737,,X,47220527.0,G,A,rs1349191737,ENST00000357227.9:c.-7+1422G>A,,ENST00000357227,NP_006192.1,,,,,other,intron_variant,,,,,,,,,,,none,,,,,0.0,0.0,0.0,0.0,0.0,0.0,0.75,11.25
rs1348902641,Ensembl VEP (dbSNP),rs1348902641,rs1348902641,,X,47219232.0,C,T,rs1348902641,,,ENST00000335972,NP_006192.1,,,,,other,downstream_gene_variant,,,,,,,,,,,none,,,,,0.0,0.0,0.0,0.0,0.0,0.0,0.5,7.5
rs1348752319,Ensembl VEP (dbSNP),rs1348752319,rs1348752319,,X,47224851.0,G,C,rs1348752319,ENST00000357227.9:c.480G>C,ENSP00000349762.4:p.Gly160=,ENST00000357227,NP_006192.1,160.0,,,,synonymous,synonymous_variant,,,,,,,,,,,none,1.0,2.0,,,0.0,0.0,1.0,0.0,0.0,0.0,1.0,30.0
rs1348524478,Ensembl VEP (dbSNP),rs1348524478,rs1348524478,,X,47228951.0,C,A,rs1348524478,ENST00000357227.9:c.*183C>A,,ENST00000357227,NP_006192.1,,,,,other,3_prime_UTR_variant,,,,,,,,,,,none,,,,,0.0,0.0,0.0,0.0,0.0,0.0,0.75,11.25
rs1348404224,Ensembl VEP (dbSNP),rs1348404224,rs1348404224,,X,47216911.0,CAG,-,rs1348404224,,,ENST00000335972,NP_006192.1,,,,,other,downstream_gene_variant,,,,,,,,,,,none,,,,,0.0,0.0,0.0,0.0,0.0,0.0,0.5,7.5
rs1348351285,Ensembl VEP (dbSNP),rs1348351285,rs1348351285,,X,47218482.0,A,G,rs1348351285,,,ENST00000335972,NP_006192.1,,,,,other,downstream_gene_variant,,,,,,,,,,,none,,,,,0.0,0.0,0.0,0.0,0.0,0.0,0.5,7.5
rs1348328921,Ensembl VEP (dbSNP),rs1348328921,rs1348328921,,X,47226669.0,G,A,rs1348328921,ENST00000357227.9:c.1003G>A,ENSP00000349762.4:p.Gly335Arg,ENST00000357227,NP_006192.1,335.0,G,R,G335R,missense,missense_variant,,,,,,0.0,deleterious_low_confidence,1.0,probably_damaging,Protein kinase,none,1.0,2.0,0.9978,PATHOGENIC,0.0,0.9978,1.0,0.25,0.6,0.0,1.0,54.72
rs1348100413,Ensembl VEP (dbSNP),rs1348100413,rs1348100413,,X,47228116.0,T,G,rs1348100413,ENST00000357227.9:c.1376-451T>G,,ENST00000357227,NP_006192.1,,,,,other,intron_variant,,,,,,,,,,,none,,,,,0.0,0.0,0.0,0.0,0.0,0.0,0.75,11.25
rs1347956014,Ensembl VEP (dbSNP),rs1347956014,rs1347956014,,X,47226014.0,T,G,rs1347956014,ENST00000357227.9:c.779T>G,ENSP00000349762.4:p.Met260Arg,ENST00000357227,NP_006192.1,260.0,M,R,M260R,missense,missense_variant,,,,,,0.02,deleterious_low_confidence,0.844,possibly_damaging,Protein kinase,none,1.0,2.0,0.5215,AMBIGUOUS,0.0,0.5215,1.0,0.25,0.6,0.0,1.0,47.57
rs1347329840,Ensembl VEP (dbSNP),rs1347329840,rs1347329840,,X,47222471.0,G,A,rs1347329840,ENST00000357227.9:c.-6-1081G>A,,ENST00000357227,NP_006192.1,,,,,other,intron_variant,,,,,,,,,,,none,,,,,0.0,0.0,0.0,0.0,0.0,0.0,0.75,11.25
rs1347111694,Ensembl VEP (dbSNP),rs1347111694,rs1347111694,,X,47216463.0,TA,-,rs1347111694,,,ENST00000335972,NP_006192.1,,,,,other,downstream_gene_variant,,,,,,,,,,,none,,,,,0.0,0.0,0.0,0.0,0.0,0.0,0.5,7.5
rs1346917491,Ensembl VEP (dbSNP),rs1346917491,rs1346917491,,X,47229078.0,A,C,rs1346917491,ENST00000357227.9:c.*310A>C,,ENST00000357227,NP_006192.1,,,,,other,3_prime_UTR_variant,,,,,,,,,,,none,,,,,0.0,0.0,0.0,0.0,0.0,0.0,0.75,11.25
rs1346836611,Ensembl VEP (dbSNP),rs1346836611,rs1346836611,,X,47227419.0,A,G,rs1346836611,ENST00000357227.9:c.1325A>G,ENSP00000349762.4:p.Lys442Arg,ENST00000357227,NP_006192.1,442.0,K,R,K442R,missense,missense_variant,,,,,,0.69,tolerated_low_confidence,0.0,benign,Protein kinase,none,1.0,2.0,0.0598,BENIGN,0.0,0.0598,1.0,0.25,0.6,0.0,1.0,40.65
rs1346703676,Ensembl VEP (dbSNP),rs1346703676,rs1346703676,,X,47221606.0,T,C,rs1346703676,ENST00000357227.9:c.-6-1946T>C,,ENST00000357227,NP_006192.1,,,,,other,intron_variant,,,,,,,,,,,none,,,,,0.0,0.0,0.0,0.0,0.0,0.0,0.75,11.25
rs1346603739,Ensembl VEP (dbSNP),rs1346603739,rs1346603739,,X,47220061.0,T,C,rs1346603739,,,ENST00000335972,NP_006192.1,,,,,other,downstream_gene_variant,,,,,,,,,,,none,,,,,0.0,0.0,0.0,0.0,0.0,0.0,0.5,7.5
rs1346359458,Ensembl VEP (dbSNP),rs1346359458,rs1346359458,,X,47216759.0,G,A,rs1346359458,,,ENST00000335972,NP_006192.1,,,,,other,downstream_gene_variant,,,,,,,,,,,none,,,,,0.0,0.0,0.0,0.0,0.0,0.0,0.5,7.5
rs1346328152,Ensembl VEP (dbSNP),rs1346328152,rs1346328152,,X,47223118.0,G,C,rs1346328152,ENST00000357227.9:c.-6-434G>C,,ENST00000357227,NP_006192.1,,,,,other,intron_variant,,,,,,,,,,,none,,,,,0.0,0.0,0.0,0.0,0.0,0.0,0.75,11.25
rs1346264522,Ensembl VEP (dbSNP),rs1346264522,rs1346264522,,X,47222948.0,AC,-,rs1346264522,ENST00000357227.9:c.-6-604_-6-603del,,ENST00000357227,NP_006192.1,,,,,other,intron_variant,,,,,,,,,,,none,,,,,0.0,0.0,0.0,0.0,0.0,0.0,0.75,11.25
rs1345992967,Ensembl VEP (dbSNP),rs1345992967,rs1345992967,,X,47220574.0,G,A,rs1345992967,ENST00000357227.9:c.-7+1469G>A,,ENST00000357227,NP_006192.1,,,,,other,intron_variant,,,,,,,,,,,none,,,,,0.0,0.0,0.0,0.0,0.0,0.0,0.75,11.25
rs1345496618,Ensembl VEP (dbSNP),rs1345496618,rs1345496618,,X,47223418.0,G,A,rs1345496618,ENST00000357227.9:c.-6-134G>A,,ENST00000357227,NP_006192.1,,,,,other,intron_variant,,,,,,,,,,,none,,,,,0.0,0.0,0.0,0.0,0.0,0.0,0.75,11.25
rs1345313485,Ensembl VEP (dbSNP),rs1345313485,rs1345313485,,X,47220444.0,-,C,rs1345313485,ENST00000357227.9:c.-7+1338_-7+1339insC,,ENST00000357227,NP_006192.1,,,,,other,intron_variant,,,,,,,,,,,none,,,,,0.0,0.0,0.0,0.0,0.0,0.0,0.75,11.25
rs1345247714,Ensembl VEP (dbSNP),rs1345247714,rs1345247714,,X,47227278.0,AG,-,rs1345247714,ENST00000357227.9:c.1284+55_1284+56del,,ENST00000357227,NP_006192.1,,,,,other,intron_variant,,,,,,,,,,,none,,,,,0.0,0.0,0.0,0.0,0.0,0.0,0.75,11.25
rs1345118678,Ensembl VEP (dbSNP),rs1345118678,rs1345118678,,X,47221302.0,T,C,rs1345118678,ENST00000357227.9:c.-7+2197T>C,,ENST00000357227,NP_006192.1,,,,,other,intron_variant,,,,,,,,,,,none,,,,,0.0,0.0,0.0,0.0,0.0,0.0,0.75,11.25
rs1344865706,Ensembl VEP (dbSNP),rs1344865706,rs1344865706,,X,47229995.0,A,G,rs1344865706,ENST00000357227.9:c.*1227A>G,,ENST00000357227,NP_006192.1,,,,,other,3_prime_UTR_variant,,,,,,,,,,,none,,,,,0.0,0.0,0.0,0.0,0.0,0.0,0.75,11.25
rs1344765124,Ensembl VEP (dbSNP),rs1344765124,rs1344765124,,X,47225707.0,C,T,rs1344765124,ENST00000357227.9:c.635-65C>T,,ENST00000357227,NP_006192.1,,,,,other,intron_variant,,,,,,,,,,,none,,,,,0.0,0.0,0.0,0.0,0.0,0.0,0.75,11.25
rs1344639681,Ensembl VEP (dbSNP),rs1344639681,rs1344639681,,X,47223229.0,G,A,rs1344639681,ENST00000357227.9:c.-6-323G>A,,ENST00000357227,NP_006192.1,,,,,other,intron_variant,,,,,,,,,,,none,,,,,0.0,0.0,0.0,0.0,0.0,0.0,0.75,11.25
rs1344288626,Ensembl VEP (dbSNP),rs1344288626,rs1344288626,,X,47218806.0,G,A,rs1344288626,,,ENST00000335972,NP_006192.1,,,,,other,downstream_gene_variant,,,,,,,,,,,none,,,,,0.0,0.0,0.0,0.0,0.0,0.0,0.5,7.5
rs1344222265,Ensembl VEP (dbSNP),rs1344222265,rs1344222265,,X,47220028.0,G,A,rs1344222265,,,ENST00000335972,NP_006192.1,,,,,other,downstream_gene_variant,,,,,,,,,,,none,,,,,0.0,0.0,0.0,0.0,0.0,0.0,0.5,7.5
rs1344202192,Ensembl VEP (dbSNP),rs1344202192,rs1344202192,,X,47217947.0,C,G,rs1344202192,,,ENST00000335972,NP_006192.1,,,,,other,downstream_gene_variant,,,,,,,,,,,none,,,,,0.0,0.0,0.0,0.0,0.0,0.0,0.5,7.5
rs1344138392,Ensembl VEP (dbSNP),rs1344138392,rs1344138392,,X,47226988.0,T,C,rs1344138392,ENST00000357227.9:c.1136-6T>C,,ENST00000357227,NP_006192.1,,,,,splice,splice_region_variant;splice_polypyrimidine_tract_variant;intron_variant,,,,,,,,,,,none,,,,,0.0,0.0,0.0,0.0,0.0,0.0,0.75,11.25
rs1344085582,Ensembl VEP (dbSNP),rs1344085582,rs1344085582,,X,47226022.0,G,A,rs1344085582,ENST00000357227.9:c.787G>A,ENSP00000349762.4:p.Val263Met,ENST00000357227,NP_006192.1,263.0,V,M,V263M,missense,missense_variant,,,,,,0.02,deleterious_low_confidence,0.997,probably_damaging,Protein kinase,none,1.0,2.0,0.798,PATHOGENIC,0.0,0.798,1.0,0.25,0.6,0.0,1.0,51.72
rs1343589093,Ensembl VEP (dbSNP),rs1343589093,rs1343589093,,X,47219051.0,C,G,rs1343589093,,,ENST00000335972,NP_006192.1,,,,,other,downstream_gene_variant,,,,,,,,,,,none,,,,,0.0,0.0,0.0,0.0,0.0,0.0,0.5,7.5
rs1343558777,Ensembl VEP (dbSNP),rs1343558777,rs1343558777,,X,47218456.0,G,C,rs1343558777,,,ENST00000335972,NP_006192.1,,,,,other,downstream_gene_variant,,,,,,,,,,,none,,,,,0.0,0.0,0.0,0.0,0.0,0.0,0.5,7.5
rs1343346311,Ensembl VEP (dbSNP),rs1343346311,rs1343346311,,X,47219513.0,A,T,rs1343346311,,,ENST00000335972,NP_006192.1,,,,,other,downstream_gene_variant,,,,,,,,,,,none,,,,,0.0,0.0,0.0,0.0,0.0,0.0,0.5,7.5
rs1343014374,Ensembl VEP (dbSNP),rs1343014374,rs1343014374,,X,47224730.0,G,A,rs1343014374,ENST00000357227.9:c.449G>A,ENSP00000349762.4:p.Arg150His,ENST00000357227,NP_006192.1,150.0,R,H,R150H,missense,missense_variant,,,,,,0.1,tolerated_low_confidence,0.173,benign,,none,1.0,2.0,0.9914,PATHOGENIC,0.0,0.9914,1.0,0.0,0.0,0.0,1.0,44.87
rs1342679022,Ensembl VEP (dbSNP),rs1342679022,rs1342679022,,X,47225137.0,C,T,rs1342679022,ENST00000357227.9:c.634+35C>T,,ENST00000357227,NP_006192.1,,,,,other,intron_variant,,,,,,,,,,,none,,,,,0.0,0.0,0.0,0.0,0.0,0.0,0.75,11.25
rs1342491111,Ensembl VEP (dbSNP),rs1342491111,rs1342491111,,X,47221077.0,A,G,rs1342491111,ENST00000357227.9:c.-7+1972A>G,,ENST00000357227,NP_006192.1,,,,,other,intron_variant,,,,,,,,,,,none,,,,,0.0,0.0,0.0,0.0,0.0,0.0,0.75,11.25
rs1341917649,Ensembl VEP (dbSNP),rs1341917649,rs1341917649,,X,47222678.0,G,A,rs1341917649,ENST00000357227.9:c.-6-874G>A,,ENST00000357227,NP_006192.1,,,,,other,intron_variant,,,,,,,,,,,none,,,,,0.0,0.0,0.0,0.0,0.0,0.0,0.75,11.25
rs1341668575,Ensembl VEP (dbSNP),rs1341668575,rs1341668575,,X,47229301.0,T,C,rs1341668575,ENST00000357227.9:c.*533T>C,,ENST00000357227,NP_006192.1,,,,,other,3_prime_UTR_variant,,,,,,,,,,,none,,,,,0.0,0.0,0.0,0.0,0.0,0.0,0.75,11.25
rs1341542836,Ensembl VEP (dbSNP),rs1341542836,rs1341542836,,X,47224882.0,C,T,rs1341542836,ENST00000357227.9:c.511C>T,ENSP00000349762.4:p.Leu171=,ENST00000357227,NP_006192.1,171.0,,,,synonymous,synonymous_variant,,,,,,,,,,Protein kinase,none,1.0,2.0,,,0.0,0.0,1.0,0.25,0.6,0.0,1.0,39.75
rs1341534163,Ensembl VEP (dbSNP),rs1341534163,rs1341534163,,X,47227938.0,T,G,rs1341534163,ENST00000357227.9:c.1375+469T>G,,ENST00000357227,NP_006192.1,,,,,other,intron_variant,,,,,,,,,,,none,,,,,0.0,0.0,0.0,0.0,0.0,0.0,0.75,11.25
rs1341223349,Ensembl VEP (dbSNP),rs1341223349,rs1341223349,,X,47217790.0,T,C,rs1341223349,,,ENST00000335972,NP_006192.1,,,,,other,downstream_gene_variant,,,,,,,,,,,none,,,,,0.0,0.0,0.0,0.0,0.0,0.0,0.5,7.5
rs1341220204,Ensembl VEP (dbSNP),rs1341220204,rs1341220204,,X,47228525.0,C,T,rs1341220204,ENST00000357227.9:c.1376-42C>T,,ENST00000357227,NP_006192.1,,,,,other,intron_variant,,,,,,,,,,,none,,,,,0.0,0.0,0.0,0.0,0.0,0.0,0.75,11.25
rs1341063624,Ensembl VEP (dbSNP),rs1341063624,rs1341063624,,X,47223460.0,G,T,rs1341063624,ENST00000357227.9:c.-6-92G>T,,ENST00000357227,NP_006192.1,,,,,other,intron_variant,,,,,,,,,,,none,,,,,0.0,0.0,0.0,0.0,0.0,0.0,0.75,11.25
rs1340537492,Ensembl VEP (dbSNP),rs1340537492,rs1340537492,,X,47224907.0,AGG,-,rs1340537492,ENST00000357227.9:c.519+17_519+19del,,ENST00000357227,NP_006192.1,,,,,other,intron_variant,,,,,,,,,,,none,,,,,0.0,0.0,0.0,0.0,0.0,0.0,0.75,11.25
rs1340456575,Ensembl VEP (dbSNP),rs1340456575,rs1340456575,,X,47222960.0,C,A,rs1340456575,ENST00000357227.9:c.-6-592C>A,,ENST00000357227,NP_006192.1,,,,,other,intron_variant,,,,,,,,,,,none,,,,,0.0,0.0,0.0,0.0,0.0,0.0,0.75,11.25
rs1340427763,Ensembl VEP (dbSNP),rs1340427763,rs1340427763,,X,47218097.0,A,C,rs1340427763,,,ENST00000335972,NP_006192.1,,,,,other,downstream_gene_variant,,,,,,,,,,,none,,,,,0.0,0.0,0.0,0.0,0.0,0.0,0.5,7.5
rs1340034292,Ensembl VEP (dbSNP),rs1340034292,rs1340034292,,X,47217799.0,G,A,rs1340034292,,,ENST00000335972,NP_006192.1,,,,,other,downstream_gene_variant,,,,,,,,,,,none,,,,,0.0,0.0,0.0,0.0,0.0,0.0,0.5,7.5
rs1339823280,Ensembl VEP (dbSNP),rs1339823280,rs1339823280,,X,47216433.0,C,T,rs1339823280,,,ENST00000335972,NP_006192.1,,,,,other,downstream_gene_variant,,,,,,,,,,,none,,,,,0.0,0.0,0.0,0.0,0.0,0.0,0.5,7.5
rs1339458217,Ensembl VEP (dbSNP),rs1339458217,rs1339458217,,X,47229578.0,C,-,rs1339458217,ENST00000357227.9:c.*810del,,ENST00000357227,NP_006192.1,,,,,other,3_prime_UTR_variant,,,,,,,,,,,none,,,,,0.0,0.0,0.0,0.0,0.0,0.0,0.75,11.25
rs1339333733,Ensembl VEP (dbSNP),rs1339333733,rs1339333733,,X,47228292.0,C,T,rs1339333733,ENST00000357227.9:c.1376-275C>T,,ENST00000357227,NP_006192.1,,,,,other,intron_variant,,,,,,,,,,,none,,,,,0.0,0.0,0.0,0.0,0.0,0.0,0.75,11.25
rs1339117502,Ensembl VEP (dbSNP),rs1339117502,rs1339117502,,X,47228656.0,C,A,rs1339117502,ENST00000357227.9:c.1453+12C>A,,ENST00000357227,NP_006192.1,,,,,other,intron_variant,,,,,,,,,,,none,,,,,0.0,0.0,0.0,0.0,0.0,0.0,0.75,11.25
rs1338881563,Ensembl VEP (dbSNP),rs1338881563,rs1338881563,,X,47221804.0,C,A,rs1338881563,ENST00000357227.9:c.-6-1748C>A,,ENST00000357227,NP_006192.1,,,,,other,intron_variant,,,,,,,,,,,none,,,,,0.0,0.0,0.0,0.0,0.0,0.0,0.75,11.25
rs1338839233,Ensembl VEP (dbSNP),rs1338839233,rs1338839233,,X,47220390.0,G,A,rs1338839233,ENST00000357227.9:c.-7+1285G>A,,ENST00000357227,NP_006192.1,,,,,other,intron_variant,,,,,,,,,,,none,,,,,0.0,0.0,0.0,0.0,0.0,0.0,0.75,11.25
rs1338728703,Ensembl VEP (dbSNP),rs1338728703,rs1338728703,,X,47222864.0,G,T,rs1338728703,ENST00000357227.9:c.-6-688G>T,,ENST00000357227,NP_006192.1,,,,,other,intron_variant,,,,,,,,,,,none,,,,,0.0,0.0,0.0,0.0,0.0,0.0,0.75,11.25
rs1338077377,Ensembl VEP (dbSNP),rs1338077377,rs1338077377,,X,47220195.0,G,A,rs1338077377,ENST00000357227.9:c.-7+1090G>A,,ENST00000357227,NP_006192.1,,,,,other,intron_variant,,,,,,,,,,,none,,,,,0.0,0.0,0.0,0.0,0.0,0.0,0.75,11.25
rs1337364927,Ensembl VEP (dbSNP),rs1337364927,rs1337364927,,X,47218929.0,CCTCCTCCTCCTC,CCTCCTCCTC,rs1337364927,,,ENST00000335972,NP_006192.1,,,,,other,downstream_gene_variant,,,,,,,,,,,none,,,,,0.0,0.0,0.0,0.0,0.0,0.0,0.5,7.5
rs1337362657,Ensembl VEP (dbSNP),rs1337362657,rs1337362657,4490442,X,47226278.0,G,A,rs1337362657,ENST00000357227.9:c.793-1G>A,,ENST00000357227,NP_006192.1,,,,,splice,splice_acceptor_variant,,,,,,,,,,,none,,,,,0.0,0.0,0.0,0.0,0.0,0.0,0.75,11.25
rs1336671633,Ensembl VEP (dbSNP),rs1336671633,rs1336671633,,X,47219113.0,C,G,rs1336671633,,,ENST00000335972,NP_006192.1,,,,,other,downstream_gene_variant,,,,,,,,,,,none,,,,,0.0,0.0,0.0,0.0,0.0,0.0,0.5,7.5
rs1336562576,Ensembl VEP (dbSNP),rs1336562576,rs1336562576,,X,47218235.0,-,G,rs1336562576,,,ENST00000335972,NP_006192.1,,,,,other,downstream_gene_variant,,,,,,,,,,,none,,,,,0.0,0.0,0.0,0.0,0.0,0.0,0.5,7.5
rs1336417753,Ensembl VEP (dbSNP),rs1336417753,rs1336417753,,X,47225633.0,G,A,rs1336417753,ENST00000357227.9:c.635-139G>A,,ENST00000357227,NP_006192.1,,,,,other,intron_variant,,,,,,,,,,,none,,,,,0.0,0.0,0.0,0.0,0.0,0.0,0.75,11.25
rs1336407702,Ensembl VEP (dbSNP),rs1336407702,rs1336407702,,X,47226805.0,-,C,rs1336407702,ENST00000357227.9:c.1038-8dup,,ENST00000357227,NP_006192.1,,,,,splice,splice_region_variant;splice_polypyrimidine_tract_variant;intron_variant,,,,,,,,,,,none,,,,,0.0,0.0,0.0,0.0,0.0,0.0,0.75,11.25
rs1335914419,Ensembl VEP (dbSNP),rs1335914419,rs1335914419,,X,47224681.0,C,T,rs1335914419,ENST00000357227.9:c.400C>T,ENSP00000349762.4:p.Leu134=,ENST00000357227,NP_006192.1,134.0,,,,synonymous,synonymous_variant,,,,,,,,,,,none,1.0,2.0,,,0.0,0.0,1.0,0.0,0.0,0.0,1.0,30.0
rs1335792860,Ensembl VEP (dbSNP),rs1335792860,rs1335792860,,X,47216468.0,-,CT,rs1335792860,,,ENST00000335972,NP_006192.1,,,,,other,downstream_gene_variant,,,,,,,,,,,none,,,,,0.0,0.0,0.0,0.0,0.0,0.0,0.5,7.5
rs1335607098,Ensembl VEP (dbSNP),rs1335607098,rs1335607098,,X,47221122.0,A,G,rs1335607098,ENST00000357227.9:c.-7+2017A>G,,ENST00000357227,NP_006192.1,,,,,other,intron_variant,,,,,,,,,,,none,,,,,0.0,0.0,0.0,0.0,0.0,0.0,0.75,11.25
rs1335552887,Ensembl VEP (dbSNP),rs1335552887,rs1335552887,,X,47219798.0,G,A,rs1335552887,,,ENST00000335972,NP_006192.1,,,,,other,downstream_gene_variant,,,,,,,,,,,none,,,,,0.0,0.0,0.0,0.0,0.0,0.0,0.5,7.5
rs1335427915,Ensembl VEP (dbSNP),rs1335427915,rs1335427915,,X,47221339.0,A,G,rs1335427915,ENST00000357227.9:c.-6-2213A>G,,ENST00000357227,NP_006192.1,,,,,other,intron_variant,,,,,,,,,,,none,,,,,0.0,0.0,0.0,0.0,0.0,0.0,0.75,11.25
rs1335236190,Ensembl VEP (dbSNP),rs1335236190,rs1335236190,,X,47222658.0,TGTGGG,-,rs1335236190,ENST00000357227.9:c.-6-894_-6-889del,,ENST00000357227,NP_006192.1,,,,,other,intron_variant,,,,,,,,,,,none,,,,,0.0,0.0,0.0,0.0,0.0,0.0,0.75,11.25
rs1334898513,Ensembl VEP (dbSNP),rs1334898513,rs1334898513,,X,47220399.0,G,C,rs1334898513,ENST00000357227.9:c.-7+1294G>C,,ENST00000357227,NP_006192.1,,,,,other,intron_variant,,,,,,,,,,,none,,,,,0.0,0.0,0.0,0.0,0.0,0.0,0.75,11.25
rs1334853293,Ensembl VEP (dbSNP),rs1334853293,rs1334853293,,X,47219239.0,G,A,rs1334853293,,,ENST00000335972,NP_006192.1,,,,,other,downstream_gene_variant,,,,,,,,,,,none,,,,,0.0,0.0,0.0,0.0,0.0,0.0,0.5,7.5
rs1334532938,Ensembl VEP (dbSNP),rs1334532938,rs1334532938,,X,47219096.0,G,A,rs1334532938,,,ENST00000335972,NP_006192.1,,,,,other,downstream_gene_variant,,,,,,,,,,,none,,,,,0.0,0.0,0.0,0.0,0.0,0.0,0.5,7.5
rs1334512890,Ensembl VEP (dbSNP),rs1334512890,rs1334512890,,X,47230054.0,G,T,rs1334512890,,,ENST00000357227,NP_006192.1,,,,,other,downstream_gene_variant,,,,,,,,,,,none,,,,,0.0,0.0,0.0,0.0,0.0,0.0,0.5,7.5
rs1334474353,Ensembl VEP (dbSNP),rs1334474353,rs1334474353,,X,47220372.0,A,G,rs1334474353,ENST00000357227.9:c.-7+1267A>G,,ENST00000357227,NP_006192.1,,,,,other,intron_variant,,,,,,,,,,,none,,,,,0.0,0.0,0.0,0.0,0.0,0.0,0.75,11.25
rs1334361102,Ensembl VEP (dbSNP),rs1334361102,rs1334361102,,X,47227361.0,C,T,rs1334361102,ENST00000357227.9:c.1285-18C>T,,ENST00000357227,NP_006192.1,,,,,other,intron_variant,,,,,,,,,,,none,,,,,0.0,0.0,0.0,0.0,0.0,0.0,0.75,11.25
rs1333756687,Ensembl VEP (dbSNP),rs1333756687,rs1333756687,,X,47226485.0,G,A,rs1333756687,ENST00000357227.9:c.916+83G>A,,ENST00000357227,NP_006192.1,,,,,other,intron_variant,,,,,,,,,,,none,,,,,0.0,0.0,0.0,0.0,0.0,0.0,0.75,11.25
rs1333355304,Ensembl VEP (dbSNP),rs1333355304,rs1333355304,,X,47226064.0,C,T,rs1333355304,ENST00000357227.9:c.792+37C>T,,ENST00000357227,NP_006192.1,,,,,other,intron_variant,,,,,,,,,,,none,,,,,0.0,0.0,0.0,0.0,0.0,0.0,0.75,11.25
rs1333240744,Ensembl VEP (dbSNP),rs1333240744,rs1333240744,,X,47224254.0,C,T,rs1333240744,ENST00000357227.9:c.203-131C>T,,ENST00000357227,NP_006192.1,,,,,other,intron_variant,,,,,,,,,,,none,,,,,0.0,0.0,0.0,0.0,0.0,0.0,0.75,11.25
rs1332868241,Ensembl VEP (dbSNP),rs1332868241,rs1332868241,,X,47224503.0,C,G,rs1332868241,ENST00000357227.9:c.321C>G,ENSP00000349762.4:p.Arg107=,ENST00000357227,NP_006192.1,107.0,,,,synonymous,synonymous_variant,,,,,,,,,,,none,1.0,2.0,,,0.0,0.0,1.0,0.0,0.0,0.0,1.0,30.0
rs1332730603,Ensembl VEP (dbSNP),rs1332730603,rs1332730603,,X,47218119.0,C,T,rs1332730603,,,ENST00000335972,NP_006192.1,,,,,other,downstream_gene_variant,,,,,,,,,,,none,,,,,0.0,0.0,0.0,0.0,0.0,0.0,0.5,7.5
rs1332131327,Ensembl VEP (dbSNP),rs1332131327,rs1332131327,,X,47223022.0,G,C,rs1332131327,ENST00000357227.9:c.-6-530G>C,,ENST00000357227,NP_006192.1,,,,,other,intron_variant,,,,,,,,,,,none,,,,,0.0,0.0,0.0,0.0,0.0,0.0,0.75,11.25
rs1331923997,Ensembl VEP (dbSNP),rs1331923997,rs1331923997,,X,47223321.0,G,A,rs1331923997,ENST00000357227.9:c.-6-231G>A,,ENST00000357227,NP_006192.1,,,,,other,intron_variant,,,,,,,,,,,none,,,,,0.0,0.0,0.0,0.0,0.0,0.0,0.75,11.25
rs1331102468,Ensembl VEP (dbSNP),rs1331102468,rs1331102468,,X,47223829.0,A,G,rs1331102468,ENST00000357227.9:c.202+70A>G,,ENST00000357227,NP_006192.1,,,,,other,intron_variant,,,,,,,,,,,none,,,,,0.0,0.0,0.0,0.0,0.0,0.0,0.75,11.25
rs1331072298,Ensembl VEP (dbSNP),rs1331072298,rs1331072298,,X,47229471.0,A,C,rs1331072298,ENST00000357227.9:c.*703A>C,,ENST00000357227,NP_006192.1,,,,,other,3_prime_UTR_variant,,,,,,,,,,,none,,,,,0.0,0.0,0.0,0.0,0.0,0.0,0.75,11.25
rs1330057672,Ensembl VEP (dbSNP),rs1330057672,rs1330057672,,X,47220201.0,A,G,rs1330057672,ENST00000357227.9:c.-7+1096A>G,,ENST00000357227,NP_006192.1,,,,,other,intron_variant,,,,,,,,,,,none,,,,,0.0,0.0,0.0,0.0,0.0,0.0,0.75,11.25
rs1329975919,Ensembl VEP (dbSNP),rs1329975919,rs1329975919,2482059,X,47227092.0,G,A,rs1329975919,ENST00000357227.9:c.1234G>A,ENSP00000349762.4:p.Ala412Thr,ENST00000357227,NP_006192.1,412.0,A,T,A412T,missense,missense_variant,Uncertain significance,"criteria provided, single submitter",not specified,,,0.24,tolerated_low_confidence,0.036,benign,Protein kinase,none,1.0,2.0,0.1549,BENIGN,0.6,0.1549,1.0,0.25,0.6,0.0,1.0,54.07
rs1329937225,Ensembl VEP (dbSNP),rs1329937225,rs1329937225,,X,47217836.0,C,A,rs1329937225,,,ENST00000335972,NP_006192.1,,,,,other,downstream_gene_variant,,,,,,,,,,,none,,,,,0.0,0.0,0.0,0.0,0.0,0.0,0.5,7.5
rs1329487948,Ensembl VEP (dbSNP),rs1329487948,rs1329487948,,X,47219222.0,C,T,rs1329487948,,,ENST00000335972,NP_006192.1,,,,,other,downstream_gene_variant,,,,,,,,,,,none,,,,,0.0,0.0,0.0,0.0,0.0,0.0,0.5,7.5
rs1329190865,Ensembl VEP (dbSNP),rs1329190865,rs1329190865,,X,47218080.0,T,A,rs1329190865,,,ENST00000335972,NP_006192.1,,,,,other,downstream_gene_variant,,,,,,,,,,,none,,,,,0.0,0.0,0.0,0.0,0.0,0.0,0.5,7.5
rs1328942850,Ensembl VEP (dbSNP),rs1328942850,rs1328942850,,X,47222651.0,GGGGGGG,GGGGGG,rs1328942850,ENST00000357227.9:c.-6-895del,,ENST00000357227,NP_006192.1,,,,,other,intron_variant,,,,,,,,,,,none,,,,,0.0,0.0,0.0,0.0,0.0,0.0,0.75,11.25
rs1328808128,Ensembl VEP (dbSNP),rs1328808128,rs1328808128,,X,47218732.0,G,C,rs1328808128,,,ENST00000335972,NP_006192.1,,,,,other,downstream_gene_variant,,,,,,,,,,,none,,,,,0.0,0.0,0.0,0.0,0.0,0.0,0.5,7.5
rs1328559854,Ensembl VEP (dbSNP),rs1328559854,rs1328559854,,X,47222895.0,G,A,rs1328559854,ENST00000357227.9:c.-6-657G>A,,ENST00000357227,NP_006192.1,,,,,other,intron_variant,,,,,,,,,,,none,,,,,0.0,0.0,0.0,0.0,0.0,0.0,0.75,11.25
rs1328291843,Ensembl VEP (dbSNP),rs1328291843,rs1328291843,,X,47227162.0,C,A,rs1328291843,ENST00000357227.9:c.1242-19C>A,,ENST00000357227,NP_006192.1,,,,,other,intron_variant,,,,,,,,,,,none,,,,,0.0,0.0,0.0,0.0,0.0,0.0,0.75,11.25
rs1328120843,Ensembl VEP (dbSNP),rs1328120843,rs1328120843,,X,47222668.0,-,TGGGGGTG,rs1328120843,ENST00000357227.9:c.-6-892_-6-885dup,,ENST00000357227,NP_006192.1,,,,,other,intron_variant,,,,,,,,,,,none,,,,,0.0,0.0,0.0,0.0,0.0,0.0,0.75,11.25
rs1327936142,Ensembl VEP (dbSNP),rs1327936142,rs1327936142,,X,47217611.0,G,A,rs1327936142,,,ENST00000335972,NP_006192.1,,,,,other,downstream_gene_variant,,,,,,,,,,,none,,,,,0.0,0.0,0.0,0.0,0.0,0.0,0.5,7.5
rs1327768426,Ensembl VEP (dbSNP),rs1327768426,rs1327768426,,X,47216467.0,C,T,rs1327768426,,,ENST00000335972,NP_006192.1,,,,,other,downstream_gene_variant,,,,,,,,,,,none,,,,,0.0,0.0,0.0,0.0,0.0,0.0,0.5,7.5
rs1327471672,Ensembl VEP (dbSNP),rs1327471672,rs1327471672,,X,47225005.0,C,G,rs1327471672,ENST00000357227.9:c.537C>G,ENSP00000349762.4:p.Val179=,ENST00000357227,NP_006192.1,179.0,,,,synonymous,synonymous_variant,,,,,,,,,,Protein kinase,none,1.0,2.0,,,0.0,0.0,1.0,0.25,0.6,0.0,1.0,39.75
rs1327381626,Ensembl VEP (dbSNP),rs1327381626,rs1327381626,,X,47217656.0,G,A,rs1327381626,,,ENST00000335972,NP_006192.1,,,,,other,downstream_gene_variant,,,,,,,,,,,none,,,,,0.0,0.0,0.0,0.0,0.0,0.0,0.5,7.5
rs1326941001,Ensembl VEP (dbSNP),rs1326941001,rs1326941001,,X,47228277.0,-,TATA,rs1326941001,ENST00000357227.9:c.1376-291_1376-290insTATA,,ENST00000357227,NP_006192.1,,,,,other,intron_variant,,,,,,,,,,,none,,,,,0.0,0.0,0.0,0.0,0.0,0.0,0.75,11.25
rs1326872713,Ensembl VEP (dbSNP),rs1326872713,rs1326872713,,X,47222191.0,C,T,rs1326872713,ENST00000357227.9:c.-6-1361C>T,,ENST00000357227,NP_006192.1,,,,,other,intron_variant,,,,,,,,,,,none,,,,,0.0,0.0,0.0,0.0,0.0,0.0,0.75,11.25
rs1326737506,Ensembl VEP (dbSNP),rs1326737506,rs1326737506,,X,47216903.0,T,G,rs1326737506,,,ENST00000335972,NP_006192.1,,,,,other,downstream_gene_variant,,,,,,,,,,,none,,,,,0.0,0.0,0.0,0.0,0.0,0.0,0.5,7.5
rs1326500505,Ensembl VEP (dbSNP),rs1326500505,rs1326500505,,X,47226717.0,G,-,rs1326500505,ENST00000357227.9:c.1037+14del,,ENST00000357227,NP_006192.1,,,,,other,intron_variant,,,,,,,,,,,none,,,,,0.0,0.0,0.0,0.0,0.0,0.0,0.75,11.25
rs1326475713,Ensembl VEP (dbSNP),rs1326475713,rs1326475713,,X,47229569.0,G,C,rs1326475713,ENST00000357227.9:c.*801G>C,,ENST00000357227,NP_006192.1,,,,,other,3_prime_UTR_variant,,,,,,,,,,,none,,,,,0.0,0.0,0.0,0.0,0.0,0.0,0.75,11.25
rs1326245403,Ensembl VEP (dbSNP),rs1326245403,rs1326245403,,X,47228779.0,G,A,rs1326245403,ENST00000357227.9:c.*11G>A,,ENST00000357227,NP_006192.1,,,,,other,3_prime_UTR_variant,,,,,,,,,,,none,,,,,0.0,0.0,0.0,0.0,0.0,0.0,0.75,11.25
rs1326023884,Ensembl VEP (dbSNP),rs1326023884,rs1326023884,,X,47223117.0,C,G,rs1326023884,ENST00000357227.9:c.-6-435C>G,,ENST00000357227,NP_006192.1,,,,,other,intron_variant,,,,,,,,,,,none,,,,,0.0,0.0,0.0,0.0,0.0,0.0,0.75,11.25
rs1325884409,Ensembl VEP (dbSNP),rs1325884409,rs1325884409,,X,47220892.0,G,A,rs1325884409,ENST00000357227.9:c.-7+1787G>A,,ENST00000357227,NP_006192.1,,,,,other,intron_variant,,,,,,,,,,,none,,,,,0.0,0.0,0.0,0.0,0.0,0.0,0.75,11.25
rs1325494863,Ensembl VEP (dbSNP),rs1325494863,rs1325494863,,X,47222608.0,C,T,rs1325494863,ENST00000357227.9:c.-6-944C>T,,ENST00000357227,NP_006192.1,,,,,other,intron_variant,,,,,,,,,,,none,,,,,0.0,0.0,0.0,0.0,0.0,0.0,0.75,11.25
rs1325251338,Ensembl VEP (dbSNP),rs1325251338,rs1325251338,,X,47229711.0,G,T,rs1325251338,ENST00000357227.9:c.*943G>T,,ENST00000357227,NP_006192.1,,,,,other,3_prime_UTR_variant,,,,,,,,,,,none,,,,,0.0,0.0,0.0,0.0,0.0,0.0,0.75,11.25
rs1325130833,Ensembl VEP (dbSNP),rs1325130833,rs1325130833,,X,47222048.0,C,T,rs1325130833,ENST00000357227.9:c.-6-1504C>T,,ENST00000357227,NP_006192.1,,,,,other,intron_variant,,,,,,,,,,,none,,,,,0.0,0.0,0.0,0.0,0.0,0.0,0.75,11.25
rs1324943515,Ensembl VEP (dbSNP),rs1324943515,rs1324943515,,X,47218821.0,C,T,rs1324943515,,,ENST00000335972,NP_006192.1,,,,,other,downstream_gene_variant,,,,,,,,,,,none,,,,,0.0,0.0,0.0,0.0,0.0,0.0,0.5,7.5
rs1324786143,Ensembl VEP (dbSNP),rs1324786143,rs1324786143,,X,47221721.0,A,G,rs1324786143,ENST00000357227.9:c.-6-1831A>G,,ENST00000357227,NP_006192.1,,,,,other,intron_variant,,,,,,,,,,,none,,,,,0.0,0.0,0.0,0.0,0.0,0.0,0.75,11.25
rs1324355028,Ensembl VEP (dbSNP),rs1324355028,rs1324355028,,X,47220051.0,A,T,rs1324355028,,,ENST00000335972,NP_006192.1,,,,,other,downstream_gene_variant,,,,,,,,,,,none,,,,,0.0,0.0,0.0,0.0,0.0,0.0,0.5,7.5
rs1324018305,Ensembl VEP (dbSNP),rs1324018305,rs1324018305,,X,47219388.0,GGGGGGG,GGGG,rs1324018305,,,ENST00000335972,NP_006192.1,,,,,other,downstream_gene_variant,,,,,,,,,,,none,,,,,0.0,0.0,0.0,0.0,0.0,0.0,0.5,7.5
rs1323982638,Ensembl VEP (dbSNP),rs1323982638,rs1323982638,,X,47223261.0,C,G,rs1323982638,ENST00000357227.9:c.-6-291C>G,,ENST00000357227,NP_006192.1,,,,,other,intron_variant,,,,,,,,,,,none,,,,,0.0,0.0,0.0,0.0,0.0,0.0,0.75,11.25
rs1323883002,Ensembl VEP (dbSNP),rs1323883002,rs1323883002,,X,47225192.0,C,G,rs1323883002,ENST00000357227.9:c.634+90C>G,,ENST00000357227,NP_006192.1,,,,,other,intron_variant,,,,,,,,,,,none,,,,,0.0,0.0,0.0,0.0,0.0,0.0,0.75,11.25
rs1323623940,Ensembl VEP (dbSNP),rs1323623940,rs1323623940,,X,47223481.0,G,C,rs1323623940,ENST00000357227.9:c.-6-71G>C,,ENST00000357227,NP_006192.1,,,,,other,intron_variant,,,,,,,,,,,none,,,,,0.0,0.0,0.0,0.0,0.0,0.0,0.75,11.25
rs1323577609,Ensembl VEP (dbSNP),rs1323577609,rs1323577609,,X,47230298.0,T,C,rs1323577609,,,ENST00000357227,NP_006192.1,,,,,other,downstream_gene_variant,,,,,,,,,,,none,,,,,0.0,0.0,0.0,0.0,0.0,0.0,0.5,7.5
rs1323388486,Ensembl VEP (dbSNP),rs1323388486,rs1323388486,,X,47216380.0,GGCCACACCACT,-,rs1323388486,,,ENST00000335972,NP_006192.1,,,,,other,downstream_gene_variant,,,,,,,,,,,none,,,,,0.0,0.0,0.0,0.0,0.0,0.0,0.5,7.5
rs1323182439,Ensembl VEP (dbSNP),rs1323182439,rs1323182439,,X,47224818.0,C,T,rs1323182439,ENST00000357227.9:c.463-16C>T,,ENST00000357227,NP_006192.1,,,,,splice,splice_polypyrimidine_tract_variant;intron_variant,,,,,,,,,,,none,,,,,0.0,0.0,0.0,0.0,0.0,0.0,0.75,11.25
rs1323002762,Ensembl VEP (dbSNP),rs1323002762,rs1323002762,,X,47220678.0,C,T,rs1323002762,ENST00000357227.9:c.-7+1573C>T,,ENST00000357227,NP_006192.1,,,,,other,intron_variant,,,,,,,,,,,none,,,,,0.0,0.0,0.0,0.0,0.0,0.0,0.75,11.25
rs1322892345,Ensembl VEP (dbSNP),rs1322892345,rs1322892345,,X,47229572.0,G,A,rs1322892345,ENST00000357227.9:c.*804G>A,,ENST00000357227,NP_006192.1,,,,,other,3_prime_UTR_variant,,,,,,,,,,,none,,,,,0.0,0.0,0.0,0.0,0.0,0.0,0.75,11.25
rs1322365602,Ensembl VEP (dbSNP),rs1322365602,rs1322365602,,X,47220183.0,C,G,rs1322365602,ENST00000357227.9:c.-7+1078C>G,,ENST00000357227,NP_006192.1,,,,,other,intron_variant,,,,,,,,,,,none,,,,,0.0,0.0,0.0,0.0,0.0,0.0,0.75,11.25
rs1322277493,Ensembl VEP (dbSNP),rs1322277493,rs1322277493,,X,47219905.0,A,C,rs1322277493,,,ENST00000335972,NP_006192.1,,,,,other,downstream_gene_variant,,,,,,,,,,,none,,,,,0.0,0.0,0.0,0.0,0.0,0.0,0.5,7.5
rs1322119033,Ensembl VEP (dbSNP),rs1322119033,rs1322119033,,X,47228661.0,G,A,rs1322119033,ENST00000357227.9:c.1453+17G>A,,ENST00000357227,NP_006192.1,,,,,other,intron_variant,,,,,,,,,,,none,,,,,0.0,0.0,0.0,0.0,0.0,0.0,0.75,11.25
rs1321892933,Ensembl VEP (dbSNP),rs1321892933,rs1321892933,,X,47224062.0,G,A,rs1321892933,ENST00000357227.9:c.202+303G>A,,ENST00000357227,NP_006192.1,,,,,other,intron_variant,,,,,,,,,,,none,,,,,0.0,0.0,0.0,0.0,0.0,0.0,0.75,11.25
rs1321701906,Ensembl VEP (dbSNP),rs1321701906,rs1321701906,,X,47219761.0,A,G,rs1321701906,,,ENST00000335972,NP_006192.1,,,,,other,downstream_gene_variant,,,,,,,,,,,none,,,,,0.0,0.0,0.0,0.0,0.0,0.0,0.5,7.5
rs1321390657,Ensembl VEP (dbSNP),rs1321390657,rs1321390657,,X,47221409.0,C,G,rs1321390657,ENST00000357227.9:c.-6-2143C>G,,ENST00000357227,NP_006192.1,,,,,other,intron_variant,,,,,,,,,,,none,,,,,0.0,0.0,0.0,0.0,0.0,0.0,0.75,11.25
rs1320412737,Ensembl VEP (dbSNP),rs1320412737,rs1320412737,,X,47216761.0,T,C,rs1320412737,,,ENST00000335972,NP_006192.1,,,,,other,downstream_gene_variant,,,,,,,,,,,none,,,,,0.0,0.0,0.0,0.0,0.0,0.0,0.5,7.5
rs1319997405,Ensembl VEP (dbSNP),rs1319997405,rs1319997405,,X,47229023.0,CCG,-,rs1319997405,ENST00000357227.9:c.*255_*257del,,ENST00000357227,NP_006192.1,,,,,other,3_prime_UTR_variant,,,,,,,,,,,none,,,,,0.0,0.0,0.0,0.0,0.0,0.0,0.75,11.25
rs1319971534,Ensembl VEP (dbSNP),rs1319971534,rs1319971534,,X,47229238.0,C,T,rs1319971534,ENST00000357227.9:c.*470C>T,,ENST00000357227,NP_006192.1,,,,,other,3_prime_UTR_variant,,,,,,,,,,,none,,,,,0.0,0.0,0.0,0.0,0.0,0.0,0.75,11.25
rs1319746598,Ensembl VEP (dbSNP),rs1319746598,rs1319746598,,X,47223795.0,C,T,rs1319746598,ENST00000357227.9:c.202+36C>T,,ENST00000357227,NP_006192.1,,,,,other,intron_variant,,,,,,,,,,,none,,,,,0.0,0.0,0.0,0.0,0.0,0.0,0.75,11.25
rs1319692418,Ensembl VEP (dbSNP),rs1319692418,rs1319692418,,X,47226139.0,T,G,rs1319692418,ENST00000357227.9:c.792+112T>G,,ENST00000357227,NP_006192.1,,,,,other,intron_variant,,,,,,,,,,,none,,,,,0.0,0.0,0.0,0.0,0.0,0.0,0.75,11.25
rs1319597343,Ensembl VEP (dbSNP),rs1319597343,rs1319597343,,X,47216869.0,T,C,rs1319597343,,,ENST00000335972,NP_006192.1,,,,,other,downstream_gene_variant,,,,,,,,,,,none,,,,,0.0,0.0,0.0,0.0,0.0,0.0,0.5,7.5
rs1318523844,Ensembl VEP (dbSNP),rs1318523844,rs1318523844,,X,47229137.0,G,T,rs1318523844,ENST00000357227.9:c.*369G>T,,ENST00000357227,NP_006192.1,,,,,other,3_prime_UTR_variant,,,,,,,,,,,none,,,,,0.0,0.0,0.0,0.0,0.0,0.0,0.75,11.25
rs1318314479,Ensembl VEP (dbSNP),rs1318314479,rs1318314479,,X,47227704.0,T,A,rs1318314479,ENST00000357227.9:c.1375+235T>A,,ENST00000357227,NP_006192.1,,,,,other,intron_variant,,,,,,,,,,,none,,,,,0.0,0.0,0.0,0.0,0.0,0.0,0.75,11.25
rs1317869983,Ensembl VEP (dbSNP),rs1317869983,rs1317869983,,X,47229108.0,C,T,rs1317869983,ENST00000357227.9:c.*340C>T,,ENST00000357227,NP_006192.1,,,,,other,3_prime_UTR_variant,,,,,,,,,,,none,,,,,0.0,0.0,0.0,0.0,0.0,0.0,0.75,11.25
rs1317821997,Ensembl VEP (dbSNP),rs1317821997,rs1317821997,,X,47219256.0,T,C,rs1317821997,,,ENST00000335972,NP_006192.1,,,,,other,downstream_gene_variant,,,,,,,,,,,none,,,,,0.0,0.0,0.0,0.0,0.0,0.0,0.5,7.5
rs1317590950,Ensembl VEP (dbSNP),rs1317590950,rs1317590950,,X,47229004.0,GTCT,-,rs1317590950,ENST00000357227.9:c.*236_*239del,,ENST00000357227,NP_006192.1,,,,,other,3_prime_UTR_variant,,,,,,,,,,,none,,,,,0.0,0.0,0.0,0.0,0.0,0.0,0.75,11.25
rs1317409165,Ensembl VEP (dbSNP),rs1317409165,rs1317409165,,X,47220575.0,G,A,rs1317409165,ENST00000357227.9:c.-7+1470G>A,,ENST00000357227,NP_006192.1,,,,,other,intron_variant,,,,,,,,,,,none,,,,,0.0,0.0,0.0,0.0,0.0,0.0,0.75,11.25
rs1317391905,Ensembl VEP (dbSNP),rs1317391905,rs1317391905,,X,47222667.0,G,A,rs1317391905,ENST00000357227.9:c.-6-885G>A,,ENST00000357227,NP_006192.1,,,,,other,intron_variant,,,,,,,,,,,none,,,,,0.0,0.0,0.0,0.0,0.0,0.0,0.75,11.25
rs1317251731,Ensembl VEP (dbSNP),rs1317251731,rs1317251731,,X,47221962.0,C,T,rs1317251731,ENST00000357227.9:c.-6-1590C>T,,ENST00000357227,NP_006192.1,,,,,other,intron_variant,,,,,,,,,,,none,,,,,0.0,0.0,0.0,0.0,0.0,0.0,0.75,11.25
rs1316304958,Ensembl VEP (dbSNP),rs1316304958,rs1316304958,,X,47221212.0,G,A,rs1316304958,ENST00000357227.9:c.-7+2107G>A,,ENST00000357227,NP_006192.1,,,,,other,intron_variant,,,,,,,,,,,none,,,,,0.0,0.0,0.0,0.0,0.0,0.0,0.75,11.25
rs1316060952,Ensembl VEP (dbSNP),rs1316060952,rs1316060952,,X,47219777.0,T,C,rs1316060952,,,ENST00000335972,NP_006192.1,,,,,other,downstream_gene_variant,,,,,,,,,,,none,,,,,0.0,0.0,0.0,0.0,0.0,0.0,0.5,7.5
rs1315384554,Ensembl VEP (dbSNP),rs1315384554,rs1315384554,,X,47228214.0,A,G,rs1315384554,ENST00000357227.9:c.1376-353A>G,,ENST00000357227,NP_006192.1,,,,,other,intron_variant,,,,,,,,,,,none,,,,,0.0,0.0,0.0,0.0,0.0,0.0,0.75,11.25
rs1315282037,Ensembl VEP (dbSNP),rs1315282037,rs1315282037,,X,47223873.0,-,C,rs1315282037,ENST00000357227.9:c.202+113dup,,ENST00000357227,NP_006192.1,,,,,other,intron_variant,,,,,,,,,,,none,,,,,0.0,0.0,0.0,0.0,0.0,0.0,0.75,11.25
rs1315019469,Ensembl VEP (dbSNP),rs1315019469,rs1315019469,,X,47227519.0,G,A,rs1315019469,ENST00000357227.9:c.1375+50G>A,,ENST00000357227,NP_006192.1,,,,,other,intron_variant,,,,,,,,,,,none,,,,,0.0,0.0,0.0,0.0,0.0,0.0,0.75,11.25
rs1314649721,Ensembl VEP (dbSNP),rs1314649721,rs1314649721,,X,47226973.0,A,-,rs1314649721,ENST00000357227.9:c.1136-21del,,ENST00000357227,NP_006192.1,,,,,other,intron_variant,,,,,,,,,,,none,,,,,0.0,0.0,0.0,0.0,0.0,0.0,0.75,11.25
rs1314617672,Ensembl VEP (dbSNP),rs1314617672,rs1314617672,,X,47223443.0,C,T,rs1314617672,ENST00000357227.9:c.-6-109C>T,,ENST00000357227,NP_006192.1,,,,,other,intron_variant,,,,,,,,,,,none,,,,,0.0,0.0,0.0,0.0,0.0,0.0,0.75,11.25
rs1314601798,Ensembl VEP (dbSNP),rs1314601798,rs1314601798,,X,47220452.0,G,A,rs1314601798,ENST00000357227.9:c.-7+1347G>A,,ENST00000357227,NP_006192.1,,,,,other,intron_variant,,,,,,,,,,,none,,,,,0.0,0.0,0.0,0.0,0.0,0.0,0.75,11.25
rs1313956449,Ensembl VEP (dbSNP),rs1313956449,rs1313956449,,X,47219606.0,G,A,rs1313956449,,,ENST00000335972,NP_006192.1,,,,,other,downstream_gene_variant,,,,,,,,,,,none,,,,,0.0,0.0,0.0,0.0,0.0,0.0,0.5,7.5
rs1313919537,Ensembl VEP (dbSNP),rs1313919537,rs1313919537,,X,47224074.0,C,A,rs1313919537,ENST00000357227.9:c.203-311C>A,,ENST00000357227,NP_006192.1,,,,,other,intron_variant,,,,,,,,,,,none,,,,,0.0,0.0,0.0,0.0,0.0,0.0,0.75,11.25
rs1313890130,Ensembl VEP (dbSNP),rs1313890130,rs1313890130,,X,47223776.0,T,A,rs1313890130,ENST00000357227.9:c.202+17T>A,,ENST00000357227,NP_006192.1,,,,,other,intron_variant,,,,,,,,,,,none,,,,,0.0,0.0,0.0,0.0,0.0,0.0,0.75,11.25
rs1313878566,Ensembl VEP (dbSNP),rs1313878566,rs1313878566,,X,47221066.0,T,C,rs1313878566,ENST00000357227.9:c.-7+1961T>C,,ENST00000357227,NP_006192.1,,,,,other,intron_variant,,,,,,,,,,,none,,,,,0.0,0.0,0.0,0.0,0.0,0.0,0.75,11.25
rs1313573036,Ensembl VEP (dbSNP),rs1313573036,rs1313573036,,X,47225537.0,C,T,rs1313573036,ENST00000357227.9:c.635-235C>T,,ENST00000357227,NP_006192.1,,,,,other,intron_variant,,,,,,,,,,,none,,,,,0.0,0.0,0.0,0.0,0.0,0.0,0.75,11.25
rs1313511928,Ensembl VEP (dbSNP),rs1313511928,rs1313511928,,X,47219347.0,C,T,rs1313511928,,,ENST00000335972,NP_006192.1,,,,,other,downstream_gene_variant,,,,,,,,,,,none,,,,,0.0,0.0,0.0,0.0,0.0,0.0,0.5,7.5
rs1312885066,Ensembl VEP (dbSNP),rs1312885066,rs1312885066,,X,47224366.0,C,A,rs1312885066,ENST00000357227.9:c.203-19C>A,,ENST00000357227,NP_006192.1,,,,,other,intron_variant,,,,,,,,,,,none,,,,,0.0,0.0,0.0,0.0,0.0,0.0,0.75,11.25
rs1312556299,Ensembl VEP (dbSNP),rs1312556299,rs1312556299,,X,47229308.0,A,T,rs1312556299,ENST00000357227.9:c.*540A>T,,ENST00000357227,NP_006192.1,,,,,other,3_prime_UTR_variant,,,,,,,,,,,none,,,,,0.0,0.0,0.0,0.0,0.0,0.0,0.75,11.25
rs1311820470,Ensembl VEP (dbSNP),rs1311820470,rs1311820470,,X,47217387.0,C,T,rs1311820470,,,ENST00000335972,NP_006192.1,,,,,other,downstream_gene_variant,,,,,,,,,,,none,,,,,0.0,0.0,0.0,0.0,0.0,0.0,0.5,7.5
rs1311765528,Ensembl VEP (dbSNP),rs1311765528,rs1311765528,,X,47228247.0,G,T,rs1311765528,ENST00000357227.9:c.1376-320G>T,,ENST00000357227,NP_006192.1,,,,,other,intron_variant,,,,,,,,,,,none,,,,,0.0,0.0,0.0,0.0,0.0,0.0,0.75,11.25
rs1311500195,Ensembl VEP (dbSNP),rs1311500195,rs1311500195,,X,47222830.0,G,A,rs1311500195,ENST00000357227.9:c.-6-722G>A,,ENST00000357227,NP_006192.1,,,,,other,intron_variant,,,,,,,,,,,none,,,,,0.0,0.0,0.0,0.0,0.0,0.0,0.75,11.25
rs1311243382,Ensembl VEP (dbSNP),rs1311243382,rs1311243382,,X,47223259.0,A,G,rs1311243382,ENST00000357227.9:c.-6-293A>G,,ENST00000357227,NP_006192.1,,,,,other,intron_variant,,,,,,,,,,,none,,,,,0.0,0.0,0.0,0.0,0.0,0.0,0.75,11.25
rs1311134271,Ensembl VEP (dbSNP),rs1311134271,rs1311134271,,X,47225893.0,G,C,rs1311134271,ENST00000357227.9:c.729+27G>C,,ENST00000357227,NP_006192.1,,,,,other,intron_variant,,,,,,,,,,,none,,,,,0.0,0.0,0.0,0.0,0.0,0.0,0.75,11.25
rs1311119852,Ensembl VEP (dbSNP),rs1311119852,rs1311119852,,X,47227303.0,G,T,rs1311119852,ENST00000357227.9:c.1285-76G>T,,ENST00000357227,NP_006192.1,,,,,other,intron_variant,,,,,,,,,,,none,,,,,0.0,0.0,0.0,0.0,0.0,0.0,0.75,11.25
rs1311077544,Ensembl VEP (dbSNP),rs1311077544,rs1311077544,,X,47225477.0,T,C,rs1311077544,ENST00000357227.9:c.635-295T>C,,ENST00000357227,NP_006192.1,,,,,other,intron_variant,,,,,,,,,,,none,,,,,0.0,0.0,0.0,0.0,0.0,0.0,0.75,11.25
rs1310891924,Ensembl VEP (dbSNP),rs1310891924,rs1310891924,,X,47226321.0,C,G,rs1310891924,ENST00000357227.9:c.835C>G,ENSP00000349762.4:p.Arg279Gly,ENST00000357227,NP_006192.1,279.0,R,G,R279G,missense,missense_variant,,,,,,0.03,deleterious_low_confidence,0.444,benign,Protein kinase,none,1.0,2.0,0.1899,BENIGN,0.0,0.1899,1.0,0.25,0.6,0.0,1.0,42.6
rs1310773464,Ensembl VEP (dbSNP),rs1310773464,rs1310773464,,X,47223821.0,C,T,rs1310773464,ENST00000357227.9:c.202+62C>T,,ENST00000357227,NP_006192.1,,,,,other,intron_variant,,,,,,,,,,,none,,,,,0.0,0.0,0.0,0.0,0.0,0.0,0.75,11.25
rs1310548831,Ensembl VEP (dbSNP),rs1310548831,rs1310548831,,X,47224723.0,C,T,rs1310548831,ENST00000357227.9:c.442C>T,ENSP00000349762.4:p.Arg148Cys,ENST00000357227,NP_006192.1,148.0,R,C,R148C,missense,missense_variant,,,,,,0.0,deleterious_low_confidence,0.768,possibly_damaging,,none,1.0,2.0,0.92,PATHOGENIC,0.0,0.92,1.0,0.0,0.0,0.0,1.0,43.8
rs1310496724,Ensembl VEP (dbSNP),rs1310496724,rs1310496724,,X,47226510.0,A,G,rs1310496724,ENST00000357227.9:c.917-73A>G,,ENST00000357227,NP_006192.1,,,,,other,intron_variant,,,,,,,,,,,none,,,,,0.0,0.0,0.0,0.0,0.0,0.0,0.75,11.25
rs1310452070,Ensembl VEP (dbSNP),rs1310452070,rs1310452070,,X,47218676.0,C,A,rs1310452070,,,ENST00000335972,NP_006192.1,,,,,other,downstream_gene_variant,,,,,,,,,,,none,,,,,0.0,0.0,0.0,0.0,0.0,0.0,0.5,7.5
rs1310348213,Ensembl VEP (dbSNP),rs1310348213,rs1310348213,,X,47223914.0,A,G,rs1310348213,ENST00000357227.9:c.202+155A>G,,ENST00000357227,NP_006192.1,,,,,other,intron_variant,,,,,,,,,,,none,,,,,0.0,0.0,0.0,0.0,0.0,0.0,0.75,11.25
rs1310292859,Ensembl VEP (dbSNP),rs1310292859,rs1310292859,,X,47221007.0,T,C,rs1310292859,ENST00000357227.9:c.-7+1902T>C,,ENST00000357227,NP_006192.1,,,,,other,intron_variant,,,,,,,,,,,none,,,,,0.0,0.0,0.0,0.0,0.0,0.0,0.75,11.25
rs1310105897,Ensembl VEP (dbSNP),rs1310105897,rs1310105897,,X,47229577.0,C,A,rs1310105897,ENST00000357227.9:c.*809C>A,,ENST00000357227,NP_006192.1,,,,,other,3_prime_UTR_variant,,,,,,,,,,,none,,,,,0.0,0.0,0.0,0.0,0.0,0.0,0.75,11.25
rs1309887433,Ensembl VEP (dbSNP),rs1309887433,rs1309887433,,X,47229393.0,C,T,rs1309887433,ENST00000357227.9:c.*625C>T,,ENST00000357227,NP_006192.1,,,,,other,3_prime_UTR_variant,,,,,,,,,,,none,,,,,0.0,0.0,0.0,0.0,0.0,0.0,0.75,11.25
rs1309548184,Ensembl VEP (dbSNP),rs1309548184,rs1309548184,,X,47224667.0,G,A,rs1309548184,ENST00000357227.9:c.386G>A,ENSP00000349762.4:p.Gly129Asp,ENST00000357227,NP_006192.1,129.0,G,D,G129D,missense,missense_variant,,,,,,0.09,tolerated_low_confidence,0.02,benign,,none,1.0,2.0,0.4635,AMBIGUOUS,0.0,0.4635,1.0,0.0,0.0,0.0,1.0,36.95
rs1309332061,Ensembl VEP (dbSNP),rs1309332061,rs1309332061,,X,47217235.0,C,T,rs1309332061,,,ENST00000335972,NP_006192.1,,,,,other,downstream_gene_variant,,,,,,,,,,,none,,,,,0.0,0.0,0.0,0.0,0.0,0.0,0.5,7.5
rs1309059126,Ensembl VEP (dbSNP),rs1309059126,rs1309059126,,X,47217868.0,G,A,rs1309059126,,,ENST00000335972,NP_006192.1,,,,,other,downstream_gene_variant,,,,,,,,,,,none,,,,,0.0,0.0,0.0,0.0,0.0,0.0,0.5,7.5
rs1309015137,Ensembl VEP (dbSNP),rs1309015137,rs1309015137,,X,47227233.0,C,A,rs1309015137,ENST00000357227.9:c.1284+10C>A,,ENST00000357227,NP_006192.1,,,,,other,intron_variant,,,,,,,,,,,none,,,,,0.0,0.0,0.0,0.0,0.0,0.0,0.75,11.25
rs1309001324,Ensembl VEP (dbSNP),rs1309001324,rs1309001324,,X,47218993.0,G,C,rs1309001324,,,ENST00000335972,NP_006192.1,,,,,other,downstream_gene_variant,,,,,,,,,,,none,,,,,0.0,0.0,0.0,0.0,0.0,0.0,0.5,7.5
rs1308874664,Ensembl VEP (dbSNP),rs1308874664,rs1308874664,,X,47222957.0,T,A,rs1308874664,ENST00000357227.9:c.-6-595T>A,,ENST00000357227,NP_006192.1,,,,,other,intron_variant,,,,,,,,,,,none,,,,,0.0,0.0,0.0,0.0,0.0,0.0,0.75,11.25
rs1308670800,Ensembl VEP (dbSNP),rs1308670800,rs1308670800,,X,47227771.0,A,C,rs1308670800,ENST00000357227.9:c.1375+302A>C,,ENST00000357227,NP_006192.1,,,,,other,intron_variant,,,,,,,,,,,none,,,,,0.0,0.0,0.0,0.0,0.0,0.0,0.75,11.25
rs1308469169,Ensembl VEP (dbSNP),rs1308469169,rs1308469169,,X,47223440.0,G,C,rs1308469169,ENST00000357227.9:c.-6-112G>C,,ENST00000357227,NP_006192.1,,,,,other,intron_variant,,,,,,,,,,,none,,,,,0.0,0.0,0.0,0.0,0.0,0.0,0.75,11.25
rs1308459937,Ensembl VEP (dbSNP),rs1308459937,rs1308459937,,X,47217012.0,A,C,rs1308459937,,,ENST00000335972,NP_006192.1,,,,,other,downstream_gene_variant,,,,,,,,,,,none,,,,,0.0,0.0,0.0,0.0,0.0,0.0,0.5,7.5
rs1308353258,Ensembl VEP (dbSNP),rs1308353258,rs1308353258,,X,47222647.0,-,GGGGGGGG,rs1308353258,ENST00000357227.9:c.-6-906_-6-905insGGGGGGGG,,ENST00000357227,NP_006192.1,,,,,other,intron_variant,,,,,,,,,,,none,,,,,0.0,0.0,0.0,0.0,0.0,0.0,0.75,11.25
rs1308097664,Ensembl VEP (dbSNP),rs1308097664,rs1308097664,,X,47220853.0,A,G,rs1308097664,ENST00000357227.9:c.-7+1748A>G,,ENST00000357227,NP_006192.1,,,,,other,intron_variant,,,,,,,,,,,none,,,,,0.0,0.0,0.0,0.0,0.0,0.0,0.75,11.25
rs1308073363,Ensembl VEP (dbSNP),rs1308073363,rs1308073363,,X,47229331.0,A,G,rs1308073363,ENST00000357227.9:c.*563A>G,,ENST00000357227,NP_006192.1,,,,,other,3_prime_UTR_variant,,,,,,,,,,,none,,,,,0.0,0.0,0.0,0.0,0.0,0.0,0.75,11.25
rs1307964814,Ensembl VEP (dbSNP),rs1307964814,rs1307964814,,X,47228255.0,T,C,rs1307964814,ENST00000357227.9:c.1376-312T>C,,ENST00000357227,NP_006192.1,,,,,other,intron_variant,,,,,,,,,,,none,,,,,0.0,0.0,0.0,0.0,0.0,0.0,0.75,11.25
rs1307829843,Ensembl VEP (dbSNP),rs1307829843,rs1307829843,,X,47221769.0,G,T,rs1307829843,ENST00000357227.9:c.-6-1783G>T,,ENST00000357227,NP_006192.1,,,,,other,intron_variant,,,,,,,,,,,none,,,,,0.0,0.0,0.0,0.0,0.0,0.0,0.75,11.25
rs1307753331,Ensembl VEP (dbSNP),rs1307753331,rs1307753331,,X,47226862.0,C,T,rs1307753331,ENST00000357227.9:c.1088C>T,ENSP00000349762.4:p.Pro363Leu,ENST00000357227,NP_006192.1,363.0,P,L,P363L,missense,missense_variant,,,,,,0.03,deleterious_low_confidence,0.99,probably_damaging,Protein kinase,none,1.0,2.0,0.9402,PATHOGENIC,0.0,0.9402,1.0,0.25,0.6,0.0,1.0,53.85
rs1307719507,Ensembl VEP (dbSNP),rs1307719507,rs1307719507,,X,47230048.0,T,G,rs1307719507,,,ENST00000357227,NP_006192.1,,,,,other,downstream_gene_variant,,,,,,,,,,,none,,,,,0.0,0.0,0.0,0.0,0.0,0.0,0.5,7.5
rs1307699860,Ensembl VEP (dbSNP),rs1307699860,rs1307699860,,X,47228113.0,A,G,rs1307699860,ENST00000357227.9:c.1376-454A>G,,ENST00000357227,NP_006192.1,,,,,other,intron_variant,,,,,,,,,,,none,,,,,0.0,0.0,0.0,0.0,0.0,0.0,0.75,11.25
rs1307035891,Ensembl VEP (dbSNP),rs1307035891,rs1307035891,,X,47226095.0,C,T,rs1307035891,ENST00000357227.9:c.792+68C>T,,ENST00000357227,NP_006192.1,,,,,other,intron_variant,,,,,,,,,,,none,,,,,0.0,0.0,0.0,0.0,0.0,0.0,0.75,11.25
rs1306713763,Ensembl VEP (dbSNP),rs1306713763,rs1306713763,,X,47221101.0,C,G,rs1306713763,ENST00000357227.9:c.-7+1996C>G,,ENST00000357227,NP_006192.1,,,,,other,intron_variant,,,,,,,,,,,none,,,,,0.0,0.0,0.0,0.0,0.0,0.0,0.75,11.25
rs1306414670,Ensembl VEP (dbSNP),rs1306414670,rs1306414670,,X,47222675.0,G,C,rs1306414670,ENST00000357227.9:c.-6-877G>C,,ENST00000357227,NP_006192.1,,,,,other,intron_variant,,,,,,,,,,,none,,,,,0.0,0.0,0.0,0.0,0.0,0.0,0.75,11.25
rs1306357387,Ensembl VEP (dbSNP),rs1306357387,rs1306357387,,X,47217271.0,G,A,rs1306357387,,,ENST00000335972,NP_006192.1,,,,,other,downstream_gene_variant,,,,,,,,,,,none,,,,,0.0,0.0,0.0,0.0,0.0,0.0,0.5,7.5
rs1305999380,Ensembl VEP (dbSNP),rs1305999380,rs1305999380,,X,47228631.0,G,A,rs1305999380,ENST00000357227.9:c.1440G>A,ENSP00000349762.4:p.Ser480=,ENST00000357227,NP_006192.1,480.0,,,,synonymous,synonymous_variant,,,,,,,,,,,none,1.0,2.0,,,0.0,0.0,1.0,0.0,0.0,0.0,1.0,30.0
rs1305544319,Ensembl VEP (dbSNP),rs1305544319,rs1305544319,,X,47216346.0,A,G,rs1305544319,,,ENST00000335972,NP_006192.1,,,,,other,downstream_gene_variant,,,,,,,,,,,none,,,,,0.0,0.0,0.0,0.0,0.0,0.0,0.5,7.5
rs1305409068,Ensembl VEP (dbSNP),rs1305409068,rs1305409068,,X,47229412.0,A,G,rs1305409068,ENST00000357227.9:c.*644A>G,,ENST00000357227,NP_006192.1,,,,,other,3_prime_UTR_variant,,,,,,,,,,,none,,,,,0.0,0.0,0.0,0.0,0.0,0.0,0.75,11.25
rs1304945126,Ensembl VEP (dbSNP),rs1304945126,rs1304945126,,X,47229274.0,T,C,rs1304945126,ENST00000357227.9:c.*506T>C,,ENST00000357227,NP_006192.1,,,,,other,3_prime_UTR_variant,,,,,,,,,,,none,,,,,0.0,0.0,0.0,0.0,0.0,0.0,0.75,11.25
rs1304842177,Ensembl VEP (dbSNP),rs1304842177,rs1304842177,,X,47226610.0,C,T,rs1304842177,ENST00000357227.9:c.944C>T,ENSP00000349762.4:p.Thr315Ile,ENST00000357227,NP_006192.1,315.0,T,I,T315I,missense,missense_variant,,,,,,0.02,deleterious_low_confidence,0.59,possibly_damaging,Protein kinase,none,1.0,2.0,0.7694,PATHOGENIC,0.0,0.7694,1.0,0.25,0.6,0.0,1.0,51.29
rs1304773114,Ensembl VEP (dbSNP),rs1304773114,rs1304773114,,X,47217071.0,T,C,rs1304773114,,,ENST00000335972,NP_006192.1,,,,,other,downstream_gene_variant,,,,,,,,,,,none,,,,,0.0,0.0,0.0,0.0,0.0,0.0,0.5,7.5
rs1304702491,Ensembl VEP (dbSNP),rs1304702491,rs1304702491,,X,47221213.0,G,A,rs1304702491,ENST00000357227.9:c.-7+2108G>A,,ENST00000357227,NP_006192.1,,,,,other,intron_variant,,,,,,,,,,,none,,,,,0.0,0.0,0.0,0.0,0.0,0.0,0.75,11.25
rs1304170532,Ensembl VEP (dbSNP),rs1304170532,rs1304170532,,X,47224879.0,A,C,rs1304170532,ENST00000357227.9:c.508A>C,ENSP00000349762.4:p.Lys170Gln,ENST00000357227,NP_006192.1,170.0,K,Q,K170Q,missense,missense_variant,,,,,,0.0,deleterious_low_confidence,1.0,probably_damaging,Protein kinase,none,1.0,2.0,0.9187,PATHOGENIC,0.0,0.9187,1.0,0.25,0.6,0.0,1.0,53.53
rs1303765605,Ensembl VEP (dbSNP),rs1303765605,rs1303765605,,X,47223925.0,A,G,rs1303765605,ENST00000357227.9:c.202+166A>G,,ENST00000357227,NP_006192.1,,,,,other,intron_variant,,,,,,,,,,,none,,,,,0.0,0.0,0.0,0.0,0.0,0.0,0.75,11.25
rs1303011091,Ensembl VEP (dbSNP),rs1303011091,rs1303011091,,X,47221607.0,C,T,rs1303011091,ENST00000357227.9:c.-6-1945C>T,,ENST00000357227,NP_006192.1,,,,,other,intron_variant,,,,,,,,,,,none,,,,,0.0,0.0,0.0,0.0,0.0,0.0,0.75,11.25
rs1302872947,Ensembl VEP (dbSNP),rs1302872947,rs1302872947,,X,47220052.0,G,A,rs1302872947,,,ENST00000335972,NP_006192.1,,,,,other,downstream_gene_variant,,,,,,,,,,,none,,,,,0.0,0.0,0.0,0.0,0.0,0.0,0.5,7.5
rs1302360162,Ensembl VEP (dbSNP),rs1302360162,rs1302360162,,X,47227965.0,C,T,rs1302360162,ENST00000357227.9:c.1375+496C>T,,ENST00000357227,NP_006192.1,,,,,other,intron_variant,,,,,,,,,,,none,,,,,0.0,0.0,0.0,0.0,0.0,0.0,0.75,11.25
rs1302147856,Ensembl VEP (dbSNP),rs1302147856,rs1302147856,,X,47218637.0,A,T,rs1302147856,,,ENST00000335972,NP_006192.1,,,,,other,downstream_gene_variant,,,,,,,,,,,none,,,,,0.0,0.0,0.0,0.0,0.0,0.0,0.5,7.5
rs1301806784,Ensembl VEP (dbSNP),rs1301806784,rs1301806784,,X,47223405.0,C,T,rs1301806784,ENST00000357227.9:c.-6-147C>T,,ENST00000357227,NP_006192.1,,,,,other,intron_variant,,,,,,,,,,,none,,,,,0.0,0.0,0.0,0.0,0.0,0.0,0.75,11.25
rs1301533666,Ensembl VEP (dbSNP),rs1301533666,rs1301533666,,X,47220521.0,A,G,rs1301533666,ENST00000357227.9:c.-7+1416A>G,,ENST00000357227,NP_006192.1,,,,,other,intron_variant,,,,,,,,,,,none,,,,,0.0,0.0,0.0,0.0,0.0,0.0,0.75,11.25
rs1301328587,Ensembl VEP (dbSNP),rs1301328587,rs1301328587,,X,47229894.0,G,A,rs1301328587,ENST00000357227.9:c.*1126G>A,,ENST00000357227,NP_006192.1,,,,,other,3_prime_UTR_variant,,,,,,,,,,,none,,,,,0.0,0.0,0.0,0.0,0.0,0.0,0.75,11.25
rs1301213304,Ensembl VEP (dbSNP),rs1301213304,rs1301213304,,X,47223100.0,C,T,rs1301213304,ENST00000357227.9:c.-6-452C>T,,ENST00000357227,NP_006192.1,,,,,other,intron_variant,,,,,,,,,,,none,,,,,0.0,0.0,0.0,0.0,0.0,0.0,0.75,11.25
rs1300712290,Ensembl VEP (dbSNP),rs1300712290,rs1300712290,,X,47223027.0,C,A,rs1300712290,ENST00000357227.9:c.-6-525C>A,,ENST00000357227,NP_006192.1,,,,,other,intron_variant,,,,,,,,,,,none,,,,,0.0,0.0,0.0,0.0,0.0,0.0,0.75,11.25
rs1300132873,Ensembl VEP (dbSNP),rs1300132873,rs1300132873,,X,47217088.0,A,T,rs1300132873,,,ENST00000335972,NP_006192.1,,,,,other,downstream_gene_variant,,,,,,,,,,,none,,,,,0.0,0.0,0.0,0.0,0.0,0.0,0.5,7.5
rs1300064673,Ensembl VEP (dbSNP),rs1300064673,rs1300064673,,X,47225686.0,T,C,rs1300064673,ENST00000357227.9:c.635-86T>C,,ENST00000357227,NP_006192.1,,,,,other,intron_variant,,,,,,,,,,,none,,,,,0.0,0.0,0.0,0.0,0.0,0.0,0.75,11.25
rs1300003473,Ensembl VEP (dbSNP),rs1300003473,rs1300003473,,X,47223458.0,C,T,rs1300003473,ENST00000357227.9:c.-6-94C>T,,ENST00000357227,NP_006192.1,,,,,other,intron_variant,,,,,,,,,,,none,,,,,0.0,0.0,0.0,0.0,0.0,0.0,0.75,11.25
rs1299350176,Ensembl VEP (dbSNP),rs1299350176,rs1299350176,,X,47228134.0,A,G,rs1299350176,ENST00000357227.9:c.1376-433A>G,,ENST00000357227,NP_006192.1,,,,,other,intron_variant,,,,,,,,,,,none,,,,,0.0,0.0,0.0,0.0,0.0,0.0,0.75,11.25
rs1298664994,Ensembl VEP (dbSNP),rs1298664994,rs1298664994,,X,47227985.0,T,A,rs1298664994,ENST00000357227.9:c.1375+516T>A,,ENST00000357227,NP_006192.1,,,,,other,intron_variant,,,,,,,,,,,none,,,,,0.0,0.0,0.0,0.0,0.0,0.0,0.75,11.25
rs1298413132,Ensembl VEP (dbSNP),rs1298413132,rs1298413132,,X,47226006.0,C,T,rs1298413132,ENST00000357227.9:c.771C>T,ENSP00000349762.4:p.Ile257=,ENST00000357227,NP_006192.1,257.0,,,,synonymous,synonymous_variant,,,,,,,,,,Protein kinase,none,1.0,2.0,,,0.0,0.0,1.0,0.25,0.6,0.0,1.0,39.75
rs1298218352,Ensembl VEP (dbSNP),rs1298218352,rs1298218352,,X,47222958.0,CCCCCCCCCC,CCCCCCCCC,rs1298218352,ENST00000357227.9:c.-6-585del,,ENST00000357227,NP_006192.1,,,,,other,intron_variant,,,,,,,,,,,none,,,,,0.0,0.0,0.0,0.0,0.0,0.0,0.75,11.25
rs1298179922,Ensembl VEP (dbSNP),rs1298179922,rs1298179922,,X,47218813.0,T,G,rs1298179922,,,ENST00000335972,NP_006192.1,,,,,other,downstream_gene_variant,,,,,,,,,,,none,,,,,0.0,0.0,0.0,0.0,0.0,0.0,0.5,7.5
rs1297912199,Ensembl VEP (dbSNP),rs1297912199,rs1297912199,,X,47225523.0,C,T,rs1297912199,ENST00000357227.9:c.635-249C>T,,ENST00000357227,NP_006192.1,,,,,other,intron_variant,,,,,,,,,,,none,,,,,0.0,0.0,0.0,0.0,0.0,0.0,0.75,11.25
rs1297754060,Ensembl VEP (dbSNP),rs1297754060,rs1297754060,,X,47227682.0,A,C,rs1297754060,ENST00000357227.9:c.1375+213A>C,,ENST00000357227,NP_006192.1,,,,,other,intron_variant,,,,,,,,,,,none,,,,,0.0,0.0,0.0,0.0,0.0,0.0,0.75,11.25
rs1297562005,Ensembl VEP (dbSNP),rs1297562005,rs1297562005,,X,47223463.0,C,T,rs1297562005,ENST00000357227.9:c.-6-89C>T,,ENST00000357227,NP_006192.1,,,,,other,intron_variant,,,,,,,,,,,none,,,,,0.0,0.0,0.0,0.0,0.0,0.0,0.75,11.25
rs1297514886,Ensembl VEP (dbSNP),rs1297514886,rs1297514886,,X,47216893.0,T,C,rs1297514886,,,ENST00000335972,NP_006192.1,,,,,other,downstream_gene_variant,,,,,,,,,,,none,,,,,0.0,0.0,0.0,0.0,0.0,0.0,0.5,7.5
rs1297448091,Ensembl VEP (dbSNP),rs1297448091,rs1297448091,,X,47218457.0,G,C,rs1297448091,,,ENST00000335972,NP_006192.1,,,,,other,downstream_gene_variant,,,,,,,,,,,none,,,,,0.0,0.0,0.0,0.0,0.0,0.0,0.5,7.5
rs1297319722,Ensembl VEP (dbSNP),rs1297319722,rs1297319722,,X,47222219.0,A,G,rs1297319722,ENST00000357227.9:c.-6-1333A>G,,ENST00000357227,NP_006192.1,,,,,other,intron_variant,,,,,,,,,,,none,,,,,0.0,0.0,0.0,0.0,0.0,0.0,0.75,11.25
rs1296579384,Ensembl VEP (dbSNP),rs1296579384,rs1296579384,,X,47227358.0,C,T,rs1296579384,ENST00000357227.9:c.1285-21C>T,,ENST00000357227,NP_006192.1,,,,,other,intron_variant,,,,,,,,,,,none,,,,,0.0,0.0,0.0,0.0,0.0,0.0,0.75,11.25
rs1296579274,Ensembl VEP (dbSNP),rs1296579274,rs1296579274,,X,47222894.0,C,T,rs1296579274,ENST00000357227.9:c.-6-658C>T,,ENST00000357227,NP_006192.1,,,,,other,intron_variant,,,,,,,,,,,none,,,,,0.0,0.0,0.0,0.0,0.0,0.0,0.75,11.25
rs1296313431,Ensembl VEP (dbSNP),rs1296313431,rs1296313431,,X,47219640.0,TGGG,-,rs1296313431,,,ENST00000335972,NP_006192.1,,,,,other,downstream_gene_variant,,,,,,,,,,,none,,,,,0.0,0.0,0.0,0.0,0.0,0.0,0.5,7.5
rs1296208503,Ensembl VEP (dbSNP),rs1296208503,rs1296208503,,X,47217629.0,A,T,rs1296208503,,,ENST00000335972,NP_006192.1,,,,,other,downstream_gene_variant,,,,,,,,,,,none,,,,,0.0,0.0,0.0,0.0,0.0,0.0,0.5,7.5
rs1295766660,Ensembl VEP (dbSNP),rs1295766660,rs1295766660,,X,47227939.0,C,T,rs1295766660,ENST00000357227.9:c.1375+470C>T,,ENST00000357227,NP_006192.1,,,,,other,intron_variant,,,,,,,,,,,none,,,,,0.0,0.0,0.0,0.0,0.0,0.0,0.75,11.25
rs1295360045,Ensembl VEP (dbSNP),rs1295360045,rs1295360045,,X,47226220.0,G,C,rs1295360045,ENST00000357227.9:c.793-59G>C,,ENST00000357227,NP_006192.1,,,,,other,intron_variant,,,,,,,,,,,none,,,,,0.0,0.0,0.0,0.0,0.0,0.0,0.75,11.25
rs1295347714,Ensembl VEP (dbSNP),rs1295347714,rs1295347714,,X,47226127.0,-,T,rs1295347714,ENST00000357227.9:c.792+99dup,,ENST00000357227,NP_006192.1,,,,,other,intron_variant,,,,,,,,,,,none,,,,,0.0,0.0,0.0,0.0,0.0,0.0,0.75,11.25
rs1295126267,Ensembl VEP (dbSNP),rs1295126267,rs1295126267,,X,47226501.0,G,A,rs1295126267,ENST00000357227.9:c.917-82G>A,,ENST00000357227,NP_006192.1,,,,,other,intron_variant,,,,,,,,,,,none,,,,,0.0,0.0,0.0,0.0,0.0,0.0,0.75,11.25
rs1295041213,Ensembl VEP (dbSNP),rs1295041213,rs1295041213,,X,47229252.0,T,C,rs1295041213,ENST00000357227.9:c.*484T>C,,ENST00000357227,NP_006192.1,,,,,other,3_prime_UTR_variant,,,,,,,,,,,none,,,,,0.0,0.0,0.0,0.0,0.0,0.0,0.75,11.25
rs1294994719,Ensembl VEP (dbSNP),rs1294994719,rs1294994719,,X,47219472.0,T,C,rs1294994719,,,ENST00000335972,NP_006192.1,,,,,other,downstream_gene_variant,,,,,,,,,,,none,,,,,0.0,0.0,0.0,0.0,0.0,0.0,0.5,7.5
rs1294508521,Ensembl VEP (dbSNP),rs1294508521,rs1294508521,,X,47225671.0,A,G,rs1294508521,ENST00000357227.9:c.635-101A>G,,ENST00000357227,NP_006192.1,,,,,other,intron_variant,,,,,,,,,,,none,,,,,0.0,0.0,0.0,0.0,0.0,0.0,0.75,11.25
rs1294385214,Ensembl VEP (dbSNP),rs1294385214,rs1294385214,,X,47220648.0,A,G,rs1294385214,ENST00000357227.9:c.-7+1543A>G,,ENST00000357227,NP_006192.1,,,,,other,intron_variant,,,,,,,,,,,none,,,,,0.0,0.0,0.0,0.0,0.0,0.0,0.75,11.25
rs1294350824,Ensembl VEP (dbSNP),rs1294350824,rs1294350824,,X,47218470.0,G,A,rs1294350824,,,ENST00000335972,NP_006192.1,,,,,other,downstream_gene_variant,,,,,,,,,,,none,,,,,0.0,0.0,0.0,0.0,0.0,0.0,0.5,7.5
rs1293536964,Ensembl VEP (dbSNP),rs1293536964,rs1293536964,,X,47216722.0,C,T,rs1293536964,,,ENST00000335972,NP_006192.1,,,,,other,downstream_gene_variant,,,,,,,,,,,none,,,,,0.0,0.0,0.0,0.0,0.0,0.0,0.5,7.5
rs1293360703,Ensembl VEP (dbSNP),rs1293360703,rs1293360703,,X,47218860.0,C,T,rs1293360703,,,ENST00000335972,NP_006192.1,,,,,other,downstream_gene_variant,,,,,,,,,,,none,,,,,0.0,0.0,0.0,0.0,0.0,0.0,0.5,7.5
rs1293248974,Ensembl VEP (dbSNP),rs1293248974,rs1293248974,,X,47227232.0,A,G,rs1293248974,ENST00000357227.9:c.1284+9A>G,,ENST00000357227,NP_006192.1,,,,,other,intron_variant,,,,,,,,,,,none,,,,,0.0,0.0,0.0,0.0,0.0,0.0,0.75,11.25
rs1293225179,Ensembl VEP (dbSNP),rs1293225179,rs1293225179,,X,47224286.0,T,C,rs1293225179,ENST00000357227.9:c.203-99T>C,,ENST00000357227,NP_006192.1,,,,,other,intron_variant,,,,,,,,,,,none,,,,,0.0,0.0,0.0,0.0,0.0,0.0,0.75,11.25
rs1292519718,Ensembl VEP (dbSNP),rs1292519718,rs1292519718,,X,47219308.0,T,C,rs1292519718,,,ENST00000335972,NP_006192.1,,,,,other,downstream_gene_variant,,,,,,,,,,,none,,,,,0.0,0.0,0.0,0.0,0.0,0.0,0.5,7.5
rs1291166234,Ensembl VEP (dbSNP),rs1291166234,rs1291166234,,X,47226918.0,G,A,rs1291166234,ENST00000357227.9:c.1135+9G>A,,ENST00000357227,NP_006192.1,,,,,other,intron_variant,,,,,,,,,,,none,,,,,0.0,0.0,0.0,0.0,0.0,0.0,0.75,11.25
rs1291070251,Ensembl VEP (dbSNP),rs1291070251,rs1291070251,,X,47226801.0,T,-,rs1291070251,ENST00000357227.9:c.1038-11del,,ENST00000357227,NP_006192.1,,,,,splice,splice_polypyrimidine_tract_variant;intron_variant,,,,,,,,,,,none,,,,,0.0,0.0,0.0,0.0,0.0,0.0,0.75,11.25
rs1291019707,Ensembl VEP (dbSNP),rs1291019707,rs1291019707,,X,47221279.0,T,G,rs1291019707,ENST00000357227.9:c.-7+2174T>G,,ENST00000357227,NP_006192.1,,,,,other,intron_variant,,,,,,,,,,,none,,,,,0.0,0.0,0.0,0.0,0.0,0.0,0.75,11.25
rs1290958272,Ensembl VEP (dbSNP),rs1290958272,rs1290958272,,X,47220021.0,G,A,rs1290958272,,,ENST00000335972,NP_006192.1,,,,,other,downstream_gene_variant,,,,,,,,,,,none,,,,,0.0,0.0,0.0,0.0,0.0,0.0,0.5,7.5
rs1290932865,Ensembl VEP (dbSNP),rs1290932865,rs1290932865,,X,47230312.0,T,C,rs1290932865,,,ENST00000357227,NP_006192.1,,,,,other,downstream_gene_variant,,,,,,,,,,,none,,,,,0.0,0.0,0.0,0.0,0.0,0.0,0.5,7.5
rs1290752088,Ensembl VEP (dbSNP),rs1290752088,rs1290752088,,X,47220605.0,G,T,rs1290752088,ENST00000357227.9:c.-7+1500G>T,,ENST00000357227,NP_006192.1,,,,,other,intron_variant,,,,,,,,,,,none,,,,,0.0,0.0,0.0,0.0,0.0,0.0,0.75,11.25
rs1290671469,Ensembl VEP (dbSNP),rs1290671469,rs1290671469,,X,47223888.0,C,A,rs1290671469,ENST00000357227.9:c.202+129C>A,,ENST00000357227,NP_006192.1,,,,,other,intron_variant,,,,,,,,,,,none,,,,,0.0,0.0,0.0,0.0,0.0,0.0,0.75,11.25
rs1290650619,Ensembl VEP (dbSNP),rs1290650619,rs1290650619,,X,47220705.0,G,A,rs1290650619,ENST00000357227.9:c.-7+1600G>A,,ENST00000357227,NP_006192.1,,,,,other,intron_variant,,,,,,,,,,,none,,,,,0.0,0.0,0.0,0.0,0.0,0.0,0.75,11.25
rs1290406572,Ensembl VEP (dbSNP),rs1290406572,rs1290406572,,X,47218648.0,G,A,rs1290406572,,,ENST00000335972,NP_006192.1,,,,,other,downstream_gene_variant,,,,,,,,,,,none,,,,,0.0,0.0,0.0,0.0,0.0,0.0,0.5,7.5
rs1290240321,Ensembl VEP (dbSNP),rs1290240321,rs1290240321,,X,47219463.0,C,T,rs1290240321,,,ENST00000335972,NP_006192.1,,,,,other,downstream_gene_variant,,,,,,,,,,,none,,,,,0.0,0.0,0.0,0.0,0.0,0.0,0.5,7.5
rs1290037660,Ensembl VEP (dbSNP),rs1290037660,rs1290037660,,X,47219631.0,G,A,rs1290037660,,,ENST00000335972,NP_006192.1,,,,,other,downstream_gene_variant,,,,,,,,,,,none,,,,,0.0,0.0,0.0,0.0,0.0,0.0,0.5,7.5
rs1289781078,Ensembl VEP (dbSNP),rs1289781078,rs1289781078,,X,47228330.0,A,G,rs1289781078,ENST00000357227.9:c.1376-237A>G,,ENST00000357227,NP_006192.1,,,,,other,intron_variant,,,,,,,,,,,none,,,,,0.0,0.0,0.0,0.0,0.0,0.0,0.75,11.25
rs1289750135,Ensembl VEP (dbSNP),rs1289750135,rs1289750135,,X,47220683.0,G,C,rs1289750135,ENST00000357227.9:c.-7+1578G>C,,ENST00000357227,NP_006192.1,,,,,other,intron_variant,,,,,,,,,,,none,,,,,0.0,0.0,0.0,0.0,0.0,0.0,0.75,11.25
rs1289411658,Ensembl VEP (dbSNP),rs1289411658,rs1289411658,,X,47219069.0,G,A,rs1289411658,,,ENST00000335972,NP_006192.1,,,,,other,downstream_gene_variant,,,,,,,,,,,none,,,,,0.0,0.0,0.0,0.0,0.0,0.0,0.5,7.5
rs1289323400,Ensembl VEP (dbSNP),rs1289323400,rs1289323400,,X,47217422.0,C,G,rs1289323400,,,ENST00000335972,NP_006192.1,,,,,other,downstream_gene_variant,,,,,,,,,,,none,,,,,0.0,0.0,0.0,0.0,0.0,0.0,0.5,7.5
rs1288964500,Ensembl VEP (dbSNP),rs1288964500,rs1288964500,,X,47226135.0,C,T,rs1288964500,ENST00000357227.9:c.792+108C>T,,ENST00000357227,NP_006192.1,,,,,other,intron_variant,,,,,,,,,,,none,,,,,0.0,0.0,0.0,0.0,0.0,0.0,0.75,11.25
rs1288873338,Ensembl VEP (dbSNP),rs1288873338,rs1288873338,,X,47222112.0,C,G,rs1288873338,ENST00000357227.9:c.-6-1440C>G,,ENST00000357227,NP_006192.1,,,,,other,intron_variant,,,,,,,,,,,none,,,,,0.0,0.0,0.0,0.0,0.0,0.0,0.75,11.25
rs1288502057,Ensembl VEP (dbSNP),rs1288502057,rs1288502057,,X,47220431.0,A,T,rs1288502057,ENST00000357227.9:c.-7+1326A>T,,ENST00000357227,NP_006192.1,,,,,other,intron_variant,,,,,,,,,,,none,,,,,0.0,0.0,0.0,0.0,0.0,0.0,0.75,11.25
rs1288384095,Ensembl VEP (dbSNP),rs1288384095,rs1288384095,,X,47224022.0,C,T,rs1288384095,ENST00000357227.9:c.202+263C>T,,ENST00000357227,NP_006192.1,,,,,other,intron_variant,,,,,,,,,,,none,,,,,0.0,0.0,0.0,0.0,0.0,0.0,0.75,11.25
rs1288261002,Ensembl VEP (dbSNP),rs1288261002,rs1288261002,,X,47218428.0,T,C,rs1288261002,,,ENST00000335972,NP_006192.1,,,,,other,downstream_gene_variant,,,,,,,,,,,none,,,,,0.0,0.0,0.0,0.0,0.0,0.0,0.5,7.5
rs1287804465,Ensembl VEP (dbSNP),rs1287804465,rs1287804465,,X,47222435.0,G,A,rs1287804465,ENST00000357227.9:c.-6-1117G>A,,ENST00000357227,NP_006192.1,,,,,other,intron_variant,,,,,,,,,,,none,,,,,0.0,0.0,0.0,0.0,0.0,0.0,0.75,11.25
rs1287578522,Ensembl VEP (dbSNP),rs1287578522,rs1287578522,,X,47223915.0,C,T,rs1287578522,ENST00000357227.9:c.202+156C>T,,ENST00000357227,NP_006192.1,,,,,other,intron_variant,,,,,,,,,,,none,,,,,0.0,0.0,0.0,0.0,0.0,0.0,0.75,11.25
rs1287510285,Ensembl VEP (dbSNP),rs1287510285,rs1287510285,,X,47219960.0,T,A,rs1287510285,,,ENST00000335972,NP_006192.1,,,,,other,downstream_gene_variant,,,,,,,,,,,none,,,,,0.0,0.0,0.0,0.0,0.0,0.0,0.5,7.5
rs1287504305,Ensembl VEP (dbSNP),rs1287504305,rs1287504305,,X,47225631.0,T,A,rs1287504305,ENST00000357227.9:c.635-141T>A,,ENST00000357227,NP_006192.1,,,,,other,intron_variant,,,,,,,,,,,none,,,,,0.0,0.0,0.0,0.0,0.0,0.0,0.75,11.25
rs1287411572,Ensembl VEP (dbSNP),rs1287411572,rs1287411572,,X,47225933.0,C,T,rs1287411572,ENST00000357227.9:c.730-32C>T,,ENST00000357227,NP_006192.1,,,,,other,intron_variant,,,,,,,,,,,none,,,,,0.0,0.0,0.0,0.0,0.0,0.0,0.75,11.25
rs1287291443,Ensembl VEP (dbSNP),rs1287291443,rs1287291443,,X,47226961.0,G,A,rs1287291443,ENST00000357227.9:c.1136-33G>A,,ENST00000357227,NP_006192.1,,,,,other,intron_variant,,,,,,,,,,,none,,,,,0.0,0.0,0.0,0.0,0.0,0.0,0.75,11.25
rs1287017022,Ensembl VEP (dbSNP),rs1287017022,rs1287017022,,X,47227346.0,C,G,rs1287017022,ENST00000357227.9:c.1285-33C>G,,ENST00000357227,NP_006192.1,,,,,other,intron_variant,,,,,,,,,,,none,,,,,0.0,0.0,0.0,0.0,0.0,0.0,0.75,11.25
rs1286863054,Ensembl VEP (dbSNP),rs1286863054,rs1286863054,,X,47223272.0,G,A,rs1286863054,ENST00000357227.9:c.-6-280G>A,,ENST00000357227,NP_006192.1,,,,,other,intron_variant,,,,,,,,,,,none,,,,,0.0,0.0,0.0,0.0,0.0,0.0,0.75,11.25
rs1286707970,Ensembl VEP (dbSNP),rs1286707970,rs1286707970,,X,47224531.0,G,A,rs1286707970,ENST00000357227.9:c.336+13G>A,,ENST00000357227,NP_006192.1,,,,,other,intron_variant,,,,,,,,,,,none,,,,,0.0,0.0,0.0,0.0,0.0,0.0,0.75,11.25
rs1286522722,Ensembl VEP (dbSNP),rs1286522722,rs1286522722,,X,47228979.0,C,G,rs1286522722,ENST00000357227.9:c.*211C>G,,ENST00000357227,NP_006192.1,,,,,other,3_prime_UTR_variant,,,,,,,,,,,none,,,,,0.0,0.0,0.0,0.0,0.0,0.0,0.75,11.25
rs1286390156,Ensembl VEP (dbSNP),rs1286390156,rs1286390156,,X,47218090.0,G,A,rs1286390156,,,ENST00000335972,NP_006192.1,,,,,other,downstream_gene_variant,,,,,,,,,,,none,,,,,0.0,0.0,0.0,0.0,0.0,0.0,0.5,7.5
rs1286348277,Ensembl VEP (dbSNP),rs1286348277,rs1286348277,,X,47229658.0,C,G,rs1286348277,ENST00000357227.9:c.*890C>G,,ENST00000357227,NP_006192.1,,,,,other,3_prime_UTR_variant,,,,,,,,,,,none,,,,,0.0,0.0,0.0,0.0,0.0,0.0,0.75,11.25
rs1286271421,Ensembl VEP (dbSNP),rs1286271421,rs1286271421,,X,47218685.0,T,G,rs1286271421,,,ENST00000335972,NP_006192.1,,,,,other,downstream_gene_variant,,,,,,,,,,,none,,,,,0.0,0.0,0.0,0.0,0.0,0.0,0.5,7.5
rs1286189935,Ensembl VEP (dbSNP),rs1286189935,rs1286189935,,X,47222671.0,G,A,rs1286189935,ENST00000357227.9:c.-6-881G>A,,ENST00000357227,NP_006192.1,,,,,other,intron_variant,,,,,,,,,,,none,,,,,0.0,0.0,0.0,0.0,0.0,0.0,0.75,11.25
rs1285439866,Ensembl VEP (dbSNP),rs1285439866,rs1285439866,,X,47220504.0,T,G,rs1285439866,ENST00000357227.9:c.-7+1399T>G,,ENST00000357227,NP_006192.1,,,,,other,intron_variant,,,,,,,,,,,none,,,,,0.0,0.0,0.0,0.0,0.0,0.0,0.75,11.25
rs1284684486,Ensembl VEP (dbSNP),rs1284684486,rs1284684486,,X,47224523.0,T,C,rs1284684486,ENST00000357227.9:c.336+5T>C,,ENST00000357227,NP_006192.1,,,,,splice,splice_donor_5th_base_variant;intron_variant,,,,,,,,,,,none,,,,,0.0,0.0,0.0,0.0,0.0,0.0,0.75,11.25
rs1283684628,Ensembl VEP (dbSNP),rs1283684628,rs1283684628,,X,47222610.0,C,T,rs1283684628,ENST00000357227.9:c.-6-942C>T,,ENST00000357227,NP_006192.1,,,,,other,intron_variant,,,,,,,,,,,none,,,,,0.0,0.0,0.0,0.0,0.0,0.0,0.75,11.25
rs1283429268,Ensembl VEP (dbSNP),rs1283429268,rs1283429268,,X,47216716.0,T,G,rs1283429268,,,ENST00000335972,NP_006192.1,,,,,other,downstream_gene_variant,,,,,,,,,,,none,,,,,0.0,0.0,0.0,0.0,0.0,0.0,0.5,7.5
rs1283284471,Ensembl VEP (dbSNP),rs1283284471,rs1283284471,,X,47222807.0,A,G,rs1283284471,ENST00000357227.9:c.-6-745A>G,,ENST00000357227,NP_006192.1,,,,,other,intron_variant,,,,,,,,,,,none,,,,,0.0,0.0,0.0,0.0,0.0,0.0,0.75,11.25
rs1283218358,Ensembl VEP (dbSNP),rs1283218358,rs1283218358,,X,47224042.0,A,G,rs1283218358,ENST00000357227.9:c.202+283A>G,,ENST00000357227,NP_006192.1,,,,,other,intron_variant,,,,,,,,,,,none,,,,,0.0,0.0,0.0,0.0,0.0,0.0,0.75,11.25
rs1283103679,Ensembl VEP (dbSNP),rs1283103679,rs1283103679,,X,47220190.0,G,A,rs1283103679,ENST00000357227.9:c.-7+1085G>A,,ENST00000357227,NP_006192.1,,,,,other,intron_variant,,,,,,,,,,,none,,,,,0.0,0.0,0.0,0.0,0.0,0.0,0.75,11.25
rs1282865647,Ensembl VEP (dbSNP),rs1282865647,rs1282865647,,X,47216753.0,A,C,rs1282865647,,,ENST00000335972,NP_006192.1,,,,,other,downstream_gene_variant,,,,,,,,,,,none,,,,,0.0,0.0,0.0,0.0,0.0,0.0,0.5,7.5
rs1282773131,Ensembl VEP (dbSNP),rs1282773131,rs1282773131,,X,47227457.0,A,C,rs1282773131,ENST00000357227.9:c.1363A>C,ENSP00000349762.4:p.Lys455Gln,ENST00000357227,NP_006192.1,455.0,K,Q,K455Q,missense,missense_variant,,,,,,0.08,tolerated_low_confidence,0.02,benign,,none,1.0,2.0,0.0727,BENIGN,0.0,0.0727,1.0,0.0,0.0,0.0,1.0,31.09
rs1282582701,Ensembl VEP (dbSNP),rs1282582701,rs1282582701,,X,47222153.0,A,G,rs1282582701,ENST00000357227.9:c.-6-1399A>G,,ENST00000357227,NP_006192.1,,,,,other,intron_variant,,,,,,,,,,,none,,,,,0.0,0.0,0.0,0.0,0.0,0.0,0.75,11.25
rs1282497091,Ensembl VEP (dbSNP),rs1282497091,rs1282497091,,X,47225457.0,G,A,rs1282497091,ENST00000357227.9:c.635-315G>A,,ENST00000357227,NP_006192.1,,,,,other,intron_variant,,,,,,,,,,,none,,,,,0.0,0.0,0.0,0.0,0.0,0.0,0.75,11.25
rs1282395142,Ensembl VEP (dbSNP),rs1282395142,rs1282395142,,X,47221851.0,G,T,rs1282395142,ENST00000357227.9:c.-6-1701G>T,,ENST00000357227,NP_006192.1,,,,,other,intron_variant,,,,,,,,,,,none,,,,,0.0,0.0,0.0,0.0,0.0,0.0,0.75,11.25
rs1282390605,Ensembl VEP (dbSNP),rs1282390605,rs1282390605,,X,47217915.0,T,C,rs1282390605,,,ENST00000335972,NP_006192.1,,,,,other,downstream_gene_variant,,,,,,,,,,,none,,,,,0.0,0.0,0.0,0.0,0.0,0.0,0.5,7.5
rs1282328413,Ensembl VEP (dbSNP),rs1282328413,rs1282328413,,X,47227099.0,G,A,rs1282328413,ENST00000357227.9:c.1241G>A,ENSP00000349762.4:p.Arg414Gln,ENST00000357227,NP_006192.1,414.0,R,Q,R414Q,missense,missense_variant;splice_region_variant,,,,,,0.02,deleterious_low_confidence,0.998,probably_damaging,Protein kinase,none,1.0,2.0,0.6321,PATHOGENIC,0.0,0.6321,1.0,0.25,0.6,0.0,1.0,49.23
rs1282276027,Ensembl VEP (dbSNP),rs1282276027,rs1282276027,,X,47216443.0,G,C,rs1282276027,,,ENST00000335972,NP_006192.1,,,,,other,downstream_gene_variant,,,,,,,,,,,none,,,,,0.0,0.0,0.0,0.0,0.0,0.0,0.5,7.5
rs1282242448,Ensembl VEP (dbSNP),rs1282242448,rs1282242448,,X,47223449.0,A,G,rs1282242448,ENST00000357227.9:c.-6-103A>G,,ENST00000357227,NP_006192.1,,,,,other,intron_variant,,,,,,,,,,,none,,,,,0.0,0.0,0.0,0.0,0.0,0.0,0.75,11.25
rs1282188525,Ensembl VEP (dbSNP),rs1282188525,rs1282188525,,X,47229100.0,C,T,rs1282188525,ENST00000357227.9:c.*332C>T,,ENST00000357227,NP_006192.1,,,,,other,3_prime_UTR_variant,,,,,,,,,,,none,,,,,0.0,0.0,0.0,0.0,0.0,0.0,0.75,11.25
rs1281901551,Ensembl VEP (dbSNP),rs1281901551,rs1281901551,,X,47230014.0,C,T,rs1281901551,,,ENST00000357227,NP_006192.1,,,,,other,downstream_gene_variant,,,,,,,,,,,none,,,,,0.0,0.0,0.0,0.0,0.0,0.0,0.5,7.5
rs1281723797,Ensembl VEP (dbSNP),rs1281723797,rs1281723797,,X,47220443.0,TGCTAAA,-,rs1281723797,ENST00000357227.9:c.-7+1338_-7+1344del,,ENST00000357227,NP_006192.1,,,,,other,intron_variant,,,,,,,,,,,none,,,,,0.0,0.0,0.0,0.0,0.0,0.0,0.75,11.25
rs1281635622,Ensembl VEP (dbSNP),rs1281635622,rs1281635622,,X,47226535.0,C,T,rs1281635622,ENST00000357227.9:c.917-48C>T,,ENST00000357227,NP_006192.1,,,,,other,intron_variant,,,,,,,,,,,none,,,,,0.0,0.0,0.0,0.0,0.0,0.0,0.75,11.25
rs1280931709,Ensembl VEP (dbSNP),rs1280931709,rs1280931709,,X,47218953.0,G,A,rs1280931709,,,ENST00000335972,NP_006192.1,,,,,other,downstream_gene_variant,,,,,,,,,,,none,,,,,0.0,0.0,0.0,0.0,0.0,0.0,0.5,7.5
rs1280806404,Ensembl VEP (dbSNP),rs1280806404,rs1280806404,,X,47222644.0,T,C,rs1280806404,ENST00000357227.9:c.-6-908T>C,,ENST00000357227,NP_006192.1,,,,,other,intron_variant,,,,,,,,,,,none,,,,,0.0,0.0,0.0,0.0,0.0,0.0,0.75,11.25
rs1280717887,Ensembl VEP (dbSNP),rs1280717887,rs1280717887,,X,47224097.0,C,G,rs1280717887,ENST00000357227.9:c.203-288C>G,,ENST00000357227,NP_006192.1,,,,,other,intron_variant,,,,,,,,,,,none,,,,,0.0,0.0,0.0,0.0,0.0,0.0,0.75,11.25
rs1280595059,Ensembl VEP (dbSNP),rs1280595059,rs1280595059,,X,47219042.0,GCCGCCGCCCCAGGCGCCGCCGC,GCCGCCGC,rs1280595059,,,ENST00000335972,NP_006192.1,,,,,other,downstream_gene_variant,,,,,,,,,,,none,,,,,0.0,0.0,0.0,0.0,0.0,0.0,0.5,7.5
rs1280488014,Ensembl VEP (dbSNP),rs1280488014,rs1280488014,,X,47220335.0,-,A,rs1280488014,ENST00000357227.9:c.-7+1229dup,,ENST00000357227,NP_006192.1,,,,,other,intron_variant,,,,,,,,,,,none,,,,,0.0,0.0,0.0,0.0,0.0,0.0,0.75,11.25
rs1280194325,Ensembl VEP (dbSNP),rs1280194325,rs1280194325,,X,47228532.0,G,A,rs1280194325,ENST00000357227.9:c.1376-35G>A,,ENST00000357227,NP_006192.1,,,,,other,intron_variant,,,,,,,,,,,none,,,,,0.0,0.0,0.0,0.0,0.0,0.0,0.75,11.25
rs1279618259,Ensembl VEP (dbSNP),rs1279618259,rs1279618259,,X,47219621.0,G,A,rs1279618259,,,ENST00000335972,NP_006192.1,,,,,other,downstream_gene_variant,,,,,,,,,,,none,,,,,0.0,0.0,0.0,0.0,0.0,0.0,0.5,7.5
rs1279525079,Ensembl VEP (dbSNP),rs1279525079,rs1279525079,,X,47227283.0,C,T,rs1279525079,ENST00000357227.9:c.1284+60C>T,,ENST00000357227,NP_006192.1,,,,,other,intron_variant,,,,,,,,,,,none,,,,,0.0,0.0,0.0,0.0,0.0,0.0,0.75,11.25
rs1278551243,Ensembl VEP (dbSNP),rs1278551243,rs1278551243,,X,47226317.0,C,T,rs1278551243,ENST00000357227.9:c.831C>T,ENSP00000349762.4:p.Cys277=,ENST00000357227,NP_006192.1,277.0,,,,synonymous,synonymous_variant,,,,,,,,,,Protein kinase,none,1.0,2.0,,,0.0,0.0,1.0,0.25,0.6,0.0,1.0,39.75
rs1278500604,Ensembl VEP (dbSNP),rs1278500604,rs1278500604,,X,47216611.0,A,C,rs1278500604,,,ENST00000335972,NP_006192.1,,,,,other,downstream_gene_variant,,,,,,,,,,,none,,,,,0.0,0.0,0.0,0.0,0.0,0.0,0.5,7.5
rs1278415025,Ensembl VEP (dbSNP),rs1278415025,rs1278415025,,X,47221917.0,C,T,rs1278415025,ENST00000357227.9:c.-6-1635C>T,,ENST00000357227,NP_006192.1,,,,,other,intron_variant,,,,,,,,,,,none,,,,,0.0,0.0,0.0,0.0,0.0,0.0,0.75,11.25
rs1277806985,Ensembl VEP (dbSNP),rs1277806985,rs1277806985,,X,47222195.0,G,T,rs1277806985,ENST00000357227.9:c.-6-1357G>T,,ENST00000357227,NP_006192.1,,,,,other,intron_variant,,,,,,,,,,,none,,,,,0.0,0.0,0.0,0.0,0.0,0.0,0.75,11.25
rs1277178133,Ensembl VEP (dbSNP),rs1277178133,rs1277178133,,X,47229866.0,C,T,rs1277178133,ENST00000357227.9:c.*1098C>T,,ENST00000357227,NP_006192.1,,,,,other,3_prime_UTR_variant,,,,,,,,,,,none,,,,,0.0,0.0,0.0,0.0,0.0,0.0,0.75,11.25
rs1277009848,Ensembl VEP (dbSNP),rs1277009848,rs1277009848,,X,47230435.0,G,A,rs1277009848,,,ENST00000357227,NP_006192.1,,,,,other,downstream_gene_variant,,,,,,,,,,,none,,,,,0.0,0.0,0.0,0.0,0.0,0.0,0.5,7.5
rs1276951971,Ensembl VEP (dbSNP),rs1276951971,rs1276951971,,X,47230407.0,C,T,rs1276951971,,,ENST00000357227,NP_006192.1,,,,,other,downstream_gene_variant,,,,,,,,,,,none,,,,,0.0,0.0,0.0,0.0,0.0,0.0,0.5,7.5
rs1276873173,Ensembl VEP (dbSNP),rs1276873173,rs1276873173,,X,47228954.0,G,C,rs1276873173,ENST00000357227.9:c.*186G>C,,ENST00000357227,NP_006192.1,,,,,other,3_prime_UTR_variant,,,,,,,,,,,none,,,,,0.0,0.0,0.0,0.0,0.0,0.0,0.75,11.25
rs1276663328,Ensembl VEP (dbSNP),rs1276663328,rs1276663328,,X,47222993.0,C,T,rs1276663328,ENST00000357227.9:c.-6-559C>T,,ENST00000357227,NP_006192.1,,,,,other,intron_variant,,,,,,,,,,,none,,,,,0.0,0.0,0.0,0.0,0.0,0.0,0.75,11.25
rs1276456015,Ensembl VEP (dbSNP),rs1276456015,rs1276456015,,X,47216562.0,C,T,rs1276456015,,,ENST00000335972,NP_006192.1,,,,,other,downstream_gene_variant,,,,,,,,,,,none,,,,,0.0,0.0,0.0,0.0,0.0,0.0,0.5,7.5
rs1276389308,Ensembl VEP (dbSNP),rs1276389308,rs1276389308,,X,47218071.0,G,T,rs1276389308,,,ENST00000335972,NP_006192.1,,,,,other,downstream_gene_variant,,,,,,,,,,,none,,,,,0.0,0.0,0.0,0.0,0.0,0.0,0.5,7.5
rs1276344252,Ensembl VEP (dbSNP),rs1276344252,rs1276344252,,X,47221603.0,C,G,rs1276344252,ENST00000357227.9:c.-6-1949C>G,,ENST00000357227,NP_006192.1,,,,,other,intron_variant,,,,,,,,,,,none,,,,,0.0,0.0,0.0,0.0,0.0,0.0,0.75,11.25
rs1275745381,Ensembl VEP (dbSNP),rs1275745381,rs1275745381,,X,47222677.0,C,G,rs1275745381,ENST00000357227.9:c.-6-875C>G,,ENST00000357227,NP_006192.1,,,,,other,intron_variant,,,,,,,,,,,none,,,,,0.0,0.0,0.0,0.0,0.0,0.0,0.75,11.25
rs1275620887,Ensembl VEP (dbSNP),rs1275620887,rs1275620887,,X,47219498.0,C,A,rs1275620887,,,ENST00000335972,NP_006192.1,,,,,other,downstream_gene_variant,,,,,,,,,,,none,,,,,0.0,0.0,0.0,0.0,0.0,0.0,0.5,7.5
rs1275252912,Ensembl VEP (dbSNP),rs1275252912,rs1275252912,,X,47226152.0,G,A,rs1275252912,ENST00000357227.9:c.792+125G>A,,ENST00000357227,NP_006192.1,,,,,other,intron_variant,,,,,,,,,,,none,,,,,0.0,0.0,0.0,0.0,0.0,0.0,0.75,11.25
rs1275014528,Ensembl VEP (dbSNP),rs1275014528,rs1275014528,,X,47228456.0,G,C,rs1275014528,ENST00000357227.9:c.1376-111G>C,,ENST00000357227,NP_006192.1,,,,,other,intron_variant,,,,,,,,,,,none,,,,,0.0,0.0,0.0,0.0,0.0,0.0,0.75,11.25
rs1274792193,Ensembl VEP (dbSNP),rs1274792193,rs1274792193,4651516,X,47226676.0,C,T,rs1274792193,ENST00000357227.9:c.1010C>T,ENSP00000349762.4:p.Thr337Met,ENST00000357227,NP_006192.1,337.0,T,M,T337M,missense,missense_variant,Uncertain significance,"criteria provided, single submitter",not specified,,,0.0,deleterious_low_confidence,0.95,probably_damaging,Protein kinase,none,1.0,2.0,0.5609,AMBIGUOUS,0.6,0.5609,1.0,0.25,0.6,0.0,1.0,60.16
rs1274697652,Ensembl VEP (dbSNP),rs1274697652,rs1274697652,,X,47226550.0,C,T,rs1274697652,ENST00000357227.9:c.917-33C>T,,ENST00000357227,NP_006192.1,,,,,other,intron_variant,,,,,,,,,,,none,,,,,0.0,0.0,0.0,0.0,0.0,0.0,0.75,11.25
rs1274650826,Ensembl VEP (dbSNP),rs1274650826,rs1274650826,,X,47216871.0,G,A,rs1274650826,,,ENST00000335972,NP_006192.1,,,,,other,downstream_gene_variant,,,,,,,,,,,none,,,,,0.0,0.0,0.0,0.0,0.0,0.0,0.5,7.5
rs1274623335,Ensembl VEP (dbSNP),rs1274623335,rs1274623335,,X,47221729.0,T,G,rs1274623335,ENST00000357227.9:c.-6-1823T>G,,ENST00000357227,NP_006192.1,,,,,other,intron_variant,,,,,,,,,,,none,,,,,0.0,0.0,0.0,0.0,0.0,0.0,0.75,11.25
rs1274466910,Ensembl VEP (dbSNP),rs1274466910,rs1274466910,,X,47224729.0,C,T,rs1274466910,ENST00000357227.9:c.448C>T,ENSP00000349762.4:p.Arg150Cys,ENST00000357227,NP_006192.1,150.0,R,C,R150C,missense,missense_variant,,,,,,0.0,deleterious_low_confidence,0.988,probably_damaging,,none,1.0,2.0,0.9971,PATHOGENIC,0.0,0.9971,1.0,0.0,0.0,0.0,1.0,44.96
rs1274357382,Ensembl VEP (dbSNP),rs1274357382,rs1274357382,,X,47229294.0,T,C,rs1274357382,ENST00000357227.9:c.*526T>C,,ENST00000357227,NP_006192.1,,,,,other,3_prime_UTR_variant,,,,,,,,,,,none,,,,,0.0,0.0,0.0,0.0,0.0,0.0,0.75,11.25
rs1274260735,Ensembl VEP (dbSNP),rs1274260735,rs1274260735,,X,47225433.0,C,T,rs1274260735,ENST00000357227.9:c.634+331C>T,,ENST00000357227,NP_006192.1,,,,,other,intron_variant,,,,,,,,,,,none,,,,,0.0,0.0,0.0,0.0,0.0,0.0,0.75,11.25
rs1273583306,Ensembl VEP (dbSNP),rs1273583306,rs1273583306,,X,47220152.0,G,A,rs1273583306,ENST00000357227.9:c.-7+1047G>A,,ENST00000357227,NP_006192.1,,,,,other,intron_variant,,,,,,,,,,,none,,,,,0.0,0.0,0.0,0.0,0.0,0.0,0.75,11.25
rs1273210455,Ensembl VEP (dbSNP),rs1273210455,rs1273210455,,X,47228750.0,G,A,rs1273210455,ENST00000357227.9:c.1473G>A,ENSP00000349762.4:p.Val491=,ENST00000357227,NP_006192.1,491.0,,,,synonymous,synonymous_variant,,,,,,,,,,,none,1.0,2.0,,,0.0,0.0,1.0,0.0,0.0,0.0,1.0,30.0
rs1272503134,Ensembl VEP (dbSNP),rs1272503134,rs1272503134,,X,47228070.0,T,A,rs1272503134,ENST00000357227.9:c.1376-497T>A,,ENST00000357227,NP_006192.1,,,,,other,intron_variant,,,,,,,,,,,none,,,,,0.0,0.0,0.0,0.0,0.0,0.0,0.75,11.25
rs1272416330,Ensembl VEP (dbSNP),rs1272416330,rs1272416330,,X,47223702.0,A,G,rs1272416330,ENST00000357227.9:c.145A>G,ENSP00000349762.4:p.Thr49Ala,ENST00000357227,NP_006192.1,49.0,T,A,T49A,missense,missense_variant,,,,,,0.16,tolerated_low_confidence,0.005,benign,Disordered,none,1.0,2.0,0.0488,BENIGN,0.0,0.0488,1.0,0.25,0.3,0.0,1.0,37.48
rs1272274311,Ensembl VEP (dbSNP),rs1272274311,rs1272274311,,X,47225339.0,C,T,rs1272274311,ENST00000357227.9:c.634+237C>T,,ENST00000357227,NP_006192.1,,,,,other,intron_variant,,,,,,,,,,,none,,,,,0.0,0.0,0.0,0.0,0.0,0.0,0.75,11.25
rs1272232414,Ensembl VEP (dbSNP),rs1272232414,rs1272232414,,X,47229302.0,T,A,rs1272232414,ENST00000357227.9:c.*534T>A,,ENST00000357227,NP_006192.1,,,,,other,3_prime_UTR_variant,,,,,,,,,,,none,,,,,0.0,0.0,0.0,0.0,0.0,0.0,0.75,11.25
rs1271527527,Ensembl VEP (dbSNP),rs1271527527,rs1271527527,,X,47225497.0,G,T,rs1271527527,ENST00000357227.9:c.635-275G>T,,ENST00000357227,NP_006192.1,,,,,other,intron_variant,,,,,,,,,,,none,,,,,0.0,0.0,0.0,0.0,0.0,0.0,0.75,11.25
rs1271418141,Ensembl VEP (dbSNP),rs1271418141,rs1271418141,,X,47221920.0,C,T,rs1271418141,ENST00000357227.9:c.-6-1632C>T,,ENST00000357227,NP_006192.1,,,,,other,intron_variant,,,,,,,,,,,none,,,,,0.0,0.0,0.0,0.0,0.0,0.0,0.75,11.25
rs1271264604,Ensembl VEP (dbSNP),rs1271264604,rs1271264604,,X,47226965.0,T,C,rs1271264604,ENST00000357227.9:c.1136-29T>C,,ENST00000357227,NP_006192.1,,,,,other,intron_variant,,,,,,,,,,,none,,,,,0.0,0.0,0.0,0.0,0.0,0.0,0.75,11.25
rs1270971334,Ensembl VEP (dbSNP),rs1270971334,rs1270971334,,X,47216324.0,G,T,rs1270971334,,,ENST00000335972,NP_006192.1,,,,,other,downstream_gene_variant,,,,,,,,,,,none,,,,,0.0,0.0,0.0,0.0,0.0,0.0,0.5,7.5
rs1270777185,Ensembl VEP (dbSNP),rs1270777185,rs1270777185,,X,47228815.0,C,A,rs1270777185,ENST00000357227.9:c.*47C>A,,ENST00000357227,NP_006192.1,,,,,other,3_prime_UTR_variant,,,,,,,,,,,none,,,,,0.0,0.0,0.0,0.0,0.0,0.0,0.75,11.25
rs1270594054,Ensembl VEP (dbSNP),rs1270594054,rs1270594054,,X,47220450.0,GTGG,-,rs1270594054,ENST00000357227.9:c.-7+1345_-7+1348del,,ENST00000357227,NP_006192.1,,,,,other,intron_variant,,,,,,,,,,,none,,,,,0.0,0.0,0.0,0.0,0.0,0.0,0.75,11.25
rs1270578985,Ensembl VEP (dbSNP),rs1270578985,rs1270578985,,X,47221084.0,G,A,rs1270578985,ENST00000357227.9:c.-7+1979G>A,,ENST00000357227,NP_006192.1,,,,,other,intron_variant,,,,,,,,,,,none,,,,,0.0,0.0,0.0,0.0,0.0,0.0,0.75,11.25
rs1269759823,Ensembl VEP (dbSNP),rs1269759823,rs1269759823,,X,47220713.0,T,A,rs1269759823,ENST00000357227.9:c.-7+1608T>A,,ENST00000357227,NP_006192.1,,,,,other,intron_variant,,,,,,,,,,,none,,,,,0.0,0.0,0.0,0.0,0.0,0.0,0.75,11.25
rs1268766033,Ensembl VEP (dbSNP),rs1268766033,rs1268766033,,X,47229567.0,G,A,rs1268766033,ENST00000357227.9:c.*799G>A,,ENST00000357227,NP_006192.1,,,,,other,3_prime_UTR_variant,,,,,,,,,,,none,,,,,0.0,0.0,0.0,0.0,0.0,0.0,0.75,11.25
rs1267996489,Ensembl VEP (dbSNP),rs1267996489,rs1267996489,,X,47220104.0,C,A,rs1267996489,,,ENST00000335972,NP_006192.1,,,,,other,downstream_gene_variant,,,,,,,,,,,none,,,,,0.0,0.0,0.0,0.0,0.0,0.0,0.5,7.5
rs1267956940,Ensembl VEP (dbSNP),rs1267956940,rs1267956940,,X,47228249.0,T,C,rs1267956940,ENST00000357227.9:c.1376-318T>C,,ENST00000357227,NP_006192.1,,,,,other,intron_variant,,,,,,,,,,,none,,,,,0.0,0.0,0.0,0.0,0.0,0.0,0.75,11.25
rs1267830588,Ensembl VEP (dbSNP),rs1267830588,rs1267830588,,X,47220460.0,GCT,-,rs1267830588,ENST00000357227.9:c.-7+1355_-7+1357del,,ENST00000357227,NP_006192.1,,,,,other,intron_variant,,,,,,,,,,,none,,,,,0.0,0.0,0.0,0.0,0.0,0.0,0.75,11.25
rs1267337053,Ensembl VEP (dbSNP),rs1267337053,rs1267337053,,X,47220833.0,T,G,rs1267337053,ENST00000357227.9:c.-7+1728T>G,,ENST00000357227,NP_006192.1,,,,,other,intron_variant,,,,,,,,,,,none,,,,,0.0,0.0,0.0,0.0,0.0,0.0,0.75,11.25
rs1267066540,Ensembl VEP (dbSNP),rs1267066540,rs1267066540,,X,47225047.0,C,A,rs1267066540,ENST00000357227.9:c.579C>A,ENSP00000349762.4:p.Leu193=,ENST00000357227,NP_006192.1,193.0,,,,synonymous,synonymous_variant,,,,,,,,,,Protein kinase,none,1.0,2.0,,,0.0,0.0,1.0,0.25,0.6,0.0,1.0,39.75
rs1267000506,Ensembl VEP (dbSNP),rs1267000506,rs1267000506,,X,47218222.0,G,A,rs1267000506,,,ENST00000335972,NP_006192.1,,,,,other,downstream_gene_variant,,,,,,,,,,,none,,,,,0.0,0.0,0.0,0.0,0.0,0.0,0.5,7.5
rs1266974278,Ensembl VEP (dbSNP),rs1266974278,rs1266974278,,X,47217781.0,A,G,rs1266974278,,,ENST00000335972,NP_006192.1,,,,,other,downstream_gene_variant,,,,,,,,,,,none,,,,,0.0,0.0,0.0,0.0,0.0,0.0,0.5,7.5
rs1266913475,Ensembl VEP (dbSNP),rs1266913475,rs1266913475,,X,47218911.0,CCACC,CC,rs1266913475,,,ENST00000335972,NP_006192.1,,,,,other,downstream_gene_variant,,,,,,,,,,,none,,,,,0.0,0.0,0.0,0.0,0.0,0.0,0.5,7.5
rs1266439639,Ensembl VEP (dbSNP),rs1266439639,rs1266439639,,X,47224431.0,C,T,rs1266439639,ENST00000357227.9:c.249C>T,ENSP00000349762.4:p.Asp83=,ENST00000357227,NP_006192.1,83.0,,,,synonymous,synonymous_variant,,,,,,,,,,Disordered,none,1.0,2.0,,,0.0,0.0,1.0,0.25,0.3,0.0,1.0,36.75
rs1266421302,Ensembl VEP (dbSNP),rs1266421302,rs1266421302,,X,47218733.0,C,G,rs1266421302,,,ENST00000335972,NP_006192.1,,,,,other,downstream_gene_variant,,,,,,,,,,,none,,,,,0.0,0.0,0.0,0.0,0.0,0.0,0.5,7.5
rs1266374490,Ensembl VEP (dbSNP),rs1266374490,rs1266374490,,X,47226224.0,G,A,rs1266374490,ENST00000357227.9:c.793-55G>A,,ENST00000357227,NP_006192.1,,,,,other,intron_variant,,,,,,,,,,,none,,,,,0.0,0.0,0.0,0.0,0.0,0.0,0.75,11.25
rs1266055499,Ensembl VEP (dbSNP),rs1266055499,rs1266055499,,X,47224315.0,T,C,rs1266055499,ENST00000357227.9:c.203-70T>C,,ENST00000357227,NP_006192.1,,,,,other,intron_variant,,,,,,,,,,,none,,,,,0.0,0.0,0.0,0.0,0.0,0.0,0.75,11.25
rs1265633076,Ensembl VEP (dbSNP),rs1265633076,rs1265633076,,X,47220455.0,T,A,rs1265633076,ENST00000357227.9:c.-7+1350T>A,,ENST00000357227,NP_006192.1,,,,,other,intron_variant,,,,,,,,,,,none,,,,,0.0,0.0,0.0,0.0,0.0,0.0,0.75,11.25
rs1265339788,Ensembl VEP (dbSNP),rs1265339788,rs1265339788,,X,47227580.0,G,-,rs1265339788,ENST00000357227.9:c.1375+111del,,ENST00000357227,NP_006192.1,,,,,other,intron_variant,,,,,,,,,,,none,,,,,0.0,0.0,0.0,0.0,0.0,0.0,0.75,11.25
rs1265172616,Ensembl VEP (dbSNP),rs1265172616,rs1265172616,,X,47224002.0,C,T,rs1265172616,ENST00000357227.9:c.202+243C>T,,ENST00000357227,NP_006192.1,,,,,other,intron_variant,,,,,,,,,,,none,,,,,0.0,0.0,0.0,0.0,0.0,0.0,0.75,11.25
rs1265061353,Ensembl VEP (dbSNP),rs1265061353,rs1265061353,,X,47217599.0,C,G,rs1265061353,,,ENST00000335972,NP_006192.1,,,,,other,downstream_gene_variant,,,,,,,,,,,none,,,,,0.0,0.0,0.0,0.0,0.0,0.0,0.5,7.5
rs1264839955,Ensembl VEP (dbSNP),rs1264839955,rs1264839955,,X,47224909.0,G,T,rs1264839955,ENST00000357227.9:c.519+19G>T,,ENST00000357227,NP_006192.1,,,,,other,intron_variant,,,,,,,,,,,none,,,,,0.0,0.0,0.0,0.0,0.0,0.0,0.75,11.25
rs1264740303,Ensembl VEP (dbSNP),rs1264740303,rs1264740303,,X,47225752.0,C,T,rs1264740303,ENST00000357227.9:c.635-20C>T,,ENST00000357227,NP_006192.1,,,,,other,intron_variant,,,,,,,,,,,none,,,,,0.0,0.0,0.0,0.0,0.0,0.0,0.75,11.25
rs1264709462,Ensembl VEP (dbSNP),rs1264709462,rs1264709462,,X,47218792.0,G,T,rs1264709462,,,ENST00000335972,NP_006192.1,,,,,other,downstream_gene_variant,,,,,,,,,,,none,,,,,0.0,0.0,0.0,0.0,0.0,0.0,0.5,7.5
rs1264539842,Ensembl VEP (dbSNP),rs1264539842,rs1264539842,,X,47221710.0,C,T,rs1264539842,ENST00000357227.9:c.-6-1842C>T,,ENST00000357227,NP_006192.1,,,,,other,intron_variant,,,,,,,,,,,none,,,,,0.0,0.0,0.0,0.0,0.0,0.0,0.75,11.25
rs1264521567,Ensembl VEP (dbSNP),rs1264521567,rs1264521567,,X,47217485.0,G,A,rs1264521567,,,ENST00000335972,NP_006192.1,,,,,other,downstream_gene_variant,,,,,,,,,,,none,,,,,0.0,0.0,0.0,0.0,0.0,0.0,0.5,7.5
rs1264440422,Ensembl VEP (dbSNP),rs1264440422,rs1264440422,,X,47224218.0,T,C,rs1264440422,ENST00000357227.9:c.203-167T>C,,ENST00000357227,NP_006192.1,,,,,other,intron_variant,,,,,,,,,,,none,,,,,0.0,0.0,0.0,0.0,0.0,0.0,0.75,11.25
rs1264349911,Ensembl VEP (dbSNP),rs1264349911,rs1264349911,,X,47222948.0,A,G,rs1264349911,ENST00000357227.9:c.-6-604A>G,,ENST00000357227,NP_006192.1,,,,,other,intron_variant,,,,,,,,,,,none,,,,,0.0,0.0,0.0,0.0,0.0,0.0,0.75,11.25
rs1264177890,Ensembl VEP (dbSNP),rs1264177890,rs1264177890,,X,47223135.0,C,T,rs1264177890,ENST00000357227.9:c.-6-417C>T,,ENST00000357227,NP_006192.1,,,,,other,intron_variant,,,,,,,,,,,none,,,,,0.0,0.0,0.0,0.0,0.0,0.0,0.75,11.25
rs1264123488,Ensembl VEP (dbSNP),rs1264123488,rs1264123488,2281589,X,47225031.0,A,C,rs1264123488,ENST00000357227.9:c.563A>C,ENSP00000349762.4:p.Asp188Ala,ENST00000357227,NP_006192.1,188.0,D,A,D188A,missense,missense_variant,Uncertain significance,"criteria provided, single submitter",not specified,,,0.0,deleterious_low_confidence,0.381,benign,Protein kinase,none,1.0,2.0,0.6809,PATHOGENIC,0.6,0.6809,1.0,0.25,0.6,0.0,1.0,61.96
rs1264077821,Ensembl VEP (dbSNP),rs1264077821,rs1264077821,,X,47221352.0,C,A,rs1264077821,ENST00000357227.9:c.-6-2200C>A,,ENST00000357227,NP_006192.1,,,,,other,intron_variant,,,,,,,,,,,none,,,,,0.0,0.0,0.0,0.0,0.0,0.0,0.75,11.25
rs1264025158,Ensembl VEP (dbSNP),rs1264025158,rs1264025158,,X,47225080.0,A,G,rs1264025158,ENST00000357227.9:c.612A>G,ENSP00000349762.4:p.Ala204=,ENST00000357227,NP_006192.1,204.0,,,,synonymous,synonymous_variant,,,,,,,,,,Protein kinase,none,1.0,2.0,,,0.0,0.0,1.0,0.25,0.6,0.0,1.0,39.75
rs1263944408,Ensembl VEP (dbSNP),rs1263944408,rs1263944408,,X,47221032.0,T,G,rs1263944408,ENST00000357227.9:c.-7+1927T>G,,ENST00000357227,NP_006192.1,,,,,other,intron_variant,,,,,,,,,,,none,,,,,0.0,0.0,0.0,0.0,0.0,0.0,0.75,11.25
rs1263884093,Ensembl VEP (dbSNP),rs1263884093,rs1263884093,,X,47229004.0,GT,-,rs1263884093,ENST00000357227.9:c.*236_*237del,,ENST00000357227,NP_006192.1,,,,,other,3_prime_UTR_variant,,,,,,,,,,,none,,,,,0.0,0.0,0.0,0.0,0.0,0.0,0.75,11.25
rs1263373320,Ensembl VEP (dbSNP),rs1263373320,rs1263373320,,X,47229676.0,G,C,rs1263373320,ENST00000357227.9:c.*908G>C,,ENST00000357227,NP_006192.1,,,,,other,3_prime_UTR_variant,,,,,,,,,,,none,,,,,0.0,0.0,0.0,0.0,0.0,0.0,0.75,11.25
rs1262995603,Ensembl VEP (dbSNP),rs1262995603,rs1262995603,,X,47217363.0,A,G,rs1262995603,,,ENST00000335972,NP_006192.1,,,,,other,downstream_gene_variant,,,,,,,,,,,none,,,,,0.0,0.0,0.0,0.0,0.0,0.0,0.5,7.5
rs1262516188,Ensembl VEP (dbSNP),rs1262516188,rs1262516188,,X,47221425.0,T,C,rs1262516188,ENST00000357227.9:c.-6-2127T>C,,ENST00000357227,NP_006192.1,,,,,other,intron_variant,,,,,,,,,,,none,,,,,0.0,0.0,0.0,0.0,0.0,0.0,0.75,11.25
rs1262323011,Ensembl VEP (dbSNP),rs1262323011,rs1262323011,,X,47221185.0,C,T,rs1262323011,ENST00000357227.9:c.-7+2080C>T,,ENST00000357227,NP_006192.1,,,,,other,intron_variant,,,,,,,,,,,none,,,,,0.0,0.0,0.0,0.0,0.0,0.0,0.75,11.25
rs1261099121,Ensembl VEP (dbSNP),rs1261099121,rs1261099121,,X,47226457.0,C,T,rs1261099121,ENST00000357227.9:c.916+55C>T,,ENST00000357227,NP_006192.1,,,,,other,intron_variant,,,,,,,,,,,none,,,,,0.0,0.0,0.0,0.0,0.0,0.0,0.75,11.25
rs1261034928,Ensembl VEP (dbSNP),rs1261034928,rs1261034928,,X,47228260.0,A,G,rs1261034928,ENST00000357227.9:c.1376-307A>G,,ENST00000357227,NP_006192.1,,,,,other,intron_variant,,,,,,,,,,,none,,,,,0.0,0.0,0.0,0.0,0.0,0.0,0.75,11.25
rs1260877477,Ensembl VEP (dbSNP),rs1260877477,rs1260877477,,X,47219053.0,A,G,rs1260877477,,,ENST00000335972,NP_006192.1,,,,,other,downstream_gene_variant,,,,,,,,,,,none,,,,,0.0,0.0,0.0,0.0,0.0,0.0,0.5,7.5
rs1260877077,Ensembl VEP (dbSNP),rs1260877077,rs1260877077,,X,47225723.0,A,C,rs1260877077,ENST00000357227.9:c.635-49A>C,,ENST00000357227,NP_006192.1,,,,,other,intron_variant,,,,,,,,,,,none,,,,,0.0,0.0,0.0,0.0,0.0,0.0,0.75,11.25
rs1260850861,Ensembl VEP (dbSNP),rs1260850861,rs1260850861,,X,47222921.0,T,C,rs1260850861,ENST00000357227.9:c.-6-631T>C,,ENST00000357227,NP_006192.1,,,,,other,intron_variant,,,,,,,,,,,none,,,,,0.0,0.0,0.0,0.0,0.0,0.0,0.75,11.25
rs1260639267,Ensembl VEP (dbSNP),rs1260639267,rs1260639267,,X,47223156.0,C,G,rs1260639267,ENST00000357227.9:c.-6-396C>G,,ENST00000357227,NP_006192.1,,,,,other,intron_variant,,,,,,,,,,,none,,,,,0.0,0.0,0.0,0.0,0.0,0.0,0.75,11.25
rs1260625140,Ensembl VEP (dbSNP),rs1260625140,rs1260625140,,X,47222951.0,C,T,rs1260625140,ENST00000357227.9:c.-6-601C>T,,ENST00000357227,NP_006192.1,,,,,other,intron_variant,,,,,,,,,,,none,,,,,0.0,0.0,0.0,0.0,0.0,0.0,0.75,11.25
rs1260087826,Ensembl VEP (dbSNP),rs1260087826,rs1260087826,,X,47228948.0,T,C,rs1260087826,ENST00000357227.9:c.*180T>C,,ENST00000357227,NP_006192.1,,,,,other,3_prime_UTR_variant,,,,,,,,,,,none,,,,,0.0,0.0,0.0,0.0,0.0,0.0,0.75,11.25
rs1259918018,Ensembl VEP (dbSNP),rs1259918018,rs1259918018,,X,47218790.0,C,G,rs1259918018,,,ENST00000335972,NP_006192.1,,,,,other,downstream_gene_variant,,,,,,,,,,,none,,,,,0.0,0.0,0.0,0.0,0.0,0.0,0.5,7.5
rs1259852666,Ensembl VEP (dbSNP),rs1259852666,rs1259852666,,X,47219996.0,G,A,rs1259852666,,,ENST00000335972,NP_006192.1,,,,,other,downstream_gene_variant,,,,,,,,,,,none,,,,,0.0,0.0,0.0,0.0,0.0,0.0,0.5,7.5
rs1259425357,Ensembl VEP (dbSNP),rs1259425357,rs1259425357,,X,47218048.0,C,A,rs1259425357,,,ENST00000335972,NP_006192.1,,,,,other,downstream_gene_variant,,,,,,,,,,,none,,,,,0.0,0.0,0.0,0.0,0.0,0.0,0.5,7.5
rs1258787374,Ensembl VEP (dbSNP),rs1258787374,rs1258787374,,X,47219898.0,G,A,rs1258787374,,,ENST00000335972,NP_006192.1,,,,,other,downstream_gene_variant,,,,,,,,,,,none,,,,,0.0,0.0,0.0,0.0,0.0,0.0,0.5,7.5
rs1258727661,Ensembl VEP (dbSNP),rs1258727661,rs1258727661,,X,47226338.0,C,T,rs1258727661,ENST00000357227.9:c.852C>T,ENSP00000349762.4:p.His284=,ENST00000357227,NP_006192.1,284.0,,,,synonymous,synonymous_variant,,,,,,,,,,Protein kinase,none,1.0,2.0,,,0.0,0.0,1.0,0.25,0.6,0.0,1.0,39.75
rs1258196530,Ensembl VEP (dbSNP),rs1258196530,rs1258196530,,X,47223324.0,G,T,rs1258196530,ENST00000357227.9:c.-6-228G>T,,ENST00000357227,NP_006192.1,,,,,other,intron_variant,,,,,,,,,,,none,,,,,0.0,0.0,0.0,0.0,0.0,0.0,0.75,11.25
rs1258129748,Ensembl VEP (dbSNP),rs1258129748,rs1258129748,,X,47225760.0,T,C,rs1258129748,ENST00000357227.9:c.635-12T>C,,ENST00000357227,NP_006192.1,,,,,splice,splice_polypyrimidine_tract_variant;intron_variant,,,,,,,,,,,none,,,,,0.0,0.0,0.0,0.0,0.0,0.0,0.75,11.25
rs1258073112,Ensembl VEP (dbSNP),rs1258073112,rs1258073112,,X,47225602.0,C,G,rs1258073112,ENST00000357227.9:c.635-170C>G,,ENST00000357227,NP_006192.1,,,,,other,intron_variant,,,,,,,,,,,none,,,,,0.0,0.0,0.0,0.0,0.0,0.0,0.75,11.25
rs1257721445,Ensembl VEP (dbSNP),rs1257721445,rs1257721445,,X,47227493.0,C,T,rs1257721445,ENST00000357227.9:c.1375+24C>T,,ENST00000357227,NP_006192.1,,,,,other,intron_variant,,,,,,,,,,,none,,,,,0.0,0.0,0.0,0.0,0.0,0.0,0.75,11.25
rs1257699665,Ensembl VEP (dbSNP),rs1257699665,rs1257699665,,X,47225905.0,GAG,-,rs1257699665,ENST00000357227.9:c.729+39_729+41del,,ENST00000357227,NP_006192.1,,,,,other,intron_variant,,,,,,,,,,,none,,,,,0.0,0.0,0.0,0.0,0.0,0.0,0.75,11.25
rs1257595209,Ensembl VEP (dbSNP),rs1257595209,rs1257595209,,X,47222588.0,G,A,rs1257595209,ENST00000357227.9:c.-6-964G>A,,ENST00000357227,NP_006192.1,,,,,other,intron_variant,,,,,,,,,,,none,,,,,0.0,0.0,0.0,0.0,0.0,0.0,0.75,11.25
rs1257317578,Ensembl VEP (dbSNP),rs1257317578,rs1257317578,,X,47227466.0,G,A,rs1257317578,ENST00000357227.9:c.1372G>A,ENSP00000349762.4:p.Asp458Asn,ENST00000357227,NP_006192.1,458.0,D,N,D458N,missense,missense_variant,,,,,,0.0,deleterious_low_confidence,0.26,benign,,none,1.0,2.0,0.2753,BENIGN,0.0,0.2753,1.0,0.0,0.0,0.0,1.0,34.13
rs1257232078,Ensembl VEP (dbSNP),rs1257232078,rs1257232078,,X,47220169.0,G,C,rs1257232078,ENST00000357227.9:c.-7+1064G>C,,ENST00000357227,NP_006192.1,,,,,other,intron_variant,,,,,,,,,,,none,,,,,0.0,0.0,0.0,0.0,0.0,0.0,0.75,11.25
rs1256938444,Ensembl VEP (dbSNP),rs1256938444,rs1256938444,,X,47226565.0,C,G,rs1256938444,ENST00000357227.9:c.917-18C>G,,ENST00000357227,NP_006192.1,,,,,other,intron_variant,,,,,,,,,,,none,,,,,0.0,0.0,0.0,0.0,0.0,0.0,0.75,11.25
rs1256902209,Ensembl VEP (dbSNP),rs1256902209,rs1256902209,,X,47230110.0,C,T,rs1256902209,,,ENST00000357227,NP_006192.1,,,,,other,downstream_gene_variant,,,,,,,,,,,none,,,,,0.0,0.0,0.0,0.0,0.0,0.0,0.5,7.5
rs1255857404,Ensembl VEP (dbSNP),rs1255857404,rs1255857404,,X,47223120.0,G,A,rs1255857404,ENST00000357227.9:c.-6-432G>A,,ENST00000357227,NP_006192.1,,,,,other,intron_variant,,,,,,,,,,,none,,,,,0.0,0.0,0.0,0.0,0.0,0.0,0.75,11.25
rs1255244101,Ensembl VEP (dbSNP),rs1255244101,rs1255244101,,X,47229551.0,C,A,rs1255244101,ENST00000357227.9:c.*783C>A,,ENST00000357227,NP_006192.1,,,,,other,3_prime_UTR_variant,,,,,,,,,,,none,,,,,0.0,0.0,0.0,0.0,0.0,0.0,0.75,11.25
rs1255133973,Ensembl VEP (dbSNP),rs1255133973,rs1255133973,,X,47229465.0,T,C,rs1255133973,ENST00000357227.9:c.*697T>C,,ENST00000357227,NP_006192.1,,,,,other,3_prime_UTR_variant,,,,,,,,,,,none,,,,,0.0,0.0,0.0,0.0,0.0,0.0,0.75,11.25
rs1255030501,Ensembl VEP (dbSNP),rs1255030501,rs1255030501,,X,47226053.0,C,T,rs1255030501,ENST00000357227.9:c.792+26C>T,,ENST00000357227,NP_006192.1,,,,,other,intron_variant,,,,,,,,,,,none,,,,,0.0,0.0,0.0,0.0,0.0,0.0,0.75,11.25
rs1254504111,Ensembl VEP (dbSNP),rs1254504111,rs1254504111,,X,47224769.0,TC,-,rs1254504111,ENST00000357227.9:c.462+26_462+27del,,ENST00000357227,NP_006192.1,,,,,other,intron_variant,,,,,,,,,,,none,,,,,0.0,0.0,0.0,0.0,0.0,0.0,0.75,11.25
rs1254057231,Ensembl VEP (dbSNP),rs1254057231,rs1254057231,,X,47226048.0,A,T,rs1254057231,ENST00000357227.9:c.792+21A>T,,ENST00000357227,NP_006192.1,,,,,other,intron_variant,,,,,,,,,,,none,,,,,0.0,0.0,0.0,0.0,0.0,0.0,0.75,11.25
rs1253998712,Ensembl VEP (dbSNP),rs1253998712,rs1253998712,,X,47227906.0,T,C,rs1253998712,ENST00000357227.9:c.1375+437T>C,,ENST00000357227,NP_006192.1,,,,,other,intron_variant,,,,,,,,,,,none,,,,,0.0,0.0,0.0,0.0,0.0,0.0,0.75,11.25
rs1253995442,Ensembl VEP (dbSNP),rs1253995442,rs1253995442,,X,47229308.0,-,T,rs1253995442,ENST00000357227.9:c.*539dup,,ENST00000357227,NP_006192.1,,,,,other,3_prime_UTR_variant,,,,,,,,,,,none,,,,,0.0,0.0,0.0,0.0,0.0,0.0,0.75,11.25
rs1253953540,Ensembl VEP (dbSNP),rs1253953540,rs1253953540,,X,47226290.0,C,A,rs1253953540,ENST00000357227.9:c.804C>A,ENSP00000349762.4:p.Phe268Leu,ENST00000357227,NP_006192.1,268.0,F,L,F268L,missense,missense_variant,,,,,,0.01,deleterious_low_confidence,0.854,possibly_damaging,Protein kinase,none,1.0,2.0,0.983,PATHOGENIC,0.0,0.983,1.0,0.25,0.6,0.0,1.0,54.49
rs1253339614,Ensembl VEP (dbSNP),rs1253339614,rs1253339614,,X,47228058.0,TGA,-,rs1253339614,ENST00000357227.9:c.1376-509_1376-507del,,ENST00000357227,NP_006192.1,,,,,other,intron_variant,,,,,,,,,,,none,,,,,0.0,0.0,0.0,0.0,0.0,0.0,0.75,11.25
rs1253155044,Ensembl VEP (dbSNP),rs1253155044,rs1253155044,,X,47227928.0,G,A,rs1253155044,ENST00000357227.9:c.1375+459G>A,,ENST00000357227,NP_006192.1,,,,,other,intron_variant,,,,,,,,,,,none,,,,,0.0,0.0,0.0,0.0,0.0,0.0,0.75,11.25
rs1253139802,Ensembl VEP (dbSNP),rs1253139802,rs1253139802,,X,47222447.0,G,A,rs1253139802,ENST00000357227.9:c.-6-1105G>A,,ENST00000357227,NP_006192.1,,,,,other,intron_variant,,,,,,,,,,,none,,,,,0.0,0.0,0.0,0.0,0.0,0.0,0.75,11.25
rs1252912740,Ensembl VEP (dbSNP),rs1252912740,rs1252912740,,X,47216415.0,A,G,rs1252912740,,,ENST00000335972,NP_006192.1,,,,,other,downstream_gene_variant,,,,,,,,,,,none,,,,,0.0,0.0,0.0,0.0,0.0,0.0,0.5,7.5
rs1252790285,Ensembl VEP (dbSNP),rs1252790285,rs1252790285,,X,47217900.0,-,A,rs1252790285,,,ENST00000335972,NP_006192.1,,,,,other,downstream_gene_variant,,,,,,,,,,,none,,,,,0.0,0.0,0.0,0.0,0.0,0.0,0.5,7.5
rs1252356192,Ensembl VEP (dbSNP),rs1252356192,rs1252356192,,X,47219035.0,A,C,rs1252356192,,,ENST00000335972,NP_006192.1,,,,,other,downstream_gene_variant,,,,,,,,,,,none,,,,,0.0,0.0,0.0,0.0,0.0,0.0,0.5,7.5
rs1252069759,Ensembl VEP (dbSNP),rs1252069759,rs1252069759,,X,47227237.0,G,T,rs1252069759,ENST00000357227.9:c.1284+14G>T,,ENST00000357227,NP_006192.1,,,,,other,intron_variant,,,,,,,,,,,none,,,,,0.0,0.0,0.0,0.0,0.0,0.0,0.75,11.25
rs1251619036,Ensembl VEP (dbSNP),rs1251619036,rs1251619036,,X,47218665.0,G,A,rs1251619036,,,ENST00000335972,NP_006192.1,,,,,other,downstream_gene_variant,,,,,,,,,,,none,,,,,0.0,0.0,0.0,0.0,0.0,0.0,0.5,7.5
rs1251398321,Ensembl VEP (dbSNP),rs1251398321,rs1251398321,,X,47227122.0,C,T,rs1251398321,ENST00000357227.9:c.1241+23C>T,,ENST00000357227,NP_006192.1,,,,,other,intron_variant,,,,,,,,,,,none,,,,,0.0,0.0,0.0,0.0,0.0,0.0,0.75,11.25
rs1251368835,Ensembl VEP (dbSNP),rs1251368835,rs1251368835,,X,47221573.0,T,A,rs1251368835,ENST00000357227.9:c.-6-1979T>A,,ENST00000357227,NP_006192.1,,,,,other,intron_variant,,,,,,,,,,,none,,,,,0.0,0.0,0.0,0.0,0.0,0.0,0.75,11.25
rs1251221458,Ensembl VEP (dbSNP),rs1251221458,rs1251221458,,X,47222931.0,G,A,rs1251221458,ENST00000357227.9:c.-6-621G>A,,ENST00000357227,NP_006192.1,,,,,other,intron_variant,,,,,,,,,,,none,,,,,0.0,0.0,0.0,0.0,0.0,0.0,0.75,11.25
rs1251193023,Ensembl VEP (dbSNP),rs1251193023,rs1251193023,,X,47219567.0,G,A,rs1251193023,,,ENST00000335972,NP_006192.1,,,,,other,downstream_gene_variant,,,,,,,,,,,none,,,,,0.0,0.0,0.0,0.0,0.0,0.0,0.5,7.5
rs1250932952,Ensembl VEP (dbSNP),rs1250932952,rs1250932952,,X,47229442.0,C,T,rs1250932952,ENST00000357227.9:c.*674C>T,,ENST00000357227,NP_006192.1,,,,,other,3_prime_UTR_variant,,,,,,,,,,,none,,,,,0.0,0.0,0.0,0.0,0.0,0.0,0.75,11.25
rs1250881304,Ensembl VEP (dbSNP),rs1250881304,rs1250881304,,X,47227089.0,C,T,rs1250881304,ENST00000357227.9:c.1231C>T,ENSP00000349762.4:p.His411Tyr,ENST00000357227,NP_006192.1,411.0,H,Y,H411Y,missense,missense_variant,,,,,,0.0,deleterious_low_confidence,0.843,possibly_damaging,Protein kinase,none,1.0,2.0,0.2679,BENIGN,0.0,0.2679,1.0,0.25,0.6,0.0,1.0,43.77
rs1250467941,Ensembl VEP (dbSNP),rs1250467941,rs1250467941,,X,47228865.0,A,G,rs1250467941,ENST00000357227.9:c.*97A>G,,ENST00000357227,NP_006192.1,,,,,other,3_prime_UTR_variant,,,,,,,,,,,none,,,,,0.0,0.0,0.0,0.0,0.0,0.0,0.75,11.25
rs1250439322,Ensembl VEP (dbSNP),rs1250439322,rs1250439322,,X,47219720.0,G,T,rs1250439322,,,ENST00000335972,NP_006192.1,,,,,other,downstream_gene_variant,,,,,,,,,,,none,,,,,0.0,0.0,0.0,0.0,0.0,0.0,0.5,7.5
rs1250423795,Ensembl VEP (dbSNP),rs1250423795,rs1250423795,,X,47218783.0,G,C,rs1250423795,,,ENST00000335972,NP_006192.1,,,,,other,downstream_gene_variant,,,,,,,,,,,none,,,,,0.0,0.0,0.0,0.0,0.0,0.0,0.5,7.5
rs1249976378,Ensembl VEP (dbSNP),rs1249976378,rs1249976378,,X,47229427.0,A,G,rs1249976378,ENST00000357227.9:c.*659A>G,,ENST00000357227,NP_006192.1,,,,,other,3_prime_UTR_variant,,,,,,,,,,,none,,,,,0.0,0.0,0.0,0.0,0.0,0.0,0.75,11.25
rs1249758438,Ensembl VEP (dbSNP),rs1249758438,rs1249758438,,X,47228217.0,ATA,-,rs1249758438,ENST00000357227.9:c.1376-350_1376-348del,,ENST00000357227,NP_006192.1,,,,,other,intron_variant,,,,,,,,,,,none,,,,,0.0,0.0,0.0,0.0,0.0,0.0,0.75,11.25
rs1249120534,Ensembl VEP (dbSNP),rs1249120534,rs1249120534,,X,47217160.0,C,T,rs1249120534,,,ENST00000335972,NP_006192.1,,,,,other,downstream_gene_variant,,,,,,,,,,,none,,,,,0.0,0.0,0.0,0.0,0.0,0.0,0.5,7.5
rs1248588540,Ensembl VEP (dbSNP),rs1248588540,rs1248588540,,X,47225085.0,G,A,rs1248588540,ENST00000357227.9:c.617G>A,ENSP00000349762.4:p.Cys206Tyr,ENST00000357227,NP_006192.1,206.0,C,Y,C206Y,missense,missense_variant,,,,,,0.0,deleterious_low_confidence,0.998,probably_damaging,Protein kinase,none,1.0,2.0,0.9994,PATHOGENIC,0.0,0.9994,1.0,0.25,0.6,0.0,1.0,54.74
rs1248550846,Ensembl VEP (dbSNP),rs1248550846,rs1248550846,2338076,X,47223553.0,T,G,rs1248550846,ENST00000357227.9:c.-5T>G,,ENST00000357227,NP_006192.1,,,,,splice,splice_region_variant;5_prime_UTR_variant,Uncertain significance,"criteria provided, single submitter",not specified,,,,,,,,none,,,,,0.6,0.0,0.0,0.0,0.0,0.0,0.75,23.25
rs1248235154,Ensembl VEP (dbSNP),rs1248235154,rs1248235154,,X,47223299.0,T,G,rs1248235154,ENST00000357227.9:c.-6-253T>G,,ENST00000357227,NP_006192.1,,,,,other,intron_variant,,,,,,,,,,,none,,,,,0.0,0.0,0.0,0.0,0.0,0.0,0.75,11.25
rs1247933059,Ensembl VEP (dbSNP),rs1247933059,rs1247933059,,X,47229203.0,T,C,rs1247933059,ENST00000357227.9:c.*435T>C,,ENST00000357227,NP_006192.1,,,,,other,3_prime_UTR_variant,,,,,,,,,,,none,,,,,0.0,0.0,0.0,0.0,0.0,0.0,0.75,11.25
rs1247478790,Ensembl VEP (dbSNP),rs1247478790,rs1247478790,,X,47222812.0,T,C,rs1247478790,ENST00000357227.9:c.-6-740T>C,,ENST00000357227,NP_006192.1,,,,,other,intron_variant,,,,,,,,,,,none,,,,,0.0,0.0,0.0,0.0,0.0,0.0,0.75,11.25
rs1247345609,Ensembl VEP (dbSNP),rs1247345609,rs1247345609,,X,47226713.0,G,A,rs1247345609,ENST00000357227.9:c.1037+10G>A,,ENST00000357227,NP_006192.1,,,,,other,intron_variant,,,,,,,,,,,none,,,,,0.0,0.0,0.0,0.0,0.0,0.0,0.75,11.25
rs1247305171,Ensembl VEP (dbSNP),rs1247305171,rs1247305171,,X,47218327.0,GCGAACCTTTAAAATGCCTTCCTC,-,rs1247305171,,,ENST00000335972,NP_006192.1,,,,,other,downstream_gene_variant,,,,,,,,,,,none,,,,,0.0,0.0,0.0,0.0,0.0,0.0,0.5,7.5
rs1247237463,Ensembl VEP (dbSNP),rs1247237463,rs1247237463,,X,47229600.0,C,G,rs1247237463,ENST00000357227.9:c.*832C>G,,ENST00000357227,NP_006192.1,,,,,other,3_prime_UTR_variant,,,,,,,,,,,none,,,,,0.0,0.0,0.0,0.0,0.0,0.0,0.75,11.25
rs1247036666,Ensembl VEP (dbSNP),rs1247036666,rs1247036666,,X,47219293.0,G,A,rs1247036666,,,ENST00000335972,NP_006192.1,,,,,other,downstream_gene_variant,,,,,,,,,,,none,,,,,0.0,0.0,0.0,0.0,0.0,0.0,0.5,7.5
rs1247033031,Ensembl VEP (dbSNP),rs1247033031,rs1247033031,,X,47225702.0,C,G,rs1247033031,ENST00000357227.9:c.635-70C>G,,ENST00000357227,NP_006192.1,,,,,other,intron_variant,,,,,,,,,,,none,,,,,0.0,0.0,0.0,0.0,0.0,0.0,0.75,11.25
rs1246994583,Ensembl VEP (dbSNP),rs1246994583,rs1246994583,,X,47224734.0,T,G,rs1246994583,ENST00000357227.9:c.453T>G,ENSP00000349762.4:p.Arg151=,ENST00000357227,NP_006192.1,151.0,,,,synonymous,synonymous_variant,,,,,,,,,,,none,1.0,2.0,,,0.0,0.0,1.0,0.0,0.0,0.0,1.0,30.0
rs1246940429,Ensembl VEP (dbSNP),rs1246940429,rs1246940429,,X,47224913.0,A,G,rs1246940429,ENST00000357227.9:c.519+23A>G,,ENST00000357227,NP_006192.1,,,,,other,intron_variant,,,,,,,,,,,none,,,,,0.0,0.0,0.0,0.0,0.0,0.0,0.75,11.25
rs1246934463,Ensembl VEP (dbSNP),rs1246934463,rs1246934463,,X,47218373.0,A,C,rs1246934463,,,ENST00000335972,NP_006192.1,,,,,other,downstream_gene_variant,,,,,,,,,,,none,,,,,0.0,0.0,0.0,0.0,0.0,0.0,0.5,7.5
rs1246879227,Ensembl VEP (dbSNP),rs1246879227,rs1246879227,,X,47219435.0,C,G,rs1246879227,,,ENST00000335972,NP_006192.1,,,,,other,downstream_gene_variant,,,,,,,,,,,none,,,,,0.0,0.0,0.0,0.0,0.0,0.0,0.5,7.5
rs1246755974,Ensembl VEP (dbSNP),rs1246755974,rs1246755974,,X,47218737.0,G,A,rs1246755974,,,ENST00000335972,NP_006192.1,,,,,other,downstream_gene_variant,,,,,,,,,,,none,,,,,0.0,0.0,0.0,0.0,0.0,0.0,0.5,7.5
rs1246692279,Ensembl VEP (dbSNP),rs1246692279,rs1246692279,,X,47219899.0,TATCT,-,rs1246692279,,,ENST00000335972,NP_006192.1,,,,,other,downstream_gene_variant,,,,,,,,,,,none,,,,,0.0,0.0,0.0,0.0,0.0,0.0,0.5,7.5
rs1246326023,Ensembl VEP (dbSNP),rs1246326023,rs1246326023,,X,47224345.0,G,A,rs1246326023,ENST00000357227.9:c.203-40G>A,,ENST00000357227,NP_006192.1,,,,,other,intron_variant,,,,,,,,,,,none,,,,,0.0,0.0,0.0,0.0,0.0,0.0,0.75,11.25
rs1246005972,Ensembl VEP (dbSNP),rs1246005972,rs1246005972,,X,47223265.0,C,T,rs1246005972,ENST00000357227.9:c.-6-287C>T,,ENST00000357227,NP_006192.1,,,,,other,intron_variant,,,,,,,,,,,none,,,,,0.0,0.0,0.0,0.0,0.0,0.0,0.75,11.25
rs1244797940,Ensembl VEP (dbSNP),rs1244797940,rs1244797940,,X,47228947.0,T,C,rs1244797940,ENST00000357227.9:c.*179T>C,,ENST00000357227,NP_006192.1,,,,,other,3_prime_UTR_variant,,,,,,,,,,,none,,,,,0.0,0.0,0.0,0.0,0.0,0.0,0.75,11.25
rs1244688790,Ensembl VEP (dbSNP),rs1244688790,rs1244688790,,X,47230053.0,G,A,rs1244688790,,,ENST00000357227,NP_006192.1,,,,,other,downstream_gene_variant,,,,,,,,,,,none,,,,,0.0,0.0,0.0,0.0,0.0,0.0,0.5,7.5
rs1244020411,Ensembl VEP (dbSNP),rs1244020411,rs1244020411,,X,47228355.0,A,G,rs1244020411,ENST00000357227.9:c.1376-212A>G,,ENST00000357227,NP_006192.1,,,,,other,intron_variant,,,,,,,,,,,none,,,,,0.0,0.0,0.0,0.0,0.0,0.0,0.75,11.25
rs1243894503,Ensembl VEP (dbSNP),rs1243894503,rs1243894503,,X,47219759.0,G,A,rs1243894503,,,ENST00000335972,NP_006192.1,,,,,other,downstream_gene_variant,,,,,,,,,,,none,,,,,0.0,0.0,0.0,0.0,0.0,0.0,0.5,7.5
rs1243629766,Ensembl VEP (dbSNP),rs1243629766,rs1243629766,,X,47222758.0,G,A,rs1243629766,ENST00000357227.9:c.-6-794G>A,,ENST00000357227,NP_006192.1,,,,,other,intron_variant,,,,,,,,,,,none,,,,,0.0,0.0,0.0,0.0,0.0,0.0,0.75,11.25
rs1243453820,Ensembl VEP (dbSNP),rs1243453820,rs1243453820,,X,47218798.0,T,C,rs1243453820,,,ENST00000335972,NP_006192.1,,,,,other,downstream_gene_variant,,,,,,,,,,,none,,,,,0.0,0.0,0.0,0.0,0.0,0.0,0.5,7.5
rs1243223584,Ensembl VEP (dbSNP),rs1243223584,rs1243223584,,X,47221058.0,C,T,rs1243223584,ENST00000357227.9:c.-7+1953C>T,,ENST00000357227,NP_006192.1,,,,,other,intron_variant,,,,,,,,,,,none,,,,,0.0,0.0,0.0,0.0,0.0,0.0,0.75,11.25
rs1243140203,Ensembl VEP (dbSNP),rs1243140203,rs1243140203,,X,47219924.0,A,T,rs1243140203,,,ENST00000335972,NP_006192.1,,,,,other,downstream_gene_variant,,,,,,,,,,,none,,,,,0.0,0.0,0.0,0.0,0.0,0.0,0.5,7.5
rs1243097733,Ensembl VEP (dbSNP),rs1243097733,rs1243097733,,X,47222375.0,C,G,rs1243097733,ENST00000357227.9:c.-6-1177C>G,,ENST00000357227,NP_006192.1,,,,,other,intron_variant,,,,,,,,,,,none,,,,,0.0,0.0,0.0,0.0,0.0,0.0,0.75,11.25
rs1243069465,Ensembl VEP (dbSNP),rs1243069465,rs1243069465,,X,47221391.0,A,G,rs1243069465,ENST00000357227.9:c.-6-2161A>G,,ENST00000357227,NP_006192.1,,,,,other,intron_variant,,,,,,,,,,,none,,,,,0.0,0.0,0.0,0.0,0.0,0.0,0.75,11.25
rs1242588778,Ensembl VEP (dbSNP),rs1242588778,rs1242588778,,X,47229307.0,T,A,rs1242588778,ENST00000357227.9:c.*539T>A,,ENST00000357227,NP_006192.1,,,,,other,3_prime_UTR_variant,,,,,,,,,,,none,,,,,0.0,0.0,0.0,0.0,0.0,0.0,0.75,11.25
rs1242367629,Ensembl VEP (dbSNP),rs1242367629,rs1242367629,,X,47217606.0,T,G,rs1242367629,,,ENST00000335972,NP_006192.1,,,,,other,downstream_gene_variant,,,,,,,,,,,none,,,,,0.0,0.0,0.0,0.0,0.0,0.0,0.5,7.5
rs1241480968,Ensembl VEP (dbSNP),rs1241480968,rs1241480968,,X,47216828.0,ATTTT,-,rs1241480968,,,ENST00000335972,NP_006192.1,,,,,other,downstream_gene_variant,,,,,,,,,,,none,,,,,0.0,0.0,0.0,0.0,0.0,0.0,0.5,7.5
rs1240810233,Ensembl VEP (dbSNP),rs1240810233,rs1240810233,,X,47227368.0,C,A,rs1240810233,ENST00000357227.9:c.1285-11C>A,,ENST00000357227,NP_006192.1,,,,,splice,splice_polypyrimidine_tract_variant;intron_variant,,,,,,,,,,,none,,,,,0.0,0.0,0.0,0.0,0.0,0.0,0.75,11.25
rs1240797744,Ensembl VEP (dbSNP),rs1240797744,rs1240797744,,X,47219186.0,G,C,rs1240797744,,,ENST00000335972,NP_006192.1,,,,,other,downstream_gene_variant,,,,,,,,,,,none,,,,,0.0,0.0,0.0,0.0,0.0,0.0,0.5,7.5
rs1240746902,Ensembl VEP (dbSNP),rs1240746902,rs1240746902,,X,47222731.0,T,C,rs1240746902,ENST00000357227.9:c.-6-821T>C,,ENST00000357227,NP_006192.1,,,,,other,intron_variant,,,,,,,,,,,none,,,,,0.0,0.0,0.0,0.0,0.0,0.0,0.75,11.25
rs1240645472,Ensembl VEP (dbSNP),rs1240645472,rs1240645472,,X,47221475.0,TG,-,rs1240645472,ENST00000357227.9:c.-6-2077_-6-2076del,,ENST00000357227,NP_006192.1,,,,,other,intron_variant,,,,,,,,,,,none,,,,,0.0,0.0,0.0,0.0,0.0,0.0,0.75,11.25
rs1240523159,Ensembl VEP (dbSNP),rs1240523159,rs1240523159,,X,47217948.0,G,A,rs1240523159,,,ENST00000335972,NP_006192.1,,,,,other,downstream_gene_variant,,,,,,,,,,,none,,,,,0.0,0.0,0.0,0.0,0.0,0.0,0.5,7.5
rs1240507429,Ensembl VEP (dbSNP),rs1240507429,rs1240507429,,X,47226980.0,C,G,rs1240507429,ENST00000357227.9:c.1136-14C>G,,ENST00000357227,NP_006192.1,,,,,splice,splice_polypyrimidine_tract_variant;intron_variant,,,,,,,,,,,none,,,,,0.0,0.0,0.0,0.0,0.0,0.0,0.75,11.25
rs1240442492,Ensembl VEP (dbSNP),rs1240442492,rs1240442492,,X,47224318.0,T,C,rs1240442492,ENST00000357227.9:c.203-67T>C,,ENST00000357227,NP_006192.1,,,,,other,intron_variant,,,,,,,,,,,none,,,,,0.0,0.0,0.0,0.0,0.0,0.0,0.75,11.25
rs1239725208,Ensembl VEP (dbSNP),rs1239725208,rs1239725208,,X,47225815.0,A,G,rs1239725208,ENST00000357227.9:c.678A>G,ENSP00000349762.4:p.Leu226=,ENST00000357227,NP_006192.1,226.0,,,,synonymous,synonymous_variant,,,,,,,,,,Protein kinase,none,1.0,2.0,,,0.0,0.0,1.0,0.25,0.6,0.0,1.0,39.75
rs1239537687,Ensembl VEP (dbSNP),rs1239537687,rs1239537687,,X,47221953.0,C,G,rs1239537687,ENST00000357227.9:c.-6-1599C>G,,ENST00000357227,NP_006192.1,,,,,other,intron_variant,,,,,,,,,,,none,,,,,0.0,0.0,0.0,0.0,0.0,0.0,0.75,11.25
rs1239301147,Ensembl VEP (dbSNP),rs1239301147,rs1239301147,,X,47227319.0,G,-,rs1239301147,ENST00000357227.9:c.1285-60del,,ENST00000357227,NP_006192.1,,,,,other,intron_variant,,,,,,,,,,,none,,,,,0.0,0.0,0.0,0.0,0.0,0.0,0.75,11.25
rs1239200390,Ensembl VEP (dbSNP),rs1239200390,rs1239200390,,X,47221129.0,G,A,rs1239200390,ENST00000357227.9:c.-7+2024G>A,,ENST00000357227,NP_006192.1,,,,,other,intron_variant,,,,,,,,,,,none,,,,,0.0,0.0,0.0,0.0,0.0,0.0,0.75,11.25
rs1239040096,Ensembl VEP (dbSNP),rs1239040096,rs1239040096,,X,47220347.0,T,C,rs1239040096,ENST00000357227.9:c.-7+1242T>C,,ENST00000357227,NP_006192.1,,,,,other,intron_variant,,,,,,,,,,,none,,,,,0.0,0.0,0.0,0.0,0.0,0.0,0.75,11.25
rs1239021590,Ensembl VEP (dbSNP),rs1239021590,rs1239021590,,X,47227835.0,C,G,rs1239021590,ENST00000357227.9:c.1375+366C>G,,ENST00000357227,NP_006192.1,,,,,other,intron_variant,,,,,,,,,,,none,,,,,0.0,0.0,0.0,0.0,0.0,0.0,0.75,11.25
rs1237890326,Ensembl VEP (dbSNP),rs1237890326,rs1237890326,,X,47229034.0,C,T,rs1237890326,ENST00000357227.9:c.*266C>T,,ENST00000357227,NP_006192.1,,,,,other,3_prime_UTR_variant,,,,,,,,,,,none,,,,,0.0,0.0,0.0,0.0,0.0,0.0,0.75,11.25
rs1237834816,Ensembl VEP (dbSNP),rs1237834816,rs1237834816,,X,47223885.0,C,T,rs1237834816,ENST00000357227.9:c.202+126C>T,,ENST00000357227,NP_006192.1,,,,,other,intron_variant,,,,,,,,,,,none,,,,,0.0,0.0,0.0,0.0,0.0,0.0,0.75,11.25
rs1237811055,Ensembl VEP (dbSNP),rs1237811055,rs1237811055,,X,47223474.0,G,T,rs1237811055,ENST00000357227.9:c.-6-78G>T,,ENST00000357227,NP_006192.1,,,,,other,intron_variant,,,,,,,,,,,none,,,,,0.0,0.0,0.0,0.0,0.0,0.0,0.75,11.25
rs1237729217,Ensembl VEP (dbSNP),rs1237729217,rs1237729217,,X,47223874.0,T,A,rs1237729217,ENST00000357227.9:c.202+115T>A,,ENST00000357227,NP_006192.1,,,,,other,intron_variant,,,,,,,,,,,none,,,,,0.0,0.0,0.0,0.0,0.0,0.0,0.75,11.25
rs1237627921,Ensembl VEP (dbSNP),rs1237627921,rs1237627921,,X,47222667.0,GGGGGGGGG,GGGGGGGG,rs1237627921,ENST00000357227.9:c.-6-877del,,ENST00000357227,NP_006192.1,,,,,other,intron_variant,,,,,,,,,,,none,,,,,0.0,0.0,0.0,0.0,0.0,0.0,0.75,11.25
rs1237371110,Ensembl VEP (dbSNP),rs1237371110,rs1237371110,,X,47226232.0,G,A,rs1237371110,ENST00000357227.9:c.793-47G>A,,ENST00000357227,NP_006192.1,,,,,other,intron_variant,,,,,,,,,,,none,,,,,0.0,0.0,0.0,0.0,0.0,0.0,0.75,11.25
rs1237209428,Ensembl VEP (dbSNP),rs1237209428,rs1237209428,,X,47226535.0,-,T,rs1237209428,ENST00000357227.9:c.917-49_917-48insT,,ENST00000357227,NP_006192.1,,,,,other,intron_variant,,,,,,,,,,,none,,,,,0.0,0.0,0.0,0.0,0.0,0.0,0.75,11.25
rs1236737880,Ensembl VEP (dbSNP),rs1236737880,rs1236737880,,X,47227940.0,C,T,rs1236737880,ENST00000357227.9:c.1375+471C>T,,ENST00000357227,NP_006192.1,,,,,other,intron_variant,,,,,,,,,,,none,,,,,0.0,0.0,0.0,0.0,0.0,0.0,0.75,11.25
rs1235693168,Ensembl VEP (dbSNP),rs1235693168,rs1235693168,,X,47218201.0,G,A,rs1235693168,,,ENST00000335972,NP_006192.1,,,,,other,downstream_gene_variant,,,,,,,,,,,none,,,,,0.0,0.0,0.0,0.0,0.0,0.0,0.5,7.5
rs1235199921,Ensembl VEP (dbSNP),rs1235199921,rs1235199921,,X,47229303.0,T,C,rs1235199921,ENST00000357227.9:c.*535T>C,,ENST00000357227,NP_006192.1,,,,,other,3_prime_UTR_variant,,,,,,,,,,,none,,,,,0.0,0.0,0.0,0.0,0.0,0.0,0.75,11.25
rs1234287035,Ensembl VEP (dbSNP),rs1234287035,rs1234287035,,X,47216992.0,TAAG,-,rs1234287035,,,ENST00000335972,NP_006192.1,,,,,other,downstream_gene_variant,,,,,,,,,,,none,,,,,0.0,0.0,0.0,0.0,0.0,0.0,0.5,7.5
rs1234271902,Ensembl VEP (dbSNP),rs1234271902,rs1234271902,,X,47229424.0,C,G,rs1234271902,ENST00000357227.9:c.*656C>G,,ENST00000357227,NP_006192.1,,,,,other,3_prime_UTR_variant,,,,,,,,,,,none,,,,,0.0,0.0,0.0,0.0,0.0,0.0,0.75,11.25
rs1234241311,Ensembl VEP (dbSNP),rs1234241311,rs1234241311,,X,47225140.0,A,G,rs1234241311,ENST00000357227.9:c.634+38A>G,,ENST00000357227,NP_006192.1,,,,,other,intron_variant,,,,,,,,,,,none,,,,,0.0,0.0,0.0,0.0,0.0,0.0,0.75,11.25
rs1233815442,Ensembl VEP (dbSNP),rs1233815442,rs1233815442,,X,47228459.0,T,C,rs1233815442,ENST00000357227.9:c.1376-108T>C,,ENST00000357227,NP_006192.1,,,,,other,intron_variant,,,,,,,,,,,none,,,,,0.0,0.0,0.0,0.0,0.0,0.0,0.75,11.25
rs1233473042,Ensembl VEP (dbSNP),rs1233473042,rs1233473042,,X,47216505.0,T,C,rs1233473042,,,ENST00000335972,NP_006192.1,,,,,other,downstream_gene_variant,,,,,,,,,,,none,,,,,0.0,0.0,0.0,0.0,0.0,0.0,0.5,7.5
rs1233400783,Ensembl VEP (dbSNP),rs1233400783,rs1233400783,,X,47220291.0,C,A,rs1233400783,ENST00000357227.9:c.-7+1186C>A,,ENST00000357227,NP_006192.1,,,,,other,intron_variant,,,,,,,,,,,none,,,,,0.0,0.0,0.0,0.0,0.0,0.0,0.75,11.25
rs1233319269,Ensembl VEP (dbSNP),rs1233319269,rs1233319269,,X,47218929.0,CCTCCTCCTCCTC,CCTCCTCCTC,rs1233319269,,,ENST00000335972,NP_006192.1,,,,,other,downstream_gene_variant,,,,,,,,,,,none,,,,,0.0,0.0,0.0,0.0,0.0,0.0,0.5,7.5
rs1233072637,Ensembl VEP (dbSNP),rs1233072637,rs1233072637,,X,47227118.0,T,G,rs1233072637,ENST00000357227.9:c.1241+19T>G,,ENST00000357227,NP_006192.1,,,,,other,intron_variant,,,,,,,,,,,none,,,,,0.0,0.0,0.0,0.0,0.0,0.0,0.75,11.25
rs1232845201,Ensembl VEP (dbSNP),rs1232845201,rs1232845201,,X,47225456.0,T,A,rs1232845201,ENST00000357227.9:c.635-316T>A,,ENST00000357227,NP_006192.1,,,,,other,intron_variant,,,,,,,,,,,none,,,,,0.0,0.0,0.0,0.0,0.0,0.0,0.75,11.25
rs1232412035,Ensembl VEP (dbSNP),rs1232412035,rs1232412035,,X,47221015.0,G,C,rs1232412035,ENST00000357227.9:c.-7+1910G>C,,ENST00000357227,NP_006192.1,,,,,other,intron_variant,,,,,,,,,,,none,,,,,0.0,0.0,0.0,0.0,0.0,0.0,0.75,11.25
rs1232291811,Ensembl VEP (dbSNP),rs1232291811,rs1232291811,2660416,X,47227230.0,-,GA,rs1232291811,ENST00000357227.9:c.1284+5_1284+6dup,,ENST00000357227,NP_006192.1,,,,,splice,splice_region_variant;intron_variant,Uncertain significance,"criteria provided, single submitter",not provided,,,,,,,,none,,,,,0.6,0.0,0.0,0.0,0.0,0.0,0.75,23.25
rs1232285091,Ensembl VEP (dbSNP),rs1232285091,rs1232285091,,X,47228812.0,A,C,rs1232285091,ENST00000357227.9:c.*44A>C,,ENST00000357227,NP_006192.1,,,,,other,3_prime_UTR_variant,,,,,,,,,,,none,,,,,0.0,0.0,0.0,0.0,0.0,0.0,0.75,11.25
rs1232243792,Ensembl VEP (dbSNP),rs1232243792,rs1232243792,,X,47216729.0,C,T,rs1232243792,,,ENST00000335972,NP_006192.1,,,,,other,downstream_gene_variant,,,,,,,,,,,none,,,,,0.0,0.0,0.0,0.0,0.0,0.0,0.5,7.5
rs1232061841,Ensembl VEP (dbSNP),rs1232061841,rs1232061841,,X,47225450.0,A,C,rs1232061841,ENST00000357227.9:c.635-322A>C,,ENST00000357227,NP_006192.1,,,,,other,intron_variant,,,,,,,,,,,none,,,,,0.0,0.0,0.0,0.0,0.0,0.0,0.75,11.25
rs1232036492,Ensembl VEP (dbSNP),rs1232036492,rs1232036492,,X,47227093.0,C,T,rs1232036492,ENST00000357227.9:c.1235C>T,ENSP00000349762.4:p.Ala412Val,ENST00000357227,NP_006192.1,412.0,A,V,A412V,missense,missense_variant,,,,,,0.03,deleterious_low_confidence,0.018,benign,Protein kinase,none,1.0,2.0,0.201,BENIGN,0.0,0.201,1.0,0.25,0.6,0.0,1.0,42.76
rs1231991454,Ensembl VEP (dbSNP),rs1231991454,rs1231991454,,X,47229405.0,C,T,rs1231991454,ENST00000357227.9:c.*637C>T,,ENST00000357227,NP_006192.1,,,,,other,3_prime_UTR_variant,,,,,,,,,,,none,,,,,0.0,0.0,0.0,0.0,0.0,0.0,0.75,11.25
rs1231752318,Ensembl VEP (dbSNP),rs1231752318,rs1231752318,,X,47221730.0,T,C,rs1231752318,ENST00000357227.9:c.-6-1822T>C,,ENST00000357227,NP_006192.1,,,,,other,intron_variant,,,,,,,,,,,none,,,,,0.0,0.0,0.0,0.0,0.0,0.0,0.75,11.25
rs1231277060,Ensembl VEP (dbSNP),rs1231277060,rs1231277060,,X,47223811.0,G,C,rs1231277060,ENST00000357227.9:c.202+52G>C,,ENST00000357227,NP_006192.1,,,,,other,intron_variant,,,,,,,,,,,none,,,,,0.0,0.0,0.0,0.0,0.0,0.0,0.75,11.25
rs1231034147,Ensembl VEP (dbSNP),rs1231034147,rs1231034147,,X,47218438.0,C,T,rs1231034147,,,ENST00000335972,NP_006192.1,,,,,other,downstream_gene_variant,,,,,,,,,,,none,,,,,0.0,0.0,0.0,0.0,0.0,0.0,0.5,7.5
rs1230858973,Ensembl VEP (dbSNP),rs1230858973,rs1230858973,,X,47228109.0,A,G,rs1230858973,ENST00000357227.9:c.1376-458A>G,,ENST00000357227,NP_006192.1,,,,,other,intron_variant,,,,,,,,,,,none,,,,,0.0,0.0,0.0,0.0,0.0,0.0,0.75,11.25
rs1230711902,Ensembl VEP (dbSNP),rs1230711902,rs1230711902,,X,47219349.0,A,C,rs1230711902,,,ENST00000335972,NP_006192.1,,,,,other,downstream_gene_variant,,,,,,,,,,,none,,,,,0.0,0.0,0.0,0.0,0.0,0.0,0.5,7.5
rs1230370124,Ensembl VEP (dbSNP),rs1230370124,rs1230370124,,X,47225898.0,A,G,rs1230370124,ENST00000357227.9:c.729+32A>G,,ENST00000357227,NP_006192.1,,,,,other,intron_variant,,,,,,,,,,,none,,,,,0.0,0.0,0.0,0.0,0.0,0.0,0.75,11.25
rs1230347706,Ensembl VEP (dbSNP),rs1230347706,rs1230347706,,X,47230026.0,A,G,rs1230347706,,,ENST00000357227,NP_006192.1,,,,,other,downstream_gene_variant,,,,,,,,,,,none,,,,,0.0,0.0,0.0,0.0,0.0,0.0,0.5,7.5
rs1230028248,Ensembl VEP (dbSNP),rs1230028248,rs1230028248,,X,47219790.0,C,G,rs1230028248,,,ENST00000335972,NP_006192.1,,,,,other,downstream_gene_variant,,,,,,,,,,,none,,,,,0.0,0.0,0.0,0.0,0.0,0.0,0.5,7.5
rs1229914567,Ensembl VEP (dbSNP),rs1229914567,rs1229914567,,X,47225883.0,G,A,rs1229914567,ENST00000357227.9:c.729+17G>A,,ENST00000357227,NP_006192.1,,,,,other,intron_variant,,,,,,,,,,,none,,,,,0.0,0.0,0.0,0.0,0.0,0.0,0.75,11.25
rs1229908630,Ensembl VEP (dbSNP),rs1229908630,rs1229908630,,X,47219060.0,G,A,rs1229908630,,,ENST00000335972,NP_006192.1,,,,,other,downstream_gene_variant,,,,,,,,,,,none,,,,,0.0,0.0,0.0,0.0,0.0,0.0,0.5,7.5
rs1229836929,Ensembl VEP (dbSNP),rs1229836929,rs1229836929,,X,47224401.0,C,T,rs1229836929,ENST00000357227.9:c.219C>T,ENSP00000349762.4:p.Asp73=,ENST00000357227,NP_006192.1,73.0,,,,synonymous,synonymous_variant,,,,,,,,,,Disordered,none,1.0,2.0,,,0.0,0.0,1.0,0.25,0.3,0.0,1.0,36.75
rs1229781279,Ensembl VEP (dbSNP),rs1229781279,rs1229781279,,X,47226202.0,G,T,rs1229781279,ENST00000357227.9:c.793-77G>T,,ENST00000357227,NP_006192.1,,,,,other,intron_variant,,,,,,,,,,,none,,,,,0.0,0.0,0.0,0.0,0.0,0.0,0.75,11.25
rs1229668148,Ensembl VEP (dbSNP),rs1229668148,rs1229668148,,X,47223921.0,G,A,rs1229668148,ENST00000357227.9:c.202+162G>A,,ENST00000357227,NP_006192.1,,,,,other,intron_variant,,,,,,,,,,,none,,,,,0.0,0.0,0.0,0.0,0.0,0.0,0.75,11.25
rs1229483010,Ensembl VEP (dbSNP),rs1229483010,rs1229483010,,X,47220446.0,-,CGTATCAT,rs1229483010,ENST00000357227.9:c.-7+1340_-7+1341insCGTATCAT,,ENST00000357227,NP_006192.1,,,,,other,intron_variant,,,,,,,,,,,none,,,,,0.0,0.0,0.0,0.0,0.0,0.0,0.75,11.25
rs1229392915,Ensembl VEP (dbSNP),rs1229392915,rs1229392915,,X,47229246.0,T,C,rs1229392915,ENST00000357227.9:c.*478T>C,,ENST00000357227,NP_006192.1,,,,,other,3_prime_UTR_variant,,,,,,,,,,,none,,,,,0.0,0.0,0.0,0.0,0.0,0.0,0.75,11.25
rs1229285481,Ensembl VEP (dbSNP),rs1229285481,rs1229285481,,X,47218250.0,G,A,rs1229285481,,,ENST00000335972,NP_006192.1,,,,,other,downstream_gene_variant,,,,,,,,,,,none,,,,,0.0,0.0,0.0,0.0,0.0,0.0,0.5,7.5
rs1229226704,Ensembl VEP (dbSNP),rs1229226704,rs1229226704,,X,47219311.0,T,A,rs1229226704,,,ENST00000335972,NP_006192.1,,,,,other,downstream_gene_variant,,,,,,,,,,,none,,,,,0.0,0.0,0.0,0.0,0.0,0.0,0.5,7.5
rs1229199814,Ensembl VEP (dbSNP),rs1229199814,rs1229199814,,X,47228513.0,G,A,rs1229199814,ENST00000357227.9:c.1376-54G>A,,ENST00000357227,NP_006192.1,,,,,other,intron_variant,,,,,,,,,,,none,,,,,0.0,0.0,0.0,0.0,0.0,0.0,0.75,11.25
rs1229150038,Ensembl VEP (dbSNP),rs1229150038,rs1229150038,,X,47223445.0,G,A,rs1229150038,ENST00000357227.9:c.-6-107G>A,,ENST00000357227,NP_006192.1,,,,,other,intron_variant,,,,,,,,,,,none,,,,,0.0,0.0,0.0,0.0,0.0,0.0,0.75,11.25
rs1229131785,Ensembl VEP (dbSNP),rs1229131785,rs1229131785,,X,47223786.0,C,T,rs1229131785,ENST00000357227.9:c.202+27C>T,,ENST00000357227,NP_006192.1,,,,,other,intron_variant,,,,,,,,,,,none,,,,,0.0,0.0,0.0,0.0,0.0,0.0,0.75,11.25
rs1229050519,Ensembl VEP (dbSNP),rs1229050519,rs1229050519,,X,47222423.0,A,G,rs1229050519,ENST00000357227.9:c.-6-1129A>G,,ENST00000357227,NP_006192.1,,,,,other,intron_variant,,,,,,,,,,,none,,,,,0.0,0.0,0.0,0.0,0.0,0.0,0.75,11.25
rs1228180426,Ensembl VEP (dbSNP),rs1228180426,rs1228180426,,X,47229838.0,C,T,rs1228180426,ENST00000357227.9:c.*1070C>T,,ENST00000357227,NP_006192.1,,,,,other,3_prime_UTR_variant,,,,,,,,,,,none,,,,,0.0,0.0,0.0,0.0,0.0,0.0,0.75,11.25
rs1228042801,Ensembl VEP (dbSNP),rs1228042801,rs1228042801,,X,47224090.0,C,T,rs1228042801,ENST00000357227.9:c.203-295C>T,,ENST00000357227,NP_006192.1,,,,,other,intron_variant,,,,,,,,,,,none,,,,,0.0,0.0,0.0,0.0,0.0,0.0,0.75,11.25
rs1227714296,Ensembl VEP (dbSNP),rs1227714296,rs1227714296,,X,47228269.0,C,G,rs1227714296,ENST00000357227.9:c.1376-298C>G,,ENST00000357227,NP_006192.1,,,,,other,intron_variant,,,,,,,,,,,none,,,,,0.0,0.0,0.0,0.0,0.0,0.0,0.75,11.25
rs1227068804,Ensembl VEP (dbSNP),rs1227068804,rs1227068804,,X,47218816.0,G,A,rs1227068804,,,ENST00000335972,NP_006192.1,,,,,other,downstream_gene_variant,,,,,,,,,,,none,,,,,0.0,0.0,0.0,0.0,0.0,0.0,0.5,7.5
rs1226642045,Ensembl VEP (dbSNP),rs1226642045,rs1226642045,,X,47217047.0,G,A,rs1226642045,,,ENST00000335972,NP_006192.1,,,,,other,downstream_gene_variant,,,,,,,,,,,none,,,,,0.0,0.0,0.0,0.0,0.0,0.0,0.5,7.5
rs1226455208,Ensembl VEP (dbSNP),rs1226455208,rs1226455208,,X,47216331.0,T,G,rs1226455208,,,ENST00000335972,NP_006192.1,,,,,other,downstream_gene_variant,,,,,,,,,,,none,,,,,0.0,0.0,0.0,0.0,0.0,0.0,0.5,7.5
rs1226443865,Ensembl VEP (dbSNP),rs1226443865,rs1226443865,,X,47228218.0,T,C,rs1226443865,ENST00000357227.9:c.1376-349T>C,,ENST00000357227,NP_006192.1,,,,,other,intron_variant,,,,,,,,,,,none,,,,,0.0,0.0,0.0,0.0,0.0,0.0,0.75,11.25
rs1226323248,Ensembl VEP (dbSNP),rs1226323248,rs1226323248,,X,47221582.0,C,T,rs1226323248,ENST00000357227.9:c.-6-1970C>T,,ENST00000357227,NP_006192.1,,,,,other,intron_variant,,,,,,,,,,,none,,,,,0.0,0.0,0.0,0.0,0.0,0.0,0.75,11.25
rs1226315214,Ensembl VEP (dbSNP),rs1226315214,rs1226315214,,X,47218462.0,C,G,rs1226315214,,,ENST00000335972,NP_006192.1,,,,,other,downstream_gene_variant,,,,,,,,,,,none,,,,,0.0,0.0,0.0,0.0,0.0,0.0,0.5,7.5
rs1226125119,Ensembl VEP (dbSNP),rs1226125119,rs1226125119,,X,47218086.0,G,A,rs1226125119,,,ENST00000335972,NP_006192.1,,,,,other,downstream_gene_variant,,,,,,,,,,,none,,,,,0.0,0.0,0.0,0.0,0.0,0.0,0.5,7.5
rs1226032127,Ensembl VEP (dbSNP),rs1226032127,rs1226032127,,X,47216615.0,G,T,rs1226032127,,,ENST00000335972,NP_006192.1,,,,,other,downstream_gene_variant,,,,,,,,,,,none,,,,,0.0,0.0,0.0,0.0,0.0,0.0,0.5,7.5
rs1226029985,Ensembl VEP (dbSNP),rs1226029985,rs1226029985,,X,47220049.0,T,G,rs1226029985,,,ENST00000335972,NP_006192.1,,,,,other,downstream_gene_variant,,,,,,,,,,,none,,,,,0.0,0.0,0.0,0.0,0.0,0.0,0.5,7.5
rs1225745813,Ensembl VEP (dbSNP),rs1225745813,rs1225745813,,X,47222913.0,C,T,rs1225745813,ENST00000357227.9:c.-6-639C>T,,ENST00000357227,NP_006192.1,,,,,other,intron_variant,,,,,,,,,,,none,,,,,0.0,0.0,0.0,0.0,0.0,0.0,0.75,11.25
rs1225327703,Ensembl VEP (dbSNP),rs1225327703,rs1225327703,,X,47216566.0,A,G,rs1225327703,,,ENST00000335972,NP_006192.1,,,,,other,downstream_gene_variant,,,,,,,,,,,none,,,,,0.0,0.0,0.0,0.0,0.0,0.0,0.5,7.5
rs1224720819,Ensembl VEP (dbSNP),rs1224720819,rs1224720819,,X,47221363.0,A,G,rs1224720819,ENST00000357227.9:c.-6-2189A>G,,ENST00000357227,NP_006192.1,,,,,other,intron_variant,,,,,,,,,,,none,,,,,0.0,0.0,0.0,0.0,0.0,0.0,0.75,11.25
rs1223976056,Ensembl VEP (dbSNP),rs1223976056,rs1223976056,,X,47220661.0,G,A,rs1223976056,ENST00000357227.9:c.-7+1556G>A,,ENST00000357227,NP_006192.1,,,,,other,intron_variant,,,,,,,,,,,none,,,,,0.0,0.0,0.0,0.0,0.0,0.0,0.75,11.25
rs1223819240,Ensembl VEP (dbSNP),rs1223819240,rs1223819240,,X,47220171.0,C,T,rs1223819240,ENST00000357227.9:c.-7+1066C>T,,ENST00000357227,NP_006192.1,,,,,other,intron_variant,,,,,,,,,,,none,,,,,0.0,0.0,0.0,0.0,0.0,0.0,0.75,11.25
rs1223737677,Ensembl VEP (dbSNP),rs1223737677,rs1223737677,,X,47220627.0,C,T,rs1223737677,ENST00000357227.9:c.-7+1522C>T,,ENST00000357227,NP_006192.1,,,,,other,intron_variant,,,,,,,,,,,none,,,,,0.0,0.0,0.0,0.0,0.0,0.0,0.75,11.25
rs1223309798,Ensembl VEP (dbSNP),rs1223309798,rs1223309798,,X,47225806.0,C,T,rs1223309798,ENST00000357227.9:c.669C>T,ENSP00000349762.4:p.Ile223=,ENST00000357227,NP_006192.1,223.0,,,,synonymous,synonymous_variant,,,,,,,,,,Protein kinase,none,1.0,2.0,,,0.0,0.0,1.0,0.25,0.6,0.0,1.0,39.75
rs1223232158,Ensembl VEP (dbSNP),rs1223232158,rs1223232158,,X,47227453.0,C,T,rs1223232158,ENST00000357227.9:c.1359C>T,ENSP00000349762.4:p.Ile453=,ENST00000357227,NP_006192.1,453.0,,,,synonymous,synonymous_variant,,,,,,,,,,,none,1.0,2.0,,,0.0,0.0,1.0,0.0,0.0,0.0,1.0,30.0
rs1223189893,Ensembl VEP (dbSNP),rs1223189893,rs1223189893,,X,47219624.0,C,G,rs1223189893,,,ENST00000335972,NP_006192.1,,,,,other,downstream_gene_variant,,,,,,,,,,,none,,,,,0.0,0.0,0.0,0.0,0.0,0.0,0.5,7.5
rs1222812705,Ensembl VEP (dbSNP),rs1222812705,rs1222812705,,X,47219439.0,-,A,rs1222812705,,,ENST00000335972,NP_006192.1,,,,,other,downstream_gene_variant,,,,,,,,,,,none,,,,,0.0,0.0,0.0,0.0,0.0,0.0,0.5,7.5
rs1222367005,Ensembl VEP (dbSNP),rs1222367005,rs1222367005,,X,47225674.0,GAAA,-,rs1222367005,ENST00000357227.9:c.635-98_635-95del,,ENST00000357227,NP_006192.1,,,,,other,intron_variant,,,,,,,,,,,none,,,,,0.0,0.0,0.0,0.0,0.0,0.0,0.75,11.25
rs1222344753,Ensembl VEP (dbSNP),rs1222344753,rs1222344753,,X,47223555.0,G,A,rs1222344753,ENST00000357227.9:c.-3G>A,,ENST00000357227,NP_006192.1,,,,,other,5_prime_UTR_variant,,,,,,,,,,,none,,,,,0.0,0.0,0.0,0.0,0.0,0.0,0.75,11.25
rs1222307465,Ensembl VEP (dbSNP),rs1222307465,rs1222307465,,X,47230186.0,T,C,rs1222307465,,,ENST00000357227,NP_006192.1,,,,,other,downstream_gene_variant,,,,,,,,,,,none,,,,,0.0,0.0,0.0,0.0,0.0,0.0,0.5,7.5
rs1222062920,Ensembl VEP (dbSNP),rs1222062920,rs1222062920,,X,47230415.0,G,A,rs1222062920,,,ENST00000357227,NP_006192.1,,,,,other,downstream_gene_variant,,,,,,,,,,,none,,,,,0.0,0.0,0.0,0.0,0.0,0.0,0.5,7.5
rs1221004500,Ensembl VEP (dbSNP),rs1221004500,rs1221004500,,X,47228999.0,T,G,rs1221004500,ENST00000357227.9:c.*231T>G,,ENST00000357227,NP_006192.1,,,,,other,3_prime_UTR_variant,,,,,,,,,,,none,,,,,0.0,0.0,0.0,0.0,0.0,0.0,0.75,11.25
rs1220982215,Ensembl VEP (dbSNP),rs1220982215,rs1220982215,2568570,X,47224742.0,T,A,rs1220982215,ENST00000357227.9:c.461T>A,ENSP00000349762.4:p.Leu154Gln,ENST00000357227,NP_006192.1,154.0,L,Q,L154Q,missense,missense_variant;splice_region_variant,Uncertain significance,"criteria provided, single submitter",not specified,,,0.0,deleterious_low_confidence,1.0,probably_damaging,,none,1.0,2.0,0.999,PATHOGENIC,0.6,0.999,1.0,0.0,0.0,0.0,1.0,56.98
rs1220300568,Ensembl VEP (dbSNP),rs1220300568,rs1220300568,,X,47218386.0,A,G,rs1220300568,,,ENST00000335972,NP_006192.1,,,,,other,downstream_gene_variant,,,,,,,,,,,none,,,,,0.0,0.0,0.0,0.0,0.0,0.0,0.5,7.5
rs1220238700,Ensembl VEP (dbSNP),rs1220238700,rs1220238700,,X,47220025.0,G,A,rs1220238700,,,ENST00000335972,NP_006192.1,,,,,other,downstream_gene_variant,,,,,,,,,,,none,,,,,0.0,0.0,0.0,0.0,0.0,0.0,0.5,7.5
rs1220224250,Ensembl VEP (dbSNP),rs1220224250,rs1220224250,,X,47228784.0,CCCAGCAG,-,rs1220224250,ENST00000357227.9:c.*16_*23del,,ENST00000357227,NP_006192.1,,,,,other,3_prime_UTR_variant,,,,,,,,,,,none,,,,,0.0,0.0,0.0,0.0,0.0,0.0,0.75,11.25
rs1220167230,Ensembl VEP (dbSNP),rs1220167230,rs1220167230,,X,47223456.0,G,T,rs1220167230,ENST00000357227.9:c.-6-96G>T,,ENST00000357227,NP_006192.1,,,,,other,intron_variant,,,,,,,,,,,none,,,,,0.0,0.0,0.0,0.0,0.0,0.0,0.75,11.25
rs1219837086,Ensembl VEP (dbSNP),rs1219837086,rs1219837086,,X,47224281.0,-,G,rs1219837086,ENST00000357227.9:c.203-105dup,,ENST00000357227,NP_006192.1,,,,,other,intron_variant,,,,,,,,,,,none,,,,,0.0,0.0,0.0,0.0,0.0,0.0,0.75,11.25
rs1219679647,Ensembl VEP (dbSNP),rs1219679647,rs1219679647,,X,47217937.0,A,G,rs1219679647,,,ENST00000335972,NP_006192.1,,,,,other,downstream_gene_variant,,,,,,,,,,,none,,,,,0.0,0.0,0.0,0.0,0.0,0.0,0.5,7.5
rs1219271887,Ensembl VEP (dbSNP),rs1219271887,rs1219271887,,X,47227905.0,T,C,rs1219271887,ENST00000357227.9:c.1375+436T>C,,ENST00000357227,NP_006192.1,,,,,other,intron_variant,,,,,,,,,,,none,,,,,0.0,0.0,0.0,0.0,0.0,0.0,0.75,11.25
rs1219181243,Ensembl VEP (dbSNP),rs1219181243,rs1219181243,,X,47229119.0,G,A,rs1219181243,ENST00000357227.9:c.*351G>A,,ENST00000357227,NP_006192.1,,,,,other,3_prime_UTR_variant,,,,,,,,,,,none,,,,,0.0,0.0,0.0,0.0,0.0,0.0,0.75,11.25
rs1218620109,Ensembl VEP (dbSNP),rs1218620109,rs1218620109,,X,47222619.0,G,A,rs1218620109,ENST00000357227.9:c.-6-933G>A,,ENST00000357227,NP_006192.1,,,,,other,intron_variant,,,,,,,,,,,none,,,,,0.0,0.0,0.0,0.0,0.0,0.0,0.75,11.25
rs1217658859,Ensembl VEP (dbSNP),rs1217658859,rs1217658859,,X,47216713.0,G,A,rs1217658859,,,ENST00000335972,NP_006192.1,,,,,other,downstream_gene_variant,,,,,,,,,,,none,,,,,0.0,0.0,0.0,0.0,0.0,0.0,0.5,7.5
rs1216909865,Ensembl VEP (dbSNP),rs1216909865,rs1216909865,,X,47225640.0,C,T,rs1216909865,ENST00000357227.9:c.635-132C>T,,ENST00000357227,NP_006192.1,,,,,other,intron_variant,,,,,,,,,,,none,,,,,0.0,0.0,0.0,0.0,0.0,0.0,0.75,11.25
rs1216618785,Ensembl VEP (dbSNP),rs1216618785,rs1216618785,,X,47217370.0,C,G,rs1216618785,,,ENST00000335972,NP_006192.1,,,,,other,downstream_gene_variant,,,,,,,,,,,none,,,,,0.0,0.0,0.0,0.0,0.0,0.0,0.5,7.5
rs1216530451,Ensembl VEP (dbSNP),rs1216530451,rs1216530451,,X,47222469.0,G,A,rs1216530451,ENST00000357227.9:c.-6-1083G>A,,ENST00000357227,NP_006192.1,,,,,other,intron_variant,,,,,,,,,,,none,,,,,0.0,0.0,0.0,0.0,0.0,0.0,0.75,11.25
rs1216356924,Ensembl VEP (dbSNP),rs1216356924,rs1216356924,,X,47220685.0,G,A,rs1216356924,ENST00000357227.9:c.-7+1580G>A,,ENST00000357227,NP_006192.1,,,,,other,intron_variant,,,,,,,,,,,none,,,,,0.0,0.0,0.0,0.0,0.0,0.0,0.75,11.25
rs1216332212,Ensembl VEP (dbSNP),rs1216332212,rs1216332212,3999598,X,47226841.0,C,T,rs1216332212,ENST00000357227.9:c.1067C>T,ENSP00000349762.4:p.Ala356Val,ENST00000357227,NP_006192.1,356.0,A,V,A356V,missense,missense_variant,Uncertain significance,"criteria provided, single submitter",not specified,,,0.17,tolerated_low_confidence,0.018,benign,Protein kinase,none,1.0,2.0,0.167,BENIGN,0.6,0.167,1.0,0.25,0.6,0.0,1.0,54.26
rs1216223552,Ensembl VEP (dbSNP),rs1216223552,rs1216223552,,X,47226971.0,G,C,rs1216223552,ENST00000357227.9:c.1136-23G>C,,ENST00000357227,NP_006192.1,,,,,other,intron_variant,,,,,,,,,,,none,,,,,0.0,0.0,0.0,0.0,0.0,0.0,0.75,11.25
rs1216195670,Ensembl VEP (dbSNP),rs1216195670,rs1216195670,,X,47230108.0,G,A,rs1216195670,,,ENST00000357227,NP_006192.1,,,,,other,downstream_gene_variant,,,,,,,,,,,none,,,,,0.0,0.0,0.0,0.0,0.0,0.0,0.5,7.5
rs1216183350,Ensembl VEP (dbSNP),rs1216183350,rs1216183350,,X,47221211.0,T,C,rs1216183350,ENST00000357227.9:c.-7+2106T>C,,ENST00000357227,NP_006192.1,,,,,other,intron_variant,,,,,,,,,,,none,,,,,0.0,0.0,0.0,0.0,0.0,0.0,0.75,11.25
rs1216003765,Ensembl VEP (dbSNP),rs1216003765,rs1216003765,,X,47223432.0,T,C,rs1216003765,ENST00000357227.9:c.-6-120T>C,,ENST00000357227,NP_006192.1,,,,,other,intron_variant,,,,,,,,,,,none,,,,,0.0,0.0,0.0,0.0,0.0,0.0,0.75,11.25
rs1215738506,Ensembl VEP (dbSNP),rs1215738506,rs1215738506,,X,47227367.0,A,C,rs1215738506,ENST00000357227.9:c.1285-12A>C,,ENST00000357227,NP_006192.1,,,,,splice,splice_polypyrimidine_tract_variant;intron_variant,,,,,,,,,,,none,,,,,0.0,0.0,0.0,0.0,0.0,0.0,0.75,11.25
rs1214948665,Ensembl VEP (dbSNP),rs1214948665,rs1214948665,,X,47226129.0,T,C,rs1214948665,ENST00000357227.9:c.792+102T>C,,ENST00000357227,NP_006192.1,,,,,other,intron_variant,,,,,,,,,,,none,,,,,0.0,0.0,0.0,0.0,0.0,0.0,0.75,11.25
rs1214538239,Ensembl VEP (dbSNP),rs1214538239,rs1214538239,,X,47220454.0,-,CCGTATC,rs1214538239,ENST00000357227.9:c.-7+1348_-7+1349insCCGTATC,,ENST00000357227,NP_006192.1,,,,,other,intron_variant,,,,,,,,,,,none,,,,,0.0,0.0,0.0,0.0,0.0,0.0,0.75,11.25
rs1213789557,Ensembl VEP (dbSNP),rs1213789557,rs1213789557,,X,47230297.0,A,G,rs1213789557,,,ENST00000357227,NP_006192.1,,,,,other,downstream_gene_variant,,,,,,,,,,,none,,,,,0.0,0.0,0.0,0.0,0.0,0.0,0.5,7.5
rs1213710732,Ensembl VEP (dbSNP),rs1213710732,rs1213710732,,X,47226706.0,A,G,rs1213710732,ENST00000357227.9:c.1037+3A>G,,ENST00000357227,NP_006192.1,,,,,splice,splice_donor_region_variant;intron_variant,,,,,,,,,,,none,,,,,0.0,0.0,0.0,0.0,0.0,0.0,0.75,11.25
rs1213489677,Ensembl VEP (dbSNP),rs1213489677,rs1213489677,,X,47223778.0,C,A,rs1213489677,ENST00000357227.9:c.202+19C>A,,ENST00000357227,NP_006192.1,,,,,other,intron_variant,,,,,,,,,,,none,,,,,0.0,0.0,0.0,0.0,0.0,0.0,0.75,11.25
rs1213394952,Ensembl VEP (dbSNP),rs1213394952,rs1213394952,,X,47228538.0,C,T,rs1213394952,ENST00000357227.9:c.1376-29C>T,,ENST00000357227,NP_006192.1,,,,,other,intron_variant,,,,,,,,,,,none,,,,,0.0,0.0,0.0,0.0,0.0,0.0,0.75,11.25
rs1213386844,Ensembl VEP (dbSNP),rs1213386844,rs1213386844,,X,47226049.0,G,C,rs1213386844,ENST00000357227.9:c.792+22G>C,,ENST00000357227,NP_006192.1,,,,,other,intron_variant,,,,,,,,,,,none,,,,,0.0,0.0,0.0,0.0,0.0,0.0,0.75,11.25
rs1213302618,Ensembl VEP (dbSNP),rs1213302618,rs1213302618,,X,47228086.0,C,G,rs1213302618,ENST00000357227.9:c.1376-481C>G,,ENST00000357227,NP_006192.1,,,,,other,intron_variant,,,,,,,,,,,none,,,,,0.0,0.0,0.0,0.0,0.0,0.0,0.75,11.25
rs1213139465,Ensembl VEP (dbSNP),rs1213139465,rs1213139465,,X,47219295.0,T,C,rs1213139465,,,ENST00000335972,NP_006192.1,,,,,other,downstream_gene_variant,,,,,,,,,,,none,,,,,0.0,0.0,0.0,0.0,0.0,0.0,0.5,7.5
rs1213096780,Ensembl VEP (dbSNP),rs1213096780,rs1213096780,,X,47220876.0,T,C,rs1213096780,ENST00000357227.9:c.-7+1771T>C,,ENST00000357227,NP_006192.1,,,,,other,intron_variant,,,,,,,,,,,none,,,,,0.0,0.0,0.0,0.0,0.0,0.0,0.75,11.25
rs1212923573,Ensembl VEP (dbSNP),rs1212923573,rs1212923573,,X,47224570.0,G,A,rs1212923573,ENST00000357227.9:c.337-48G>A,,ENST00000357227,NP_006192.1,,,,,other,intron_variant,,,,,,,,,,,none,,,,,0.0,0.0,0.0,0.0,0.0,0.0,0.75,11.25
rs1212517560,Ensembl VEP (dbSNP),rs1212517560,rs1212517560,,X,47216870.0,TGT,-,rs1212517560,,,ENST00000335972,NP_006192.1,,,,,other,downstream_gene_variant,,,,,,,,,,,none,,,,,0.0,0.0,0.0,0.0,0.0,0.0,0.5,7.5
rs1212447305,Ensembl VEP (dbSNP),rs1212447305,rs1212447305,,X,47228692.0,T,G,rs1212447305,ENST00000357227.9:c.1454-39T>G,,ENST00000357227,NP_006192.1,,,,,other,intron_variant,,,,,,,,,,,none,,,,,0.0,0.0,0.0,0.0,0.0,0.0,0.75,11.25
rs1211798746,Ensembl VEP (dbSNP),rs1211798746,rs1211798746,,X,47218791.0,C,A,rs1211798746,,,ENST00000335972,NP_006192.1,,,,,other,downstream_gene_variant,,,,,,,,,,,none,,,,,0.0,0.0,0.0,0.0,0.0,0.0,0.5,7.5
rs1210554964,Ensembl VEP (dbSNP),rs1210554964,rs1210554964,,X,47218065.0,A,T,rs1210554964,,,ENST00000335972,NP_006192.1,,,,,other,downstream_gene_variant,,,,,,,,,,,none,,,,,0.0,0.0,0.0,0.0,0.0,0.0,0.5,7.5
rs1210019796,Ensembl VEP (dbSNP),rs1210019796,rs1210019796,,X,47219212.0,G,T,rs1210019796,,,ENST00000335972,NP_006192.1,,,,,other,downstream_gene_variant,,,,,,,,,,,none,,,,,0.0,0.0,0.0,0.0,0.0,0.0,0.5,7.5
rs1209774756,Ensembl VEP (dbSNP),rs1209774756,rs1209774756,,X,47229664.0,C,A,rs1209774756,ENST00000357227.9:c.*896C>A,,ENST00000357227,NP_006192.1,,,,,other,3_prime_UTR_variant,,,,,,,,,,,none,,,,,0.0,0.0,0.0,0.0,0.0,0.0,0.75,11.25
rs1209565877,Ensembl VEP (dbSNP),rs1209565877,rs1209565877,,X,47224905.0,G,A,rs1209565877,ENST00000357227.9:c.519+15G>A,,ENST00000357227,NP_006192.1,,,,,other,intron_variant,,,,,,,,,,,none,,,,,0.0,0.0,0.0,0.0,0.0,0.0,0.75,11.25
rs1209549163,Ensembl VEP (dbSNP),rs1209549163,rs1209549163,,X,47218675.0,T,A,rs1209549163,,,ENST00000335972,NP_006192.1,,,,,other,downstream_gene_variant,,,,,,,,,,,none,,,,,0.0,0.0,0.0,0.0,0.0,0.0,0.5,7.5
rs1209443647,Ensembl VEP (dbSNP),rs1209443647,rs1209443647,,X,47224541.0,T,C,rs1209443647,ENST00000357227.9:c.336+23T>C,,ENST00000357227,NP_006192.1,,,,,other,intron_variant,,,,,,,,,,,none,,,,,0.0,0.0,0.0,0.0,0.0,0.0,0.75,11.25
rs1209386036,Ensembl VEP (dbSNP),rs1209386036,rs1209386036,,X,47223891.0,C,T,rs1209386036,ENST00000357227.9:c.202+132C>T,,ENST00000357227,NP_006192.1,,,,,other,intron_variant,,,,,,,,,,,none,,,,,0.0,0.0,0.0,0.0,0.0,0.0,0.75,11.25
rs1209341575,Ensembl VEP (dbSNP),rs1209341575,rs1209341575,,X,47224789.0,A,C,rs1209341575,ENST00000357227.9:c.463-45A>C,,ENST00000357227,NP_006192.1,,,,,other,intron_variant,,,,,,,,,,,none,,,,,0.0,0.0,0.0,0.0,0.0,0.0,0.75,11.25
rs1208639440,Ensembl VEP (dbSNP),rs1208639440,rs1208639440,,X,47226989.0,A,G,rs1208639440,ENST00000357227.9:c.1136-5A>G,,ENST00000357227,NP_006192.1,,,,,splice,splice_region_variant;splice_polypyrimidine_tract_variant;intron_variant,,,,,,,,,,,none,,,,,0.0,0.0,0.0,0.0,0.0,0.0,0.75,11.25
rs1208214635,Ensembl VEP (dbSNP),rs1208214635,rs1208214635,,X,47217784.0,T,C,rs1208214635,,,ENST00000335972,NP_006192.1,,,,,other,downstream_gene_variant,,,,,,,,,,,none,,,,,0.0,0.0,0.0,0.0,0.0,0.0,0.5,7.5
rs1208013866,Ensembl VEP (dbSNP),rs1208013866,rs1208013866,,X,47229575.0,-,G,rs1208013866,ENST00000357227.9:c.*806dup,,ENST00000357227,NP_006192.1,,,,,other,3_prime_UTR_variant,,,,,,,,,,,none,,,,,0.0,0.0,0.0,0.0,0.0,0.0,0.75,11.25
rs1207997442,Ensembl VEP (dbSNP),rs1207997442,rs1207997442,,X,47219470.0,G,A,rs1207997442,,,ENST00000335972,NP_006192.1,,,,,other,downstream_gene_variant,,,,,,,,,,,none,,,,,0.0,0.0,0.0,0.0,0.0,0.0,0.5,7.5
rs1207766533,Ensembl VEP (dbSNP),rs1207766533,rs1207766533,,X,47218602.0,T,C,rs1207766533,,,ENST00000335972,NP_006192.1,,,,,other,downstream_gene_variant,,,,,,,,,,,none,,,,,0.0,0.0,0.0,0.0,0.0,0.0,0.5,7.5
rs1207732422,Ensembl VEP (dbSNP),rs1207732422,rs1207732422,,X,47220458.0,C,A,rs1207732422,ENST00000357227.9:c.-7+1353C>A,,ENST00000357227,NP_006192.1,,,,,other,intron_variant,,,,,,,,,,,none,,,,,0.0,0.0,0.0,0.0,0.0,0.0,0.75,11.25
rs1207377925,Ensembl VEP (dbSNP),rs1207377925,rs1207377925,,X,47229084.0,C,T,rs1207377925,ENST00000357227.9:c.*316C>T,,ENST00000357227,NP_006192.1,,,,,other,3_prime_UTR_variant,,,,,,,,,,,none,,,,,0.0,0.0,0.0,0.0,0.0,0.0,0.75,11.25
rs1207151726,Ensembl VEP (dbSNP),rs1207151726,rs1207151726,,X,47227575.0,G,A,rs1207151726,ENST00000357227.9:c.1375+106G>A,,ENST00000357227,NP_006192.1,,,,,other,intron_variant,,,,,,,,,,,none,,,,,0.0,0.0,0.0,0.0,0.0,0.0,0.75,11.25
rs1206869924,Ensembl VEP (dbSNP),rs1206869924,rs1206869924,,X,47226844.0,C,T,rs1206869924,ENST00000357227.9:c.1070C>T,ENSP00000349762.4:p.Thr357Ile,ENST00000357227,NP_006192.1,357.0,T,I,T357I,missense,missense_variant,,,,,,0.02,deleterious_low_confidence,0.741,possibly_damaging,Protein kinase,none,1.0,2.0,0.8013,PATHOGENIC,0.0,0.8013,1.0,0.25,0.6,0.0,1.0,51.77
rs1206818061,Ensembl VEP (dbSNP),rs1206818061,rs1206818061,,X,47228959.0,C,T,rs1206818061,ENST00000357227.9:c.*191C>T,,ENST00000357227,NP_006192.1,,,,,other,3_prime_UTR_variant,,,,,,,,,,,none,,,,,0.0,0.0,0.0,0.0,0.0,0.0,0.75,11.25
rs1206726899,Ensembl VEP (dbSNP),rs1206726899,rs1206726899,,X,47220835.0,C,G,rs1206726899,ENST00000357227.9:c.-7+1730C>G,,ENST00000357227,NP_006192.1,,,,,other,intron_variant,,,,,,,,,,,none,,,,,0.0,0.0,0.0,0.0,0.0,0.0,0.75,11.25
rs1206649253,Ensembl VEP (dbSNP),rs1206649253,rs1206649253,,X,47222582.0,G,A,rs1206649253,ENST00000357227.9:c.-6-970G>A,,ENST00000357227,NP_006192.1,,,,,other,intron_variant,,,,,,,,,,,none,,,,,0.0,0.0,0.0,0.0,0.0,0.0,0.75,11.25
rs1206479673,Ensembl VEP (dbSNP),rs1206479673,rs1206479673,,X,47228453.0,C,A,rs1206479673,ENST00000357227.9:c.1376-114C>A,,ENST00000357227,NP_006192.1,,,,,other,intron_variant,,,,,,,,,,,none,,,,,0.0,0.0,0.0,0.0,0.0,0.0,0.75,11.25
rs1206400832,Ensembl VEP (dbSNP),rs1206400832,rs1206400832,,X,47218075.0,A,C,rs1206400832,,,ENST00000335972,NP_006192.1,,,,,other,downstream_gene_variant,,,,,,,,,,,none,,,,,0.0,0.0,0.0,0.0,0.0,0.0,0.5,7.5
rs1206153652,Ensembl VEP (dbSNP),rs1206153652,rs1206153652,,X,47222949.0,C,T,rs1206153652,ENST00000357227.9:c.-6-603C>T,,ENST00000357227,NP_006192.1,,,,,other,intron_variant,,,,,,,,,,,none,,,,,0.0,0.0,0.0,0.0,0.0,0.0,0.75,11.25
rs1206139671,Ensembl VEP (dbSNP),rs1206139671,rs1206139671,,X,47229299.0,G,T,rs1206139671,ENST00000357227.9:c.*531G>T,,ENST00000357227,NP_006192.1,,,,,other,3_prime_UTR_variant,,,,,,,,,,,none,,,,,0.0,0.0,0.0,0.0,0.0,0.0,0.75,11.25
rs1206007264,Ensembl VEP (dbSNP),rs1206007264,rs1206007264,,X,47219897.0,-,TGGA,rs1206007264,,,ENST00000335972,NP_006192.1,,,,,other,downstream_gene_variant,,,,,,,,,,,none,,,,,0.0,0.0,0.0,0.0,0.0,0.0,0.5,7.5
rs1205239724,Ensembl VEP (dbSNP),rs1205239724,rs1205239724,,X,47227935.0,C,G,rs1205239724,ENST00000357227.9:c.1375+466C>G,,ENST00000357227,NP_006192.1,,,,,other,intron_variant,,,,,,,,,,,none,,,,,0.0,0.0,0.0,0.0,0.0,0.0,0.75,11.25
rs1204896875,Ensembl VEP (dbSNP),rs1204896875,rs1204896875,,X,47226034.0,G,A,rs1204896875,ENST00000357227.9:c.792+7G>A,,ENST00000357227,NP_006192.1,,,,,splice,splice_region_variant;intron_variant,,,,,,,,,,,none,,,,,0.0,0.0,0.0,0.0,0.0,0.0,0.75,11.25
rs1204893208,Ensembl VEP (dbSNP),rs1204893208,rs1204893208,,X,47220512.0,G,C,rs1204893208,ENST00000357227.9:c.-7+1407G>C,,ENST00000357227,NP_006192.1,,,,,other,intron_variant,,,,,,,,,,,none,,,,,0.0,0.0,0.0,0.0,0.0,0.0,0.75,11.25
rs1204770122,Ensembl VEP (dbSNP),rs1204770122,rs1204770122,,X,47226603.0,A,G,rs1204770122,ENST00000357227.9:c.937A>G,ENSP00000349762.4:p.Ile313Val,ENST00000357227,NP_006192.1,313.0,I,V,I313V,missense,missense_variant,,,,,,0.91,tolerated_low_confidence,0.005,benign,Protein kinase,none,1.0,2.0,0.2214,BENIGN,0.0,0.2214,1.0,0.25,0.6,0.0,1.0,43.07
rs1204696092,Ensembl VEP (dbSNP),rs1204696092,rs1204696092,,X,47217006.0,C,G,rs1204696092,,,ENST00000335972,NP_006192.1,,,,,other,downstream_gene_variant,,,,,,,,,,,none,,,,,0.0,0.0,0.0,0.0,0.0,0.0,0.5,7.5
rs1204421885,Ensembl VEP (dbSNP),rs1204421885,rs1204421885,,X,47218927.0,C,T,rs1204421885,,,ENST00000335972,NP_006192.1,,,,,other,downstream_gene_variant,,,,,,,,,,,none,,,,,0.0,0.0,0.0,0.0,0.0,0.0,0.5,7.5
rs1204344140,Ensembl VEP (dbSNP),rs1204344140,rs1204344140,,X,47225914.0,A,G,rs1204344140,ENST00000357227.9:c.729+48A>G,,ENST00000357227,NP_006192.1,,,,,other,intron_variant,,,,,,,,,,,none,,,,,0.0,0.0,0.0,0.0,0.0,0.0,0.75,11.25
rs1204264310,Ensembl VEP (dbSNP),rs1204264310,rs1204264310,,X,47224329.0,G,T,rs1204264310,ENST00000357227.9:c.203-56G>T,,ENST00000357227,NP_006192.1,,,,,other,intron_variant,,,,,,,,,,,none,,,,,0.0,0.0,0.0,0.0,0.0,0.0,0.75,11.25
rs1204210816,Ensembl VEP (dbSNP),rs1204210816,rs1204210816,,X,47217908.0,G,A,rs1204210816,,,ENST00000335972,NP_006192.1,,,,,other,downstream_gene_variant,,,,,,,,,,,none,,,,,0.0,0.0,0.0,0.0,0.0,0.0,0.5,7.5
rs1204105017,Ensembl VEP (dbSNP),rs1204105017,rs1204105017,,X,47227109.0,G,C,rs1204105017,ENST00000357227.9:c.1241+10G>C,,ENST00000357227,NP_006192.1,,,,,other,intron_variant,,,,,,,,,,,none,,,,,0.0,0.0,0.0,0.0,0.0,0.0,0.75,11.25
rs1203729455,Ensembl VEP (dbSNP),rs1203729455,rs1203729455,,X,47220304.0,G,A,rs1203729455,ENST00000357227.9:c.-7+1199G>A,,ENST00000357227,NP_006192.1,,,,,other,intron_variant,,,,,,,,,,,none,,,,,0.0,0.0,0.0,0.0,0.0,0.0,0.75,11.25
rs1203557266,Ensembl VEP (dbSNP),rs1203557266,rs1203557266,,X,47218619.0,C,T,rs1203557266,,,ENST00000335972,NP_006192.1,,,,,other,downstream_gene_variant,,,,,,,,,,,none,,,,,0.0,0.0,0.0,0.0,0.0,0.0,0.5,7.5
rs1203510093,Ensembl VEP (dbSNP),rs1203510093,rs1203510093,,X,47217161.0,G,C,rs1203510093,,,ENST00000335972,NP_006192.1,,,,,other,downstream_gene_variant,,,,,,,,,,,none,,,,,0.0,0.0,0.0,0.0,0.0,0.0,0.5,7.5
rs1203399326,Ensembl VEP (dbSNP),rs1203399326,rs1203399326,,X,47226540.0,C,T,rs1203399326,ENST00000357227.9:c.917-43C>T,,ENST00000357227,NP_006192.1,,,,,other,intron_variant,,,,,,,,,,,none,,,,,0.0,0.0,0.0,0.0,0.0,0.0,0.75,11.25
rs1203091764,Ensembl VEP (dbSNP),rs1203091764,rs1203091764,,X,47219761.0,AGCTGAAGGACT,-,rs1203091764,,,ENST00000335972,NP_006192.1,,,,,other,downstream_gene_variant,,,,,,,,,,,none,,,,,0.0,0.0,0.0,0.0,0.0,0.0,0.5,7.5
rs1202984516,Ensembl VEP (dbSNP),rs1202984516,rs1202984516,,X,47221424.0,G,A,rs1202984516,ENST00000357227.9:c.-6-2128G>A,,ENST00000357227,NP_006192.1,,,,,other,intron_variant,,,,,,,,,,,none,,,,,0.0,0.0,0.0,0.0,0.0,0.0,0.75,11.25
rs1202752538,Ensembl VEP (dbSNP),rs1202752538,rs1202752538,,X,47224546.0,G,T,rs1202752538,ENST00000357227.9:c.336+28G>T,,ENST00000357227,NP_006192.1,,,,,other,intron_variant,,,,,,,,,,,none,,,,,0.0,0.0,0.0,0.0,0.0,0.0,0.75,11.25
rs1201833201,Ensembl VEP (dbSNP),rs1201833201,rs1201833201,,X,47230122.0,A,C,rs1201833201,,,ENST00000357227,NP_006192.1,,,,,other,downstream_gene_variant,,,,,,,,,,,none,,,,,0.0,0.0,0.0,0.0,0.0,0.0,0.5,7.5
rs1201595960,Ensembl VEP (dbSNP),rs1201595960,rs1201595960,,X,47222968.0,-,T,rs1201595960,ENST00000357227.9:c.-6-585_-6-584insT,,ENST00000357227,NP_006192.1,,,,,other,intron_variant,,,,,,,,,,,none,,,,,0.0,0.0,0.0,0.0,0.0,0.0,0.75,11.25
rs1201221632,Ensembl VEP (dbSNP),rs1201221632,rs1201221632,,X,47229338.0,G,A,rs1201221632,ENST00000357227.9:c.*570G>A,,ENST00000357227,NP_006192.1,,,,,other,3_prime_UTR_variant,,,,,,,,,,,none,,,,,0.0,0.0,0.0,0.0,0.0,0.0,0.75,11.25
rs1201198284,Ensembl VEP (dbSNP),rs1201198284,rs1201198284,,X,47220092.0,A,G,rs1201198284,,,ENST00000335972,NP_006192.1,,,,,other,downstream_gene_variant,,,,,,,,,,,none,,,,,0.0,0.0,0.0,0.0,0.0,0.0,0.5,7.5
rs1201082250,Ensembl VEP (dbSNP),rs1201082250,rs1201082250,,X,47218903.0,CGCCTC,-,rs1201082250,,,ENST00000335972,NP_006192.1,,,,,other,downstream_gene_variant,,,,,,,,,,,none,,,,,0.0,0.0,0.0,0.0,0.0,0.0,0.5,7.5
rs1200861007,Ensembl VEP (dbSNP),rs1200861007,rs1200861007,,X,47222571.0,T,C,rs1200861007,ENST00000357227.9:c.-6-981T>C,,ENST00000357227,NP_006192.1,,,,,other,intron_variant,,,,,,,,,,,none,,,,,0.0,0.0,0.0,0.0,0.0,0.0,0.75,11.25
rs1200742380,Ensembl VEP (dbSNP),rs1200742380,rs1200742380,,X,47223579.0,A,C,rs1200742380,ENST00000357227.9:c.22A>C,ENSP00000349762.4:p.Lys8Gln,ENST00000357227,NP_006192.1,8.0,K,Q,K8Q,missense,missense_variant,,,,,,0.0,deleterious_low_confidence,0.885,possibly_damaging,Disordered,none,1.0,2.0,0.9148,PATHOGENIC,0.0,0.9148,1.0,0.25,0.3,0.0,1.0,50.47
rs1200569883,Ensembl VEP (dbSNP),rs1200569883,rs1200569883,,X,47219051.0,CCAGGCGCCGCC,-,rs1200569883,,,ENST00000335972,NP_006192.1,,,,,other,downstream_gene_variant,,,,,,,,,,,none,,,,,0.0,0.0,0.0,0.0,0.0,0.0,0.5,7.5
rs1200465551,Ensembl VEP (dbSNP),rs1200465551,rs1200465551,,X,47224714.0,C,A,rs1200465551,ENST00000357227.9:c.433C>A,ENSP00000349762.4:p.Leu145Ile,ENST00000357227,NP_006192.1,145.0,L,I,L145I,missense,missense_variant,,,,,,0.16,tolerated_low_confidence,0.114,benign,,binding_site,1.0,2.0,0.3486,AMBIGUOUS,0.0,0.3486,1.0,0.5,0.0,0.0,1.0,42.73
rs1200240392,Ensembl VEP (dbSNP),rs1200240392,rs1200240392,,X,47217344.0,A,T,rs1200240392,,,ENST00000335972,NP_006192.1,,,,,other,downstream_gene_variant,,,,,,,,,,,none,,,,,0.0,0.0,0.0,0.0,0.0,0.0,0.5,7.5
rs1199679369,Ensembl VEP (dbSNP),rs1199679369,rs1199679369,,X,47222982.0,A,G,rs1199679369,ENST00000357227.9:c.-6-570A>G,,ENST00000357227,NP_006192.1,,,,,other,intron_variant,,,,,,,,,,,none,,,,,0.0,0.0,0.0,0.0,0.0,0.0,0.75,11.25
rs1199315683,Ensembl VEP (dbSNP),rs1199315683,rs1199315683,,X,47221930.0,T,C,rs1199315683,ENST00000357227.9:c.-6-1622T>C,,ENST00000357227,NP_006192.1,,,,,other,intron_variant,,,,,,,,,,,none,,,,,0.0,0.0,0.0,0.0,0.0,0.0,0.75,11.25
rs1199185168,Ensembl VEP (dbSNP),rs1199185168,rs1199185168,,X,47223053.0,G,A,rs1199185168,ENST00000357227.9:c.-6-499G>A,,ENST00000357227,NP_006192.1,,,,,other,intron_variant,,,,,,,,,,,none,,,,,0.0,0.0,0.0,0.0,0.0,0.0,0.75,11.25
rs1199066739,Ensembl VEP (dbSNP),rs1199066739,rs1199066739,,X,47223232.0,G,A,rs1199066739,ENST00000357227.9:c.-6-320G>A,,ENST00000357227,NP_006192.1,,,,,other,intron_variant,,,,,,,,,,,none,,,,,0.0,0.0,0.0,0.0,0.0,0.0,0.75,11.25
rs1198942999,Ensembl VEP (dbSNP),rs1198942999,rs1198942999,,X,47228242.0,-,A,rs1198942999,ENST00000357227.9:c.1376-326dup,,ENST00000357227,NP_006192.1,,,,,other,intron_variant,,,,,,,,,,,none,,,,,0.0,0.0,0.0,0.0,0.0,0.0,0.75,11.25
rs1198568375,Ensembl VEP (dbSNP),rs1198568375,rs1198568375,,X,47229559.0,T,C,rs1198568375,ENST00000357227.9:c.*791T>C,,ENST00000357227,NP_006192.1,,,,,other,3_prime_UTR_variant,,,,,,,,,,,none,,,,,0.0,0.0,0.0,0.0,0.0,0.0,0.75,11.25
rs1198173748,Ensembl VEP (dbSNP),rs1198173748,rs1198173748,,X,47219530.0,G,A,rs1198173748,,,ENST00000335972,NP_006192.1,,,,,other,downstream_gene_variant,,,,,,,,,,,none,,,,,0.0,0.0,0.0,0.0,0.0,0.0,0.5,7.5
rs1197453524,Ensembl VEP (dbSNP),rs1197453524,rs1197453524,,X,47219013.0,G,A,rs1197453524,,,ENST00000335972,NP_006192.1,,,,,other,downstream_gene_variant,,,,,,,,,,,none,,,,,0.0,0.0,0.0,0.0,0.0,0.0,0.5,7.5
rs1197198290,Ensembl VEP (dbSNP),rs1197198290,rs1197198290,,X,47227565.0,A,G,rs1197198290,ENST00000357227.9:c.1375+96A>G,,ENST00000357227,NP_006192.1,,,,,other,intron_variant,,,,,,,,,,,none,,,,,0.0,0.0,0.0,0.0,0.0,0.0,0.75,11.25
rs1197090870,Ensembl VEP (dbSNP),rs1197090870,rs1197090870,3489451,X,47228611.0,G,A,rs1197090870,ENST00000357227.9:c.1420G>A,ENSP00000349762.4:p.Ala474Thr,ENST00000357227,NP_006192.1,474.0,A,T,A474T,missense,missense_variant,Uncertain significance,"criteria provided, single submitter",not specified,,,0.13,tolerated_low_confidence,0.0,benign,,none,1.0,2.0,0.0674,BENIGN,0.6,0.0674,1.0,0.0,0.0,0.0,1.0,43.01
rs1196978855,Ensembl VEP (dbSNP),rs1196978855,rs1196978855,,X,47220132.0,A,G,rs1196978855,ENST00000357227.9:c.-7+1027A>G,,ENST00000357227,NP_006192.1,,,,,other,intron_variant,,,,,,,,,,,none,,,,,0.0,0.0,0.0,0.0,0.0,0.0,0.75,11.25
rs1196824472,Ensembl VEP (dbSNP),rs1196824472,rs1196824472,,X,47217891.0,T,C,rs1196824472,,,ENST00000335972,NP_006192.1,,,,,other,downstream_gene_variant,,,,,,,,,,,none,,,,,0.0,0.0,0.0,0.0,0.0,0.0,0.5,7.5
rs1196363901,Ensembl VEP (dbSNP),rs1196363901,rs1196363901,,X,47229713.0,A,C,rs1196363901,ENST00000357227.9:c.*945A>C,,ENST00000357227,NP_006192.1,,,,,other,3_prime_UTR_variant,,,,,,,,,,,none,,,,,0.0,0.0,0.0,0.0,0.0,0.0,0.75,11.25
rs1196308267,Ensembl VEP (dbSNP),rs1196308267,rs1196308267,,X,47226245.0,C,-,rs1196308267,ENST00000357227.9:c.793-34del,,ENST00000357227,NP_006192.1,,,,,other,intron_variant,,,,,,,,,,,none,,,,,0.0,0.0,0.0,0.0,0.0,0.0,0.75,11.25
rs1196137758,Ensembl VEP (dbSNP),rs1196137758,rs1196137758,,X,47223086.0,T,C,rs1196137758,ENST00000357227.9:c.-6-466T>C,,ENST00000357227,NP_006192.1,,,,,other,intron_variant,,,,,,,,,,,none,,,,,0.0,0.0,0.0,0.0,0.0,0.0,0.75,11.25
rs1195628013,Ensembl VEP (dbSNP),rs1195628013,rs1195628013,,X,47217767.0,C,G,rs1195628013,,,ENST00000335972,NP_006192.1,,,,,other,downstream_gene_variant,,,,,,,,,,,none,,,,,0.0,0.0,0.0,0.0,0.0,0.0,0.5,7.5
rs1195380012,Ensembl VEP (dbSNP),rs1195380012,rs1195380012,,X,47216431.0,T,C,rs1195380012,,,ENST00000335972,NP_006192.1,,,,,other,downstream_gene_variant,,,,,,,,,,,none,,,,,0.0,0.0,0.0,0.0,0.0,0.0,0.5,7.5
rs1195224431,Ensembl VEP (dbSNP),rs1195224431,rs1195224431,,X,47226722.0,G,A,rs1195224431,ENST00000357227.9:c.1037+19G>A,,ENST00000357227,NP_006192.1,,,,,other,intron_variant,,,,,,,,,,,none,,,,,0.0,0.0,0.0,0.0,0.0,0.0,0.75,11.25
rs1195153242,Ensembl VEP (dbSNP),rs1195153242,rs1195153242,,X,47218206.0,C,T,rs1195153242,,,ENST00000335972,NP_006192.1,,,,,other,downstream_gene_variant,,,,,,,,,,,none,,,,,0.0,0.0,0.0,0.0,0.0,0.0,0.5,7.5
rs1194688263,Ensembl VEP (dbSNP),rs1194688263,rs1194688263,,X,47221703.0,T,G,rs1194688263,ENST00000357227.9:c.-6-1849T>G,,ENST00000357227,NP_006192.1,,,,,other,intron_variant,,,,,,,,,,,none,,,,,0.0,0.0,0.0,0.0,0.0,0.0,0.75,11.25
rs1194570243,Ensembl VEP (dbSNP),rs1194570243,rs1194570243,,X,47222679.0,T,G,rs1194570243,ENST00000357227.9:c.-6-873T>G,,ENST00000357227,NP_006192.1,,,,,other,intron_variant,,,,,,,,,,,none,,,,,0.0,0.0,0.0,0.0,0.0,0.0,0.75,11.25
rs1194430120,Ensembl VEP (dbSNP),rs1194430120,rs1194430120,,X,47218667.0,G,A,rs1194430120,,,ENST00000335972,NP_006192.1,,,,,other,downstream_gene_variant,,,,,,,,,,,none,,,,,0.0,0.0,0.0,0.0,0.0,0.0,0.5,7.5
rs1194159564,Ensembl VEP (dbSNP),rs1194159564,rs1194159564,,X,47228708.0,A,G,rs1194159564,ENST00000357227.9:c.1454-23A>G,,ENST00000357227,NP_006192.1,,,,,other,intron_variant,,,,,,,,,,,none,,,,,0.0,0.0,0.0,0.0,0.0,0.0,0.75,11.25
rs1194051252,Ensembl VEP (dbSNP),rs1194051252,rs1194051252,,X,47222908.0,T,A,rs1194051252,ENST00000357227.9:c.-6-644T>A,,ENST00000357227,NP_006192.1,,,,,other,intron_variant,,,,,,,,,,,none,,,,,0.0,0.0,0.0,0.0,0.0,0.0,0.75,11.25
rs1193957896,Ensembl VEP (dbSNP),rs1193957896,rs1193957896,,X,47219986.0,G,A,rs1193957896,,,ENST00000335972,NP_006192.1,,,,,other,downstream_gene_variant,,,,,,,,,,,none,,,,,0.0,0.0,0.0,0.0,0.0,0.0,0.5,7.5
rs1193768616,Ensembl VEP (dbSNP),rs1193768616,rs1193768616,,X,47230171.0,T,C,rs1193768616,,,ENST00000357227,NP_006192.1,,,,,other,downstream_gene_variant,,,,,,,,,,,none,,,,,0.0,0.0,0.0,0.0,0.0,0.0,0.5,7.5
rs1193662594,Ensembl VEP (dbSNP),rs1193662594,rs1193662594,,X,47223523.0,A,C,rs1193662594,ENST00000357227.9:c.-6-29A>C,,ENST00000357227,NP_006192.1,,,,,other,intron_variant,,,,,,,,,,,none,,,,,0.0,0.0,0.0,0.0,0.0,0.0,0.75,11.25
rs1193369997,Ensembl VEP (dbSNP),rs1193369997,rs1193369997,,X,47222397.0,C,T,rs1193369997,ENST00000357227.9:c.-6-1155C>T,,ENST00000357227,NP_006192.1,,,,,other,intron_variant,,,,,,,,,,,none,,,,,0.0,0.0,0.0,0.0,0.0,0.0,0.75,11.25
rs1192812011,Ensembl VEP (dbSNP),rs1192812011,rs1192812011,,X,47226930.0,G,T,rs1192812011,ENST00000357227.9:c.1135+21G>T,,ENST00000357227,NP_006192.1,,,,,other,intron_variant,,,,,,,,,,,none,,,,,0.0,0.0,0.0,0.0,0.0,0.0,0.75,11.25
rs1192519527,Ensembl VEP (dbSNP),rs1192519527,rs1192519527,,X,47216957.0,G,A,rs1192519527,,,ENST00000335972,NP_006192.1,,,,,other,downstream_gene_variant,,,,,,,,,,,none,,,,,0.0,0.0,0.0,0.0,0.0,0.0,0.5,7.5
rs1192096167,Ensembl VEP (dbSNP),rs1192096167,rs1192096167,,X,47222260.0,G,C,rs1192096167,ENST00000357227.9:c.-6-1292G>C,,ENST00000357227,NP_006192.1,,,,,other,intron_variant,,,,,,,,,,,none,,,,,0.0,0.0,0.0,0.0,0.0,0.0,0.75,11.25
rs1191091617,Ensembl VEP (dbSNP),rs1191091617,rs1191091617,,X,47230286.0,G,T,rs1191091617,,,ENST00000357227,NP_006192.1,,,,,other,downstream_gene_variant,,,,,,,,,,,none,,,,,0.0,0.0,0.0,0.0,0.0,0.0,0.5,7.5
rs1190118391,Ensembl VEP (dbSNP),rs1190118391,rs1190118391,,X,47218591.0,G,A,rs1190118391,,,ENST00000335972,NP_006192.1,,,,,other,downstream_gene_variant,,,,,,,,,,,none,,,,,0.0,0.0,0.0,0.0,0.0,0.0,0.5,7.5
rs1189965673,Ensembl VEP (dbSNP),rs1189965673,rs1189965673,,X,47219285.0,T,A,rs1189965673,,,ENST00000335972,NP_006192.1,,,,,other,downstream_gene_variant,,,,,,,,,,,none,,,,,0.0,0.0,0.0,0.0,0.0,0.0,0.5,7.5
rs1189950684,Ensembl VEP (dbSNP),rs1189950684,rs1189950684,,X,47223162.0,C,T,rs1189950684,ENST00000357227.9:c.-6-390C>T,,ENST00000357227,NP_006192.1,,,,,other,intron_variant,,,,,,,,,,,none,,,,,0.0,0.0,0.0,0.0,0.0,0.0,0.75,11.25
rs1189900950,Ensembl VEP (dbSNP),rs1189900950,rs1189900950,,X,47220628.0,G,C,rs1189900950,ENST00000357227.9:c.-7+1523G>C,,ENST00000357227,NP_006192.1,,,,,other,intron_variant,,,,,,,,,,,none,,,,,0.0,0.0,0.0,0.0,0.0,0.0,0.75,11.25
rs1189882883,Ensembl VEP (dbSNP),rs1189882883,rs1189882883,,X,47225069.0,G,A,rs1189882883,ENST00000357227.9:c.601G>A,ENSP00000349762.4:p.Glu201Lys,ENST00000357227,NP_006192.1,201.0,E,K,E201K,missense,missense_variant,,,,,,0.0,deleterious_low_confidence,0.827,possibly_damaging,Protein kinase,none,1.0,2.0,0.986,PATHOGENIC,0.0,0.986,1.0,0.25,0.6,0.0,1.0,54.54
rs1189695616,Ensembl VEP (dbSNP),rs1189695616,rs1189695616,,X,47226042.0,G,A,rs1189695616,ENST00000357227.9:c.792+15G>A,,ENST00000357227,NP_006192.1,,,,,other,intron_variant,,,,,,,,,,,none,,,,,0.0,0.0,0.0,0.0,0.0,0.0,0.75,11.25
rs1189666406,Ensembl VEP (dbSNP),rs1189666406,rs1189666406,,X,47227485.0,G,T,rs1189666406,ENST00000357227.9:c.1375+16G>T,,ENST00000357227,NP_006192.1,,,,,other,intron_variant,,,,,,,,,,,none,,,,,0.0,0.0,0.0,0.0,0.0,0.0,0.75,11.25
rs1189322811,Ensembl VEP (dbSNP),rs1189322811,rs1189322811,,X,47218784.0,A,T,rs1189322811,,,ENST00000335972,NP_006192.1,,,,,other,downstream_gene_variant,,,,,,,,,,,none,,,,,0.0,0.0,0.0,0.0,0.0,0.0,0.5,7.5
rs1189308618,Ensembl VEP (dbSNP),rs1189308618,rs1189308618,,X,47229769.0,G,A,rs1189308618,ENST00000357227.9:c.*1001G>A,,ENST00000357227,NP_006192.1,,,,,other,3_prime_UTR_variant,,,,,,,,,,,none,,,,,0.0,0.0,0.0,0.0,0.0,0.0,0.75,11.25
rs1188956690,Ensembl VEP (dbSNP),rs1188956690,rs1188956690,,X,47227013.0,G,A,rs1188956690,ENST00000357227.9:c.1155G>A,ENSP00000349762.4:p.Thr385=,ENST00000357227,NP_006192.1,385.0,,,,synonymous,synonymous_variant,,,,,,,,,,Protein kinase,none,1.0,2.0,,,0.0,0.0,1.0,0.25,0.6,0.0,1.0,39.75
rs1188871751,Ensembl VEP (dbSNP),rs1188871751,rs1188871751,,X,47216684.0,C,G,rs1188871751,,,ENST00000335972,NP_006192.1,,,,,other,downstream_gene_variant,,,,,,,,,,,none,,,,,0.0,0.0,0.0,0.0,0.0,0.0,0.5,7.5
rs1188802682,Ensembl VEP (dbSNP),rs1188802682,rs1188802682,,X,47229174.0,C,G,rs1188802682,ENST00000357227.9:c.*406C>G,,ENST00000357227,NP_006192.1,,,,,other,3_prime_UTR_variant,,,,,,,,,,,none,,,,,0.0,0.0,0.0,0.0,0.0,0.0,0.75,11.25
rs1188793039,Ensembl VEP (dbSNP),rs1188793039,rs1188793039,,X,47222963.0,C,A,rs1188793039,ENST00000357227.9:c.-6-589C>A,,ENST00000357227,NP_006192.1,,,,,other,intron_variant,,,,,,,,,,,none,,,,,0.0,0.0,0.0,0.0,0.0,0.0,0.75,11.25
rs1188408266,Ensembl VEP (dbSNP),rs1188408266,rs1188408266,,X,47229011.0,T,C,rs1188408266,ENST00000357227.9:c.*243T>C,,ENST00000357227,NP_006192.1,,,,,other,3_prime_UTR_variant,,,,,,,,,,,none,,,,,0.0,0.0,0.0,0.0,0.0,0.0,0.75,11.25
rs1188160589,Ensembl VEP (dbSNP),rs1188160589,rs1188160589,,X,47224341.0,T,A,rs1188160589,ENST00000357227.9:c.203-44T>A,,ENST00000357227,NP_006192.1,,,,,other,intron_variant,,,,,,,,,,,none,,,,,0.0,0.0,0.0,0.0,0.0,0.0,0.75,11.25
rs1188101046,Ensembl VEP (dbSNP),rs1188101046,rs1188101046,,X,47219152.0,C,A,rs1188101046,,,ENST00000335972,NP_006192.1,,,,,other,downstream_gene_variant,,,,,,,,,,,none,,,,,0.0,0.0,0.0,0.0,0.0,0.0,0.5,7.5
rs1188087768,Ensembl VEP (dbSNP),rs1188087768,rs1188087768,,X,47216811.0,C,T,rs1188087768,,,ENST00000335972,NP_006192.1,,,,,other,downstream_gene_variant,,,,,,,,,,,none,,,,,0.0,0.0,0.0,0.0,0.0,0.0,0.5,7.5
rs1187524304,Ensembl VEP (dbSNP),rs1187524304,rs1187524304,,X,47229014.0,-,GTCTCTGTCT,rs1187524304,ENST00000357227.9:c.*236_*245dup,,ENST00000357227,NP_006192.1,,,,,other,3_prime_UTR_variant,,,,,,,,,,,none,,,,,0.0,0.0,0.0,0.0,0.0,0.0,0.75,11.25
rs1187236424,Ensembl VEP (dbSNP),rs1187236424,rs1187236424,,X,47229226.0,A,G,rs1187236424,ENST00000357227.9:c.*458A>G,,ENST00000357227,NP_006192.1,,,,,other,3_prime_UTR_variant,,,,,,,,,,,none,,,,,0.0,0.0,0.0,0.0,0.0,0.0,0.75,11.25
rs1187014691,Ensembl VEP (dbSNP),rs1187014691,rs1187014691,,X,47229264.0,TTTTTTTTTTTTT,TTTTTTTT,rs1187014691,ENST00000357227.9:c.*504_*508del,,ENST00000357227,NP_006192.1,,,,,other,3_prime_UTR_variant,,,,,,,,,,,none,,,,,0.0,0.0,0.0,0.0,0.0,0.0,0.75,11.25
rs1186526531,Ensembl VEP (dbSNP),rs1186526531,rs1186526531,,X,47216842.0,C,T,rs1186526531,,,ENST00000335972,NP_006192.1,,,,,other,downstream_gene_variant,,,,,,,,,,,none,,,,,0.0,0.0,0.0,0.0,0.0,0.0,0.5,7.5
rs1186519715,Ensembl VEP (dbSNP),rs1186519715,rs1186519715,,X,47225761.0,G,A,rs1186519715,ENST00000357227.9:c.635-11G>A,,ENST00000357227,NP_006192.1,,,,,splice,splice_polypyrimidine_tract_variant;intron_variant,,,,,,,,,,,none,,,,,0.0,0.0,0.0,0.0,0.0,0.0,0.75,11.25
rs1186476211,Ensembl VEP (dbSNP),rs1186476211,rs1186476211,,X,47224978.0,C,T,rs1186476211,ENST00000357227.9:c.520-10C>T,,ENST00000357227,NP_006192.1,,,,,splice,splice_polypyrimidine_tract_variant;intron_variant,,,,,,,,,,,none,,,,,0.0,0.0,0.0,0.0,0.0,0.0,0.75,11.25
rs1186435698,Ensembl VEP (dbSNP),rs1186435698,rs1186435698,,X,47227272.0,G,A,rs1186435698,ENST00000357227.9:c.1284+49G>A,,ENST00000357227,NP_006192.1,,,,,other,intron_variant,,,,,,,,,,,none,,,,,0.0,0.0,0.0,0.0,0.0,0.0,0.75,11.25
rs1186432370,Ensembl VEP (dbSNP),rs1186432370,rs1186432370,,X,47216945.0,G,-,rs1186432370,,,ENST00000335972,NP_006192.1,,,,,other,downstream_gene_variant,,,,,,,,,,,none,,,,,0.0,0.0,0.0,0.0,0.0,0.0,0.5,7.5
rs1186151915,Ensembl VEP (dbSNP),rs1186151915,rs1186151915,,X,47218353.0,C,T,rs1186151915,,,ENST00000335972,NP_006192.1,,,,,other,downstream_gene_variant,,,,,,,,,,,none,,,,,0.0,0.0,0.0,0.0,0.0,0.0,0.5,7.5
rs1185877970,Ensembl VEP (dbSNP),rs1185877970,rs1185877970,,X,47222082.0,T,G,rs1185877970,ENST00000357227.9:c.-6-1470T>G,,ENST00000357227,NP_006192.1,,,,,other,intron_variant,,,,,,,,,,,none,,,,,0.0,0.0,0.0,0.0,0.0,0.0,0.75,11.25
rs1185813602,Ensembl VEP (dbSNP),rs1185813602,rs1185813602,,X,47226585.0,C,T,rs1185813602,ENST00000357227.9:c.919C>T,ENSP00000349762.4:p.Leu307=,ENST00000357227,NP_006192.1,307.0,,,,synonymous,splice_region_variant;synonymous_variant,,,,,,,,,,Protein kinase,none,1.0,2.0,,,0.0,0.0,1.0,0.25,0.6,0.0,1.0,39.75
rs1185687512,Ensembl VEP (dbSNP),rs1185687512,rs1185687512,,X,47229628.0,G,T,rs1185687512,ENST00000357227.9:c.*860G>T,,ENST00000357227,NP_006192.1,,,,,other,3_prime_UTR_variant,,,,,,,,,,,none,,,,,0.0,0.0,0.0,0.0,0.0,0.0,0.75,11.25
rs1184952519,Ensembl VEP (dbSNP),rs1184952519,rs1184952519,,X,47222701.0,A,G,rs1184952519,ENST00000357227.9:c.-6-851A>G,,ENST00000357227,NP_006192.1,,,,,other,intron_variant,,,,,,,,,,,none,,,,,0.0,0.0,0.0,0.0,0.0,0.0,0.75,11.25
rs1184237628,Ensembl VEP (dbSNP),rs1184237628,rs1184237628,,X,47220461.0,C,A,rs1184237628,ENST00000357227.9:c.-7+1356C>A,,ENST00000357227,NP_006192.1,,,,,other,intron_variant,,,,,,,,,,,none,,,,,0.0,0.0,0.0,0.0,0.0,0.0,0.75,11.25
rs1183706517,Ensembl VEP (dbSNP),rs1183706517,rs1183706517,,X,47220443.0,T,G,rs1183706517,ENST00000357227.9:c.-7+1338T>G,,ENST00000357227,NP_006192.1,,,,,other,intron_variant,,,,,,,,,,,none,,,,,0.0,0.0,0.0,0.0,0.0,0.0,0.75,11.25
rs1183101795,Ensembl VEP (dbSNP),rs1183101795,rs1183101795,,X,47219870.0,G,A,rs1183101795,,,ENST00000335972,NP_006192.1,,,,,other,downstream_gene_variant,,,,,,,,,,,none,,,,,0.0,0.0,0.0,0.0,0.0,0.0,0.5,7.5
rs1182925355,Ensembl VEP (dbSNP),rs1182925355,rs1182925355,,X,47229425.0,C,A,rs1182925355,ENST00000357227.9:c.*657C>A,,ENST00000357227,NP_006192.1,,,,,other,3_prime_UTR_variant,,,,,,,,,,,none,,,,,0.0,0.0,0.0,0.0,0.0,0.0,0.75,11.25
rs1182281531,Ensembl VEP (dbSNP),rs1182281531,rs1182281531,,X,47218190.0,A,C,rs1182281531,,,ENST00000335972,NP_006192.1,,,,,other,downstream_gene_variant,,,,,,,,,,,none,,,,,0.0,0.0,0.0,0.0,0.0,0.0,0.5,7.5
rs1181869835,Ensembl VEP (dbSNP),rs1181869835,rs1181869835,,X,47221149.0,G,A,rs1181869835,ENST00000357227.9:c.-7+2044G>A,,ENST00000357227,NP_006192.1,,,,,other,intron_variant,,,,,,,,,,,none,,,,,0.0,0.0,0.0,0.0,0.0,0.0,0.75,11.25
rs1181151939,Ensembl VEP (dbSNP),rs1181151939,rs1181151939,,X,47219037.0,C,T,rs1181151939,,,ENST00000335972,NP_006192.1,,,,,other,downstream_gene_variant,,,,,,,,,,,none,,,,,0.0,0.0,0.0,0.0,0.0,0.0,0.5,7.5
rs1181089996,Ensembl VEP (dbSNP),rs1181089996,rs1181089996,,X,47229345.0,AC,-,rs1181089996,ENST00000357227.9:c.*577_*578del,,ENST00000357227,NP_006192.1,,,,,other,3_prime_UTR_variant,,,,,,,,,,,none,,,,,0.0,0.0,0.0,0.0,0.0,0.0,0.75,11.25
rs1181021743,Ensembl VEP (dbSNP),rs1181021743,rs1181021743,,X,47223981.0,C,T,rs1181021743,ENST00000357227.9:c.202+222C>T,,ENST00000357227,NP_006192.1,,,,,other,intron_variant,,,,,,,,,,,none,,,,,0.0,0.0,0.0,0.0,0.0,0.0,0.75,11.25
rs1180994022,Ensembl VEP (dbSNP),rs1180994022,rs1180994022,,X,47223351.0,T,A,rs1180994022,ENST00000357227.9:c.-6-201T>A,,ENST00000357227,NP_006192.1,,,,,other,intron_variant,,,,,,,,,,,none,,,,,0.0,0.0,0.0,0.0,0.0,0.0,0.75,11.25
rs1180935537,Ensembl VEP (dbSNP),rs1180935537,rs1180935537,,X,47229056.0,A,G,rs1180935537,ENST00000357227.9:c.*288A>G,,ENST00000357227,NP_006192.1,,,,,other,3_prime_UTR_variant,,,,,,,,,,,none,,,,,0.0,0.0,0.0,0.0,0.0,0.0,0.75,11.25
rs1180916847,Ensembl VEP (dbSNP),rs1180916847,rs1180916847,,X,47230262.0,T,C,rs1180916847,,,ENST00000357227,NP_006192.1,,,,,other,downstream_gene_variant,,,,,,,,,,,none,,,,,0.0,0.0,0.0,0.0,0.0,0.0,0.5,7.5
rs1180787255,Ensembl VEP (dbSNP),rs1180787255,rs1180787255,,X,47223739.0,G,C,rs1180787255,ENST00000357227.9:c.182G>C,ENSP00000349762.4:p.Gly61Ala,ENST00000357227,NP_006192.1,61.0,G,A,G61A,missense,missense_variant,,,,,,0.08,tolerated_low_confidence,0.0,benign,Disordered,none,1.0,2.0,0.0833,BENIGN,0.0,0.0833,1.0,0.25,0.3,0.0,1.0,38.0
rs1180729705,Ensembl VEP (dbSNP),rs1180729705,rs1180729705,,X,47225437.0,A,T,rs1180729705,ENST00000357227.9:c.634+335A>T,,ENST00000357227,NP_006192.1,,,,,other,intron_variant,,,,,,,,,,,none,,,,,0.0,0.0,0.0,0.0,0.0,0.0,0.75,11.25
rs1180471894,Ensembl VEP (dbSNP),rs1180471894,rs1180471894,,X,47221879.0,T,C,rs1180471894,ENST00000357227.9:c.-6-1673T>C,,ENST00000357227,NP_006192.1,,,,,other,intron_variant,,,,,,,,,,,none,,,,,0.0,0.0,0.0,0.0,0.0,0.0,0.75,11.25
rs1180164490,Ensembl VEP (dbSNP),rs1180164490,rs1180164490,,X,47218713.0,T,C,rs1180164490,,,ENST00000335972,NP_006192.1,,,,,other,downstream_gene_variant,,,,,,,,,,,none,,,,,0.0,0.0,0.0,0.0,0.0,0.0,0.5,7.5
rs1179211530,Ensembl VEP (dbSNP),rs1179211530,rs1179211530,,X,47228549.0,T,C,rs1179211530,ENST00000357227.9:c.1376-18T>C,,ENST00000357227,NP_006192.1,,,,,other,intron_variant,,,,,,,,,,,none,,,,,0.0,0.0,0.0,0.0,0.0,0.0,0.75,11.25
rs1179210593,Ensembl VEP (dbSNP),rs1179210593,rs1179210593,,X,47225926.0,A,T,rs1179210593,ENST00000357227.9:c.730-39A>T,,ENST00000357227,NP_006192.1,,,,,other,intron_variant,,,,,,,,,,,none,,,,,0.0,0.0,0.0,0.0,0.0,0.0,0.75,11.25
rs1179036357,Ensembl VEP (dbSNP),rs1179036357,rs1179036357,,X,47222661.0,G,T,rs1179036357,ENST00000357227.9:c.-6-891G>T,,ENST00000357227,NP_006192.1,,,,,other,intron_variant,,,,,,,,,,,none,,,,,0.0,0.0,0.0,0.0,0.0,0.0,0.75,11.25
rs1178655389,Ensembl VEP (dbSNP),rs1178655389,rs1178655389,,X,47227210.0,C,G,rs1178655389,ENST00000357227.9:c.1271C>G,ENSP00000349762.4:p.Thr424Ser,ENST00000357227,NP_006192.1,424.0,T,S,T424S,missense,missense_variant,,,,,,1.0,tolerated_low_confidence,0.02,benign,Protein kinase,none,1.0,2.0,0.064,BENIGN,0.0,0.064,1.0,0.25,0.6,0.0,1.0,40.71
rs1177804522,Ensembl VEP (dbSNP),rs1177804522,rs1177804522,,X,47228004.0,T,G,rs1177804522,ENST00000357227.9:c.1375+535T>G,,ENST00000357227,NP_006192.1,,,,,other,intron_variant,,,,,,,,,,,none,,,,,0.0,0.0,0.0,0.0,0.0,0.0,0.75,11.25
rs1177667066,Ensembl VEP (dbSNP),rs1177667066,rs1177667066,4651518,X,47223111.0,C,G,rs1177667066,ENST00000357227.9:c.-6-441C>G,,ENST00000357227,NP_006192.1,,,,,other,intron_variant,Uncertain significance,"criteria provided, single submitter",not specified,,,,,,,,none,,,,,0.6,0.0,0.0,0.0,0.0,0.0,0.75,23.25
rs1177645710,Ensembl VEP (dbSNP),rs1177645710,rs1177645710,,X,47220950.0,C,G,rs1177645710,ENST00000357227.9:c.-7+1845C>G,,ENST00000357227,NP_006192.1,,,,,other,intron_variant,,,,,,,,,,,none,,,,,0.0,0.0,0.0,0.0,0.0,0.0,0.75,11.25
rs1177503286,Ensembl VEP (dbSNP),rs1177503286,rs1177503286,,X,47223857.0,C,G,rs1177503286,ENST00000357227.9:c.202+98C>G,,ENST00000357227,NP_006192.1,,,,,other,intron_variant,,,,,,,,,,,none,,,,,0.0,0.0,0.0,0.0,0.0,0.0,0.75,11.25
rs1177417960,Ensembl VEP (dbSNP),rs1177417960,rs1177417960,,X,47221241.0,T,G,rs1177417960,ENST00000357227.9:c.-7+2136T>G,,ENST00000357227,NP_006192.1,,,,,other,intron_variant,,,,,,,,,,,none,,,,,0.0,0.0,0.0,0.0,0.0,0.0,0.75,11.25
rs1177260029,Ensembl VEP (dbSNP),rs1177260029,rs1177260029,,X,47217173.0,-,GGCACGTGGATGTGGGC,rs1177260029,,,ENST00000335972,NP_006192.1,,,,,other,downstream_gene_variant,,,,,,,,,,,none,,,,,0.0,0.0,0.0,0.0,0.0,0.0,0.5,7.5
rs1177023321,Ensembl VEP (dbSNP),rs1177023321,rs1177023321,,X,47228832.0,C,T,rs1177023321,ENST00000357227.9:c.*64C>T,,ENST00000357227,NP_006192.1,,,,,other,3_prime_UTR_variant,,,,,,,,,,,none,,,,,0.0,0.0,0.0,0.0,0.0,0.0,0.75,11.25
rs1176741140,Ensembl VEP (dbSNP),rs1176741140,rs1176741140,,X,47224034.0,C,T,rs1176741140,ENST00000357227.9:c.202+275C>T,,ENST00000357227,NP_006192.1,,,,,other,intron_variant,,,,,,,,,,,none,,,,,0.0,0.0,0.0,0.0,0.0,0.0,0.75,11.25
rs1176413655,Ensembl VEP (dbSNP),rs1176413655,rs1176413655,,X,47229501.0,C,T,rs1176413655,ENST00000357227.9:c.*733C>T,,ENST00000357227,NP_006192.1,,,,,other,3_prime_UTR_variant,,,,,,,,,,,none,,,,,0.0,0.0,0.0,0.0,0.0,0.0,0.75,11.25
rs1176029940,Ensembl VEP (dbSNP),rs1176029940,rs1176029940,,X,47217877.0,C,T,rs1176029940,,,ENST00000335972,NP_006192.1,,,,,other,downstream_gene_variant,,,,,,,,,,,none,,,,,0.0,0.0,0.0,0.0,0.0,0.0,0.5,7.5
rs1175991981,Ensembl VEP (dbSNP),rs1175991981,rs1175991981,,X,47229381.0,A,C,rs1175991981,ENST00000357227.9:c.*613A>C,,ENST00000357227,NP_006192.1,,,,,other,3_prime_UTR_variant,,,,,,,,,,,none,,,,,0.0,0.0,0.0,0.0,0.0,0.0,0.75,11.25
rs1175933396,Ensembl VEP (dbSNP),rs1175933396,rs1175933396,,X,47219739.0,T,C,rs1175933396,,,ENST00000335972,NP_006192.1,,,,,other,downstream_gene_variant,,,,,,,,,,,none,,,,,0.0,0.0,0.0,0.0,0.0,0.0,0.5,7.5
rs1175285030,Ensembl VEP (dbSNP),rs1175285030,rs1175285030,,X,47223877.0,G,T,rs1175285030,ENST00000357227.9:c.202+118G>T,,ENST00000357227,NP_006192.1,,,,,other,intron_variant,,,,,,,,,,,none,,,,,0.0,0.0,0.0,0.0,0.0,0.0,0.75,11.25
rs1175226237,Ensembl VEP (dbSNP),rs1175226237,rs1175226237,,X,47225569.0,C,G,rs1175226237,ENST00000357227.9:c.635-203C>G,,ENST00000357227,NP_006192.1,,,,,other,intron_variant,,,,,,,,,,,none,,,,,0.0,0.0,0.0,0.0,0.0,0.0,0.75,11.25
rs1175086402,Ensembl VEP (dbSNP),rs1175086402,rs1175086402,,X,47219680.0,C,T,rs1175086402,,,ENST00000335972,NP_006192.1,,,,,other,downstream_gene_variant,,,,,,,,,,,none,,,,,0.0,0.0,0.0,0.0,0.0,0.0,0.5,7.5
rs1174698891,Ensembl VEP (dbSNP),rs1174698891,rs1174698891,,X,47228610.0,G,A,rs1174698891,ENST00000357227.9:c.1419G>A,ENSP00000349762.4:p.Glu473=,ENST00000357227,NP_006192.1,473.0,,,,synonymous,synonymous_variant,,,,,,,,,,,none,1.0,2.0,,,0.0,0.0,1.0,0.0,0.0,0.0,1.0,30.0
rs1174438914,Ensembl VEP (dbSNP),rs1174438914,rs1174438914,,X,47219003.0,C,G,rs1174438914,,,ENST00000335972,NP_006192.1,,,,,other,downstream_gene_variant,,,,,,,,,,,none,,,,,0.0,0.0,0.0,0.0,0.0,0.0,0.5,7.5
rs1174385541,Ensembl VEP (dbSNP),rs1174385541,rs1174385541,,X,47220240.0,C,G,rs1174385541,ENST00000357227.9:c.-7+1135C>G,,ENST00000357227,NP_006192.1,,,,,other,intron_variant,,,,,,,,,,,none,,,,,0.0,0.0,0.0,0.0,0.0,0.0,0.75,11.25
rs1174366846,Ensembl VEP (dbSNP),rs1174366846,rs1174366846,,X,47219136.0,C,A,rs1174366846,,,ENST00000335972,NP_006192.1,,,,,other,downstream_gene_variant,,,,,,,,,,,none,,,,,0.0,0.0,0.0,0.0,0.0,0.0,0.5,7.5
rs1174315702,Ensembl VEP (dbSNP),rs1174315702,rs1174315702,,X,47224479.0,G,A,rs1174315702,ENST00000357227.9:c.297G>A,ENSP00000349762.4:p.Val99=,ENST00000357227,NP_006192.1,99.0,,,,synonymous,synonymous_variant,,,,,,,,,,,none,1.0,2.0,,,0.0,0.0,1.0,0.0,0.0,0.0,1.0,30.0
rs1174190361,Ensembl VEP (dbSNP),rs1174190361,rs1174190361,,X,47222975.0,T,G,rs1174190361,ENST00000357227.9:c.-6-577T>G,,ENST00000357227,NP_006192.1,,,,,other,intron_variant,,,,,,,,,,,none,,,,,0.0,0.0,0.0,0.0,0.0,0.0,0.75,11.25
rs1174157801,Ensembl VEP (dbSNP),rs1174157801,rs1174157801,,X,47226393.0,G,A,rs1174157801,ENST00000357227.9:c.907G>A,ENSP00000349762.4:p.Ala303Thr,ENST00000357227,NP_006192.1,303.0,A,T,A303T,missense,missense_variant,,,,,,0.0,deleterious_low_confidence,0.994,probably_damaging,Protein kinase,none,1.0,2.0,0.9982,PATHOGENIC,0.0,0.9982,1.0,0.25,0.6,0.0,1.0,54.72
rs1174020544,Ensembl VEP (dbSNP),rs1174020544,rs1174020544,,X,47220261.0,G,A,rs1174020544,ENST00000357227.9:c.-7+1156G>A,,ENST00000357227,NP_006192.1,,,,,other,intron_variant,,,,,,,,,,,none,,,,,0.0,0.0,0.0,0.0,0.0,0.0,0.75,11.25
rs1173159524,Ensembl VEP (dbSNP),rs1173159524,rs1173159524,,X,47224147.0,C,G,rs1173159524,ENST00000357227.9:c.203-238C>G,,ENST00000357227,NP_006192.1,,,,,other,intron_variant,,,,,,,,,,,none,,,,,0.0,0.0,0.0,0.0,0.0,0.0,0.75,11.25
rs1173097038,Ensembl VEP (dbSNP),rs1173097038,rs1173097038,,X,47229917.0,C,T,rs1173097038,ENST00000357227.9:c.*1149C>T,,ENST00000357227,NP_006192.1,,,,,other,3_prime_UTR_variant,,,,,,,,,,,none,,,,,0.0,0.0,0.0,0.0,0.0,0.0,0.75,11.25
rs1172915404,Ensembl VEP (dbSNP),rs1172915404,rs1172915404,,X,47227505.0,G,A,rs1172915404,ENST00000357227.9:c.1375+36G>A,,ENST00000357227,NP_006192.1,,,,,other,intron_variant,,,,,,,,,,,none,,,,,0.0,0.0,0.0,0.0,0.0,0.0,0.75,11.25
rs1172736164,Ensembl VEP (dbSNP),rs1172736164,rs1172736164,,X,47216911.0,C,T,rs1172736164,,,ENST00000335972,NP_006192.1,,,,,other,downstream_gene_variant,,,,,,,,,,,none,,,,,0.0,0.0,0.0,0.0,0.0,0.0,0.5,7.5
rs1171929301,Ensembl VEP (dbSNP),rs1171929301,rs1171929301,,X,47220773.0,A,C,rs1171929301,ENST00000357227.9:c.-7+1668A>C,,ENST00000357227,NP_006192.1,,,,,other,intron_variant,,,,,,,,,,,none,,,,,0.0,0.0,0.0,0.0,0.0,0.0,0.75,11.25
rs1171609268,Ensembl VEP (dbSNP),rs1171609268,rs1171609268,,X,47229237.0,G,T,rs1171609268,ENST00000357227.9:c.*469G>T,,ENST00000357227,NP_006192.1,,,,,other,3_prime_UTR_variant,,,,,,,,,,,none,,,,,0.0,0.0,0.0,0.0,0.0,0.0,0.75,11.25
rs1171480119,Ensembl VEP (dbSNP),rs1171480119,rs1171480119,,X,47226077.0,C,G,rs1171480119,ENST00000357227.9:c.792+50C>G,,ENST00000357227,NP_006192.1,,,,,other,intron_variant,,,,,,,,,,,none,,,,,0.0,0.0,0.0,0.0,0.0,0.0,0.75,11.25
rs1171436062,Ensembl VEP (dbSNP),rs1171436062,rs1171436062,,X,47225226.0,T,C,rs1171436062,ENST00000357227.9:c.634+124T>C,,ENST00000357227,NP_006192.1,,,,,other,intron_variant,,,,,,,,,,,none,,,,,0.0,0.0,0.0,0.0,0.0,0.0,0.75,11.25
rs1171060871,Ensembl VEP (dbSNP),rs1171060871,rs1171060871,,X,47224299.0,G,A,rs1171060871,ENST00000357227.9:c.203-86G>A,,ENST00000357227,NP_006192.1,,,,,other,intron_variant,,,,,,,,,,,none,,,,,0.0,0.0,0.0,0.0,0.0,0.0,0.75,11.25
rs1170945565,Ensembl VEP (dbSNP),rs1170945565,rs1170945565,,X,47218016.0,T,C,rs1170945565,,,ENST00000335972,NP_006192.1,,,,,other,downstream_gene_variant,,,,,,,,,,,none,,,,,0.0,0.0,0.0,0.0,0.0,0.0,0.5,7.5
rs1170809482,Ensembl VEP (dbSNP),rs1170809482,rs1170809482,,X,47223214.0,G,A,rs1170809482,ENST00000357227.9:c.-6-338G>A,,ENST00000357227,NP_006192.1,,,,,other,intron_variant,,,,,,,,,,,none,,,,,0.0,0.0,0.0,0.0,0.0,0.0,0.75,11.25
rs1170419233,Ensembl VEP (dbSNP),rs1170419233,rs1170419233,,X,47228180.0,T,C,rs1170419233,ENST00000357227.9:c.1376-387T>C,,ENST00000357227,NP_006192.1,,,,,other,intron_variant,,,,,,,,,,,none,,,,,0.0,0.0,0.0,0.0,0.0,0.0,0.75,11.25
rs1170416784,Ensembl VEP (dbSNP),rs1170416784,rs1170416784,,X,47222544.0,C,T,rs1170416784,ENST00000357227.9:c.-6-1008C>T,,ENST00000357227,NP_006192.1,,,,,other,intron_variant,,,,,,,,,,,none,,,,,0.0,0.0,0.0,0.0,0.0,0.0,0.75,11.25
rs1170337307,Ensembl VEP (dbSNP),rs1170337307,rs1170337307,,X,47219400.0,G,T,rs1170337307,,,ENST00000335972,NP_006192.1,,,,,other,downstream_gene_variant,,,,,,,,,,,none,,,,,0.0,0.0,0.0,0.0,0.0,0.0,0.5,7.5
rs1169889982,Ensembl VEP (dbSNP),rs1169889982,rs1169889982,,X,47223069.0,G,T,rs1169889982,ENST00000357227.9:c.-6-483G>T,,ENST00000357227,NP_006192.1,,,,,other,intron_variant,,,,,,,,,,,none,,,,,0.0,0.0,0.0,0.0,0.0,0.0,0.75,11.25
rs1169706065,Ensembl VEP (dbSNP),rs1169706065,rs1169706065,,X,47218882.0,G,A,rs1169706065,,,ENST00000335972,NP_006192.1,,,,,other,downstream_gene_variant,,,,,,,,,,,none,,,,,0.0,0.0,0.0,0.0,0.0,0.0,0.5,7.5
rs1169607803,Ensembl VEP (dbSNP),rs1169607803,rs1169607803,,X,47217730.0,C,A,rs1169607803,,,ENST00000335972,NP_006192.1,,,,,other,downstream_gene_variant,,,,,,,,,,,none,,,,,0.0,0.0,0.0,0.0,0.0,0.0,0.5,7.5
rs1169348239,Ensembl VEP (dbSNP),rs1169348239,rs1169348239,,X,47222338.0,T,C,rs1169348239,ENST00000357227.9:c.-6-1214T>C,,ENST00000357227,NP_006192.1,,,,,other,intron_variant,,,,,,,,,,,none,,,,,0.0,0.0,0.0,0.0,0.0,0.0,0.75,11.25
rs1168854994,Ensembl VEP (dbSNP),rs1168854994,rs1168854994,,X,47229262.0,T,C,rs1168854994,ENST00000357227.9:c.*494T>C,,ENST00000357227,NP_006192.1,,,,,other,3_prime_UTR_variant,,,,,,,,,,,none,,,,,0.0,0.0,0.0,0.0,0.0,0.0,0.75,11.25
rs1168786483,Ensembl VEP (dbSNP),rs1168786483,rs1168786483,,X,47226432.0,T,A,rs1168786483,ENST00000357227.9:c.916+30T>A,,ENST00000357227,NP_006192.1,,,,,other,intron_variant,,,,,,,,,,,none,,,,,0.0,0.0,0.0,0.0,0.0,0.0,0.75,11.25
rs1168576697,Ensembl VEP (dbSNP),rs1168576697,rs1168576697,,X,47230212.0,G,C,rs1168576697,,,ENST00000357227,NP_006192.1,,,,,other,downstream_gene_variant,,,,,,,,,,,none,,,,,0.0,0.0,0.0,0.0,0.0,0.0,0.5,7.5
rs1168499555,Ensembl VEP (dbSNP),rs1168499555,rs1168499555,,X,47225979.0,G,A,rs1168499555,ENST00000357227.9:c.744G>A,ENSP00000349762.4:p.Lys248=,ENST00000357227,NP_006192.1,248.0,,,,synonymous,synonymous_variant,,,,,,,,,,Protein kinase,none,1.0,2.0,,,0.0,0.0,1.0,0.25,0.6,0.0,1.0,39.75
rs1168255879,Ensembl VEP (dbSNP),rs1168255879,rs1168255879,,X,47228701.0,A,G,rs1168255879,ENST00000357227.9:c.1454-30A>G,,ENST00000357227,NP_006192.1,,,,,other,intron_variant,,,,,,,,,,,none,,,,,0.0,0.0,0.0,0.0,0.0,0.0,0.75,11.25
rs1167735178,Ensembl VEP (dbSNP),rs1167735178,rs1167735178,,X,47219525.0,GGGGGG,GGGGG,rs1167735178,,,ENST00000335972,NP_006192.1,,,,,other,downstream_gene_variant,,,,,,,,,,,none,,,,,0.0,0.0,0.0,0.0,0.0,0.0,0.5,7.5
rs1167426004,Ensembl VEP (dbSNP),rs1167426004,rs1167426004,,X,47225270.0,G,A,rs1167426004,ENST00000357227.9:c.634+168G>A,,ENST00000357227,NP_006192.1,,,,,other,intron_variant,,,,,,,,,,,none,,,,,0.0,0.0,0.0,0.0,0.0,0.0,0.75,11.25
rs1167370838,Ensembl VEP (dbSNP),rs1167370838,rs1167370838,,X,47227055.0,C,T,rs1167370838,ENST00000357227.9:c.1197C>T,ENSP00000349762.4:p.Asn399=,ENST00000357227,NP_006192.1,399.0,,,,synonymous,synonymous_variant,,,,,,,,,,Protein kinase,none,1.0,2.0,,,0.0,0.0,1.0,0.25,0.6,0.0,1.0,39.75
rs1166907441,Ensembl VEP (dbSNP),rs1166907441,rs1166907441,,X,47216390.0,C,G,rs1166907441,,,ENST00000335972,NP_006192.1,,,,,other,downstream_gene_variant,,,,,,,,,,,none,,,,,0.0,0.0,0.0,0.0,0.0,0.0,0.5,7.5
rs1166616519,Ensembl VEP (dbSNP),rs1166616519,rs1166616519,,X,47227386.0,G,A,rs1166616519,ENST00000357227.9:c.1292G>A,ENSP00000349762.4:p.Gly431Asp,ENST00000357227,NP_006192.1,431.0,G,D,G431D,missense,missense_variant,,,,,,0.02,deleterious_low_confidence,0.028,benign,Protein kinase,none,1.0,2.0,0.9275,PATHOGENIC,0.0,0.9275,1.0,0.25,0.6,0.0,1.0,53.66
rs1166569435,Ensembl VEP (dbSNP),rs1166569435,rs1166569435,,X,47218547.0,A,G,rs1166569435,,,ENST00000335972,NP_006192.1,,,,,other,downstream_gene_variant,,,,,,,,,,,none,,,,,0.0,0.0,0.0,0.0,0.0,0.0,0.5,7.5
rs1166528226,Ensembl VEP (dbSNP),rs1166528226,rs1166528226,,X,47217118.0,G,T,rs1166528226,,,ENST00000335972,NP_006192.1,,,,,other,downstream_gene_variant,,,,,,,,,,,none,,,,,0.0,0.0,0.0,0.0,0.0,0.0,0.5,7.5
rs1166454440,Ensembl VEP (dbSNP),rs1166454440,rs1166454440,,X,47217434.0,G,T,rs1166454440,,,ENST00000335972,NP_006192.1,,,,,other,downstream_gene_variant,,,,,,,,,,,none,,,,,0.0,0.0,0.0,0.0,0.0,0.0,0.5,7.5
rs1166179078,Ensembl VEP (dbSNP),rs1166179078,rs1166179078,,X,47222667.0,GGGGGGGGG,GGGGGGGG,rs1166179078,ENST00000357227.9:c.-6-877del,,ENST00000357227,NP_006192.1,,,,,other,intron_variant,,,,,,,,,,,none,,,,,0.0,0.0,0.0,0.0,0.0,0.0,0.75,11.25
rs1165961900,Ensembl VEP (dbSNP),rs1165961900,rs1165961900,,X,47225113.0,C,T,rs1165961900,ENST00000357227.9:c.634+11C>T,,ENST00000357227,NP_006192.1,,,,,other,intron_variant,,,,,,,,,,,none,,,,,0.0,0.0,0.0,0.0,0.0,0.0,0.75,11.25
rs1165941295,Ensembl VEP (dbSNP),rs1165941295,rs1165941295,,X,47216777.0,T,G,rs1165941295,,,ENST00000335972,NP_006192.1,,,,,other,downstream_gene_variant,,,,,,,,,,,none,,,,,0.0,0.0,0.0,0.0,0.0,0.0,0.5,7.5
rs1165375931,Ensembl VEP (dbSNP),rs1165375931,rs1165375931,,X,47224976.0,C,-,rs1165375931,ENST00000357227.9:c.520-12del,,ENST00000357227,NP_006192.1,,,,,splice,splice_polypyrimidine_tract_variant;intron_variant,,,,,,,,,,,none,,,,,0.0,0.0,0.0,0.0,0.0,0.0,0.75,11.25
rs1165193326,Ensembl VEP (dbSNP),rs1165193326,rs1165193326,,X,47225573.0,T,C,rs1165193326,ENST00000357227.9:c.635-199T>C,,ENST00000357227,NP_006192.1,,,,,other,intron_variant,,,,,,,,,,,none,,,,,0.0,0.0,0.0,0.0,0.0,0.0,0.75,11.25
rs1165078590,Ensembl VEP (dbSNP),rs1165078590,rs1165078590,,X,47222567.0,C,T,rs1165078590,ENST00000357227.9:c.-6-985C>T,,ENST00000357227,NP_006192.1,,,,,other,intron_variant,,,,,,,,,,,none,,,,,0.0,0.0,0.0,0.0,0.0,0.0,0.75,11.25
rs1164574777,Ensembl VEP (dbSNP),rs1164574777,rs1164574777,,X,47218769.0,C,A,rs1164574777,,,ENST00000335972,NP_006192.1,,,,,other,downstream_gene_variant,,,,,,,,,,,none,,,,,0.0,0.0,0.0,0.0,0.0,0.0,0.5,7.5
rs1164519690,Ensembl VEP (dbSNP),rs1164519690,rs1164519690,,X,47218779.0,C,T,rs1164519690,,,ENST00000335972,NP_006192.1,,,,,other,downstream_gene_variant,,,,,,,,,,,none,,,,,0.0,0.0,0.0,0.0,0.0,0.0,0.5,7.5
rs1164370513,Ensembl VEP (dbSNP),rs1164370513,rs1164370513,,X,47228901.0,C,-,rs1164370513,ENST00000357227.9:c.*133del,,ENST00000357227,NP_006192.1,,,,,other,3_prime_UTR_variant,,,,,,,,,,,none,,,,,0.0,0.0,0.0,0.0,0.0,0.0,0.75,11.25
rs1164063142,Ensembl VEP (dbSNP),rs1164063142,rs1164063142,,X,47220621.0,G,A,rs1164063142,ENST00000357227.9:c.-7+1516G>A,,ENST00000357227,NP_006192.1,,,,,other,intron_variant,,,,,,,,,,,none,,,,,0.0,0.0,0.0,0.0,0.0,0.0,0.75,11.25
rs1163707055,Ensembl VEP (dbSNP),rs1163707055,rs1163707055,,X,47222312.0,C,T,rs1163707055,ENST00000357227.9:c.-6-1240C>T,,ENST00000357227,NP_006192.1,,,,,other,intron_variant,,,,,,,,,,,none,,,,,0.0,0.0,0.0,0.0,0.0,0.0,0.75,11.25
rs1163615546,Ensembl VEP (dbSNP),rs1163615546,rs1163615546,,X,47219266.0,T,C,rs1163615546,,,ENST00000335972,NP_006192.1,,,,,other,downstream_gene_variant,,,,,,,,,,,none,,,,,0.0,0.0,0.0,0.0,0.0,0.0,0.5,7.5
rs1163441876,Ensembl VEP (dbSNP),rs1163441876,rs1163441876,,X,47219974.0,C,T,rs1163441876,,,ENST00000335972,NP_006192.1,,,,,other,downstream_gene_variant,,,,,,,,,,,none,,,,,0.0,0.0,0.0,0.0,0.0,0.0,0.5,7.5
rs1163386726,Ensembl VEP (dbSNP),rs1163386726,rs1163386726,,X,47226884.0,G,A,rs1163386726,ENST00000357227.9:c.1110G>A,ENSP00000349762.4:p.Gln370=,ENST00000357227,NP_006192.1,370.0,,,,synonymous,synonymous_variant,,,,,,,,,,Protein kinase,none,1.0,2.0,,,0.0,0.0,1.0,0.25,0.6,0.0,1.0,39.75
rs1162924607,Ensembl VEP (dbSNP),rs1162924607,rs1162924607,,X,47226744.0,G,A,rs1162924607,ENST00000357227.9:c.1037+41G>A,,ENST00000357227,NP_006192.1,,,,,other,intron_variant,,,,,,,,,,,none,,,,,0.0,0.0,0.0,0.0,0.0,0.0,0.75,11.25
rs1161992179,Ensembl VEP (dbSNP),rs1161992179,rs1161992179,,X,47222694.0,A,-,rs1161992179,ENST00000357227.9:c.-6-858del,,ENST00000357227,NP_006192.1,,,,,other,intron_variant,,,,,,,,,,,none,,,,,0.0,0.0,0.0,0.0,0.0,0.0,0.75,11.25
rs1161689445,Ensembl VEP (dbSNP),rs1161689445,rs1161689445,,X,47221134.0,C,G,rs1161689445,ENST00000357227.9:c.-7+2029C>G,,ENST00000357227,NP_006192.1,,,,,other,intron_variant,,,,,,,,,,,none,,,,,0.0,0.0,0.0,0.0,0.0,0.0,0.75,11.25
rs1161649220,Ensembl VEP (dbSNP),rs1161649220,rs1161649220,,X,47223170.0,G,A,rs1161649220,ENST00000357227.9:c.-6-382G>A,,ENST00000357227,NP_006192.1,,,,,other,intron_variant,,,,,,,,,,,none,,,,,0.0,0.0,0.0,0.0,0.0,0.0,0.75,11.25
rs1161536847,Ensembl VEP (dbSNP),rs1161536847,rs1161536847,,X,47227290.0,C,A,rs1161536847,ENST00000357227.9:c.1284+67C>A,,ENST00000357227,NP_006192.1,,,,,other,intron_variant,,,,,,,,,,,none,,,,,0.0,0.0,0.0,0.0,0.0,0.0,0.75,11.25
rs1161279294,Ensembl VEP (dbSNP),rs1161279294,rs1161279294,,X,47230078.0,C,T,rs1161279294,,,ENST00000357227,NP_006192.1,,,,,other,downstream_gene_variant,,,,,,,,,,,none,,,,,0.0,0.0,0.0,0.0,0.0,0.0,0.5,7.5
rs1161056664,Ensembl VEP (dbSNP),rs1161056664,rs1161056664,,X,47217688.0,-,A,rs1161056664,,,ENST00000335972,NP_006192.1,,,,,other,downstream_gene_variant,,,,,,,,,,,none,,,,,0.0,0.0,0.0,0.0,0.0,0.0,0.5,7.5
rs1161041982,Ensembl VEP (dbSNP),rs1161041982,rs1161041982,,X,47229644.0,C,T,rs1161041982,ENST00000357227.9:c.*876C>T,,ENST00000357227,NP_006192.1,,,,,other,3_prime_UTR_variant,,,,,,,,,,,none,,,,,0.0,0.0,0.0,0.0,0.0,0.0,0.75,11.25
rs1160493165,Ensembl VEP (dbSNP),rs1160493165,rs1160493165,,X,47228201.0,T,G,rs1160493165,ENST00000357227.9:c.1376-366T>G,,ENST00000357227,NP_006192.1,,,,,other,intron_variant,,,,,,,,,,,none,,,,,0.0,0.0,0.0,0.0,0.0,0.0,0.75,11.25
rs1160057744,Ensembl VEP (dbSNP),rs1160057744,rs1160057744,,X,47227620.0,A,G,rs1160057744,ENST00000357227.9:c.1375+151A>G,,ENST00000357227,NP_006192.1,,,,,other,intron_variant,,,,,,,,,,,none,,,,,0.0,0.0,0.0,0.0,0.0,0.0,0.75,11.25
rs1159861655,Ensembl VEP (dbSNP),rs1159861655,rs1159861655,,X,47223366.0,A,C,rs1159861655,ENST00000357227.9:c.-6-186A>C,,ENST00000357227,NP_006192.1,,,,,other,intron_variant,,,,,,,,,,,none,,,,,0.0,0.0,0.0,0.0,0.0,0.0,0.75,11.25
rs1159244417,Ensembl VEP (dbSNP),rs1159244417,rs1159244417,,X,47217296.0,G,A,rs1159244417,,,ENST00000335972,NP_006192.1,,,,,other,downstream_gene_variant,,,,,,,,,,,none,,,,,0.0,0.0,0.0,0.0,0.0,0.0,0.5,7.5
rs1159241812,Ensembl VEP (dbSNP),rs1159241812,rs1159241812,,X,47218702.0,CTGCGTGCGCATGCGCGGAGCGC,-,rs1159241812,,,ENST00000335972,NP_006192.1,,,,,other,downstream_gene_variant,,,,,,,,,,,none,,,,,0.0,0.0,0.0,0.0,0.0,0.0,0.5,7.5
rs1158533242,Ensembl VEP (dbSNP),rs1158533242,rs1158533242,,X,47220469.0,G,A,rs1158533242,ENST00000357227.9:c.-7+1364G>A,,ENST00000357227,NP_006192.1,,,,,other,intron_variant,,,,,,,,,,,none,,,,,0.0,0.0,0.0,0.0,0.0,0.0,0.75,11.25
rs1158507814,Ensembl VEP (dbSNP),rs1158507814,rs1158507814,,X,47218130.0,T,A,rs1158507814,,,ENST00000335972,NP_006192.1,,,,,other,downstream_gene_variant,,,,,,,,,,,none,,,,,0.0,0.0,0.0,0.0,0.0,0.0,0.5,7.5
rs1158182719,Ensembl VEP (dbSNP),rs1158182719,rs1158182719,,X,47219141.0,C,T,rs1158182719,,,ENST00000335972,NP_006192.1,,,,,other,downstream_gene_variant,,,,,,,,,,,none,,,,,0.0,0.0,0.0,0.0,0.0,0.0,0.5,7.5
rs1158111041,Ensembl VEP (dbSNP),rs1158111041,rs1158111041,,X,47216674.0,T,G,rs1158111041,,,ENST00000335972,NP_006192.1,,,,,other,downstream_gene_variant,,,,,,,,,,,none,,,,,0.0,0.0,0.0,0.0,0.0,0.0,0.5,7.5
rs1157720364,Ensembl VEP (dbSNP),rs1157720364,rs1157720364,,X,47223193.0,T,C,rs1157720364,ENST00000357227.9:c.-6-359T>C,,ENST00000357227,NP_006192.1,,,,,other,intron_variant,,,,,,,,,,,none,,,,,0.0,0.0,0.0,0.0,0.0,0.0,0.75,11.25
rs1157715359,Ensembl VEP (dbSNP),rs1157715359,rs1157715359,,X,47224759.0,T,A,rs1157715359,ENST00000357227.9:c.462+16T>A,,ENST00000357227,NP_006192.1,,,,,other,intron_variant,,,,,,,,,,,none,,,,,0.0,0.0,0.0,0.0,0.0,0.0,0.75,11.25
rs1157615319,Ensembl VEP (dbSNP),rs1157615319,rs1157615319,,X,47226529.0,C,T,rs1157615319,ENST00000357227.9:c.917-54C>T,,ENST00000357227,NP_006192.1,,,,,other,intron_variant,,,,,,,,,,,none,,,,,0.0,0.0,0.0,0.0,0.0,0.0,0.75,11.25
rs1157366796,Ensembl VEP (dbSNP),rs1157366796,rs1157366796,,X,47219860.0,A,G,rs1157366796,,,ENST00000335972,NP_006192.1,,,,,other,downstream_gene_variant,,,,,,,,,,,none,,,,,0.0,0.0,0.0,0.0,0.0,0.0,0.5,7.5
rs1157281409,Ensembl VEP (dbSNP),rs1157281409,rs1157281409,,X,47223969.0,C,T,rs1157281409,ENST00000357227.9:c.202+210C>T,,ENST00000357227,NP_006192.1,,,,,other,intron_variant,,,,,,,,,,,none,,,,,0.0,0.0,0.0,0.0,0.0,0.0,0.75,11.25
rs1156963627,Ensembl VEP (dbSNP),rs1156963627,rs1156963627,,X,47222888.0,CCCCCCC,CCCCCC,rs1156963627,ENST00000357227.9:c.-6-658del,,ENST00000357227,NP_006192.1,,,,,other,intron_variant,,,,,,,,,,,none,,,,,0.0,0.0,0.0,0.0,0.0,0.0,0.75,11.25
rs1156918848,Ensembl VEP (dbSNP),rs1156918848,rs1156918848,,X,47227301.0,G,A,rs1156918848,ENST00000357227.9:c.1284+78G>A,,ENST00000357227,NP_006192.1,,,,,other,intron_variant,,,,,,,,,,,none,,,,,0.0,0.0,0.0,0.0,0.0,0.0,0.75,11.25
rs1156865644,Ensembl VEP (dbSNP),rs1156865644,rs1156865644,,X,47227403.0,G,A,rs1156865644,ENST00000357227.9:c.1309G>A,ENSP00000349762.4:p.Ala437Thr,ENST00000357227,NP_006192.1,437.0,A,T,A437T,missense,missense_variant,,,,,,0.0,deleterious_low_confidence,0.974,probably_damaging,Protein kinase,none,1.0,2.0,0.7597,PATHOGENIC,0.0,0.7597,1.0,0.25,0.6,0.0,1.0,51.15
rs1156818581,Ensembl VEP (dbSNP),rs1156818581,rs1156818581,,X,47229040.0,C,T,rs1156818581,ENST00000357227.9:c.*272C>T,,ENST00000357227,NP_006192.1,,,,,other,3_prime_UTR_variant,,,,,,,,,,,none,,,,,0.0,0.0,0.0,0.0,0.0,0.0,0.75,11.25
rs1156687640,Ensembl VEP (dbSNP),rs1156687640,rs1156687640,,X,47225710.0,C,T,rs1156687640,ENST00000357227.9:c.635-62C>T,,ENST00000357227,NP_006192.1,,,,,other,intron_variant,,,,,,,,,,,none,,,,,0.0,0.0,0.0,0.0,0.0,0.0,0.75,11.25
rs1156665057,Ensembl VEP (dbSNP),rs1156665057,rs1156665057,,X,47224760.0,C,G,rs1156665057,ENST00000357227.9:c.462+17C>G,,ENST00000357227,NP_006192.1,,,,,other,intron_variant,,,,,,,,,,,none,,,,,0.0,0.0,0.0,0.0,0.0,0.0,0.75,11.25
rs1156570246,Ensembl VEP (dbSNP),rs1156570246,rs1156570246,,X,47229256.0,A,C,rs1156570246,ENST00000357227.9:c.*488A>C,,ENST00000357227,NP_006192.1,,,,,other,3_prime_UTR_variant,,,,,,,,,,,none,,,,,0.0,0.0,0.0,0.0,0.0,0.0,0.75,11.25
rs1156253419,Ensembl VEP (dbSNP),rs1156253419,rs1156253419,,X,47230229.0,G,A,rs1156253419,,,ENST00000357227,NP_006192.1,,,,,other,downstream_gene_variant,,,,,,,,,,,none,,,,,0.0,0.0,0.0,0.0,0.0,0.0,0.5,7.5
rs1064795893,Ensembl VEP (dbSNP),rs1064795893,rs1064795893,,X,47226693.0,A,T,rs1064795893,ENST00000357227.9:c.1027A>T,ENSP00000349762.4:p.Ile343Phe,ENST00000357227,NP_006192.1,343.0,I,F,I343F,missense,missense_variant,,,,,,0.0,deleterious_low_confidence,0.977,probably_damaging,Protein kinase,modified_residue,1.0,2.0,0.9942,PATHOGENIC,0.0,0.9942,1.0,0.5,0.6,0.0,1.0,58.41
rs1056897458,Ensembl VEP (dbSNP),rs1056897458,rs1056897458,,X,47217960.0,A,G,rs1056897458,,,ENST00000335972,NP_006192.1,,,,,other,downstream_gene_variant,,,,,,,,,,,none,,,,,0.0,0.0,0.0,0.0,0.0,0.0,0.5,7.5
rs1056696015,Ensembl VEP (dbSNP),rs1056696015,rs1056696015,,X,47217512.0,A,C,rs1056696015,,,ENST00000335972,NP_006192.1,,,,,other,downstream_gene_variant,,,,,,,,,,,none,,,,,0.0,0.0,0.0,0.0,0.0,0.0,0.5,7.5
rs1056650684,Ensembl VEP (dbSNP),rs1056650684,rs1056650684,,X,47228407.0,C,T,rs1056650684,ENST00000357227.9:c.1376-160C>T,,ENST00000357227,NP_006192.1,,,,,other,intron_variant,,,,,,,,,,,none,,,,,0.0,0.0,0.0,0.0,0.0,0.0,0.75,11.25
rs1056596687,Ensembl VEP (dbSNP),rs1056596687,rs1056596687,,X,47227691.0,A,C,rs1056596687,ENST00000357227.9:c.1375+222A>C,,ENST00000357227,NP_006192.1,,,,,other,intron_variant,,,,,,,,,,,none,,,,,0.0,0.0,0.0,0.0,0.0,0.0,0.75,11.25
rs1056541674,Ensembl VEP (dbSNP),rs1056541674,rs1056541674,,X,47225625.0,T,C,rs1056541674,ENST00000357227.9:c.635-147T>C,,ENST00000357227,NP_006192.1,,,,,other,intron_variant,,,,,,,,,,,none,,,,,0.0,0.0,0.0,0.0,0.0,0.0,0.75,11.25
rs1055642424,Ensembl VEP (dbSNP),rs1055642424,rs1055642424,,X,47225899.0,G,A,rs1055642424,ENST00000357227.9:c.729+33G>A,,ENST00000357227,NP_006192.1,,,,,other,intron_variant,,,,,,,,,,,none,,,,,0.0,0.0,0.0,0.0,0.0,0.0,0.75,11.25
rs1055588681,Ensembl VEP (dbSNP),rs1055588681,rs1055588681,,X,47225358.0,T,C,rs1055588681,ENST00000357227.9:c.634+256T>C,,ENST00000357227,NP_006192.1,,,,,other,intron_variant,,,,,,,,,,,none,,,,,0.0,0.0,0.0,0.0,0.0,0.0,0.75,11.25
rs1054635661,Ensembl VEP (dbSNP),rs1054635661,rs1054635661,,X,47223341.0,G,T,rs1054635661,ENST00000357227.9:c.-6-211G>T,,ENST00000357227,NP_006192.1,,,,,other,intron_variant,,,,,,,,,,,none,,,,,0.0,0.0,0.0,0.0,0.0,0.0,0.75,11.25
rs1054618274,Ensembl VEP (dbSNP),rs1054618274,rs1054618274,,X,47230068.0,C,G,rs1054618274,,,ENST00000357227,NP_006192.1,,,,,other,downstream_gene_variant,,,,,,,,,,,none,,,,,0.0,0.0,0.0,0.0,0.0,0.0,0.5,7.5
rs1054585097,Ensembl VEP (dbSNP),rs1054585097,rs1054585097,,X,47222965.0,C,G,rs1054585097,ENST00000357227.9:c.-6-587C>G,,ENST00000357227,NP_006192.1,,,,,other,intron_variant,,,,,,,,,,,none,,,,,0.0,0.0,0.0,0.0,0.0,0.0,0.75,11.25
rs1054237106,Ensembl VEP (dbSNP),rs1054237106,rs1054237106,,X,47230395.0,G,T,rs1054237106,,,ENST00000357227,NP_006192.1,,,,,other,downstream_gene_variant,,,,,,,,,,,none,,,,,0.0,0.0,0.0,0.0,0.0,0.0,0.5,7.5
rs1053633999,Ensembl VEP (dbSNP),rs1053633999,rs1053633999,,X,47221114.0,T,C,rs1053633999,ENST00000357227.9:c.-7+2009T>C,,ENST00000357227,NP_006192.1,,,,,other,intron_variant,,,,,,,,,,,none,,,,,0.0,0.0,0.0,0.0,0.0,0.0,0.75,11.25
rs1053567412,Ensembl VEP (dbSNP),rs1053567412,rs1053567412,,X,47220821.0,A,C,rs1053567412,ENST00000357227.9:c.-7+1716A>C,,ENST00000357227,NP_006192.1,,,,,other,intron_variant,,,,,,,,,,,none,,,,,0.0,0.0,0.0,0.0,0.0,0.0,0.75,11.25
rs1052585236,Ensembl VEP (dbSNP),rs1052585236,rs1052585236,,X,47223266.0,G,A,rs1052585236,ENST00000357227.9:c.-6-286G>A,,ENST00000357227,NP_006192.1,,,,,other,intron_variant,,,,,,,,,,,none,,,,,0.0,0.0,0.0,0.0,0.0,0.0,0.75,11.25
rs1052548547,Ensembl VEP (dbSNP),rs1052548547,rs1052548547,,X,47218722.0,C,T,rs1052548547,,,ENST00000335972,NP_006192.1,,,,,other,downstream_gene_variant,,,,,,,,,,,none,,,,,0.0,0.0,0.0,0.0,0.0,0.0,0.5,7.5
rs1052415727,Ensembl VEP (dbSNP),rs1052415727,rs1052415727,,X,47227890.0,A,G,rs1052415727,ENST00000357227.9:c.1375+421A>G,,ENST00000357227,NP_006192.1,,,,,other,intron_variant,,,,,,,,,,,none,,,,,0.0,0.0,0.0,0.0,0.0,0.0,0.75,11.25
rs1051577264,Ensembl VEP (dbSNP),rs1051577264,rs1051577264,,X,47216635.0,C,T,rs1051577264,,,ENST00000335972,NP_006192.1,,,,,other,downstream_gene_variant,,,,,,,,,,,none,,,,,0.0,0.0,0.0,0.0,0.0,0.0,0.5,7.5
rs1051545707,Ensembl VEP (dbSNP),rs1051545707,rs1051545707,,X,47216878.0,G,C,rs1051545707,,,ENST00000335972,NP_006192.1,,,,,other,downstream_gene_variant,,,,,,,,,,,none,,,,,0.0,0.0,0.0,0.0,0.0,0.0,0.5,7.5
rs1051473756,Ensembl VEP (dbSNP),rs1051473756,rs1051473756,,X,47229789.0,A,G,rs1051473756,ENST00000357227.9:c.*1021A>G,,ENST00000357227,NP_006192.1,,,,,other,3_prime_UTR_variant,,,,,,,,,,,none,,,,,0.0,0.0,0.0,0.0,0.0,0.0,0.75,11.25
rs1050835057,Ensembl VEP (dbSNP),rs1050835057,rs1050835057,,X,47223970.0,G,A,rs1050835057,ENST00000357227.9:c.202+211G>A,,ENST00000357227,NP_006192.1,,,,,other,intron_variant,,,,,,,,,,,none,,,,,0.0,0.0,0.0,0.0,0.0,0.0,0.75,11.25
rs1050817924,Ensembl VEP (dbSNP),rs1050817924,rs1050817924,,X,47223465.0,C,T,rs1050817924,ENST00000357227.9:c.-6-87C>T,,ENST00000357227,NP_006192.1,,,,,other,intron_variant,,,,,,,,,,,none,,,,,0.0,0.0,0.0,0.0,0.0,0.0,0.75,11.25
rs1049844995,Ensembl VEP (dbSNP),rs1049844995,rs1049844995,,X,47221749.0,C,T,rs1049844995,ENST00000357227.9:c.-6-1803C>T,,ENST00000357227,NP_006192.1,,,,,other,intron_variant,,,,,,,,,,,none,,,,,0.0,0.0,0.0,0.0,0.0,0.0,0.75,11.25
rs1049814294,Ensembl VEP (dbSNP),rs1049814294,rs1049814294,,X,47220915.0,A,T,rs1049814294,ENST00000357227.9:c.-7+1810A>T,,ENST00000357227,NP_006192.1,,,,,other,intron_variant,,,,,,,,,,,none,,,,,0.0,0.0,0.0,0.0,0.0,0.0,0.75,11.25
rs1049788914,Ensembl VEP (dbSNP),rs1049788914,rs1049788914,,X,47221184.0,T,A,rs1049788914,ENST00000357227.9:c.-7+2079T>A,,ENST00000357227,NP_006192.1,,,,,other,intron_variant,,,,,,,,,,,none,,,,,0.0,0.0,0.0,0.0,0.0,0.0,0.75,11.25
rs1049461400,Ensembl VEP (dbSNP),rs1049461400,rs1049461400,,X,47229534.0,G,A,rs1049461400,ENST00000357227.9:c.*766G>A,,ENST00000357227,NP_006192.1,,,,,other,3_prime_UTR_variant,,,,,,,,,,,none,,,,,0.0,0.0,0.0,0.0,0.0,0.0,0.75,11.25
rs1048953660,Ensembl VEP (dbSNP),rs1048953660,rs1048953660,,X,47229840.0,T,C,rs1048953660,ENST00000357227.9:c.*1072T>C,,ENST00000357227,NP_006192.1,,,,,other,3_prime_UTR_variant,,,,,,,,,,,none,,,,,0.0,0.0,0.0,0.0,0.0,0.0,0.75,11.25
rs1048642715,Ensembl VEP (dbSNP),rs1048642715,rs1048642715,,X,47222402.0,G,A,rs1048642715,ENST00000357227.9:c.-6-1150G>A,,ENST00000357227,NP_006192.1,,,,,other,intron_variant,,,,,,,,,,,none,,,,,0.0,0.0,0.0,0.0,0.0,0.0,0.75,11.25
rs1048422711,Ensembl VEP (dbSNP),rs1048422711,rs1048422711,,X,47227594.0,G,A,rs1048422711,ENST00000357227.9:c.1375+125G>A,,ENST00000357227,NP_006192.1,,,,,other,intron_variant,,,,,,,,,,,none,,,,,0.0,0.0,0.0,0.0,0.0,0.0,0.75,11.25
rs1047809273,Ensembl VEP (dbSNP),rs1047809273,rs1047809273,,X,47217864.0,A,T,rs1047809273,,,ENST00000335972,NP_006192.1,,,,,other,downstream_gene_variant,,,,,,,,,,,none,,,,,0.0,0.0,0.0,0.0,0.0,0.0,0.5,7.5
rs1047758234,Ensembl VEP (dbSNP),rs1047758234,rs1047758234,,X,47217488.0,C,T,rs1047758234,,,ENST00000335972,NP_006192.1,,,,,other,downstream_gene_variant,,,,,,,,,,,none,,,,,0.0,0.0,0.0,0.0,0.0,0.0,0.5,7.5
rs1047618655,Ensembl VEP (dbSNP),rs1047618655,rs1047618655,,X,47225451.0,T,C,rs1047618655,ENST00000357227.9:c.635-321T>C,,ENST00000357227,NP_006192.1,,,,,other,intron_variant,,,,,,,,,,,none,,,,,0.0,0.0,0.0,0.0,0.0,0.0,0.75,11.25
rs1046953774,Ensembl VEP (dbSNP),rs1046953774,rs1046953774,,X,47225343.0,C,A,rs1046953774,ENST00000357227.9:c.634+241C>A,,ENST00000357227,NP_006192.1,,,,,other,intron_variant,,,,,,,,,,,none,,,,,0.0,0.0,0.0,0.0,0.0,0.0,0.75,11.25
rs1045388524,Ensembl VEP (dbSNP),rs1045388524,rs1045388524,,X,47219975.0,A,G,rs1045388524,,,ENST00000335972,NP_006192.1,,,,,other,downstream_gene_variant,,,,,,,,,,,none,,,,,0.0,0.0,0.0,0.0,0.0,0.0,0.5,7.5
rs1045349510,Ensembl VEP (dbSNP),rs1045349510,rs1045349510,,X,47223152.0,A,G,rs1045349510,ENST00000357227.9:c.-6-400A>G,,ENST00000357227,NP_006192.1,,,,,other,intron_variant,,,,,,,,,,,none,,,,,0.0,0.0,0.0,0.0,0.0,0.0,0.75,11.25
rs1045140394,Ensembl VEP (dbSNP),rs1045140394,rs1045140394,,X,47230073.0,C,T,rs1045140394,,,ENST00000357227,NP_006192.1,,,,,other,downstream_gene_variant,,,,,,,,,,,none,,,,,0.0,0.0,0.0,0.0,0.0,0.0,0.5,7.5
rs1045113104,Ensembl VEP (dbSNP),rs1045113104,rs1045113104,,X,47230295.0,C,T,rs1045113104,,,ENST00000357227,NP_006192.1,,,,,other,downstream_gene_variant,,,,,,,,,,,none,,,,,0.0,0.0,0.0,0.0,0.0,0.0,0.5,7.5
rs1044775362,Ensembl VEP (dbSNP),rs1044775362,rs1044775362,,X,47222446.0,C,T,rs1044775362,ENST00000357227.9:c.-6-1106C>T,,ENST00000357227,NP_006192.1,,,,,other,intron_variant,,,,,,,,,,,none,,,,,0.0,0.0,0.0,0.0,0.0,0.0,0.75,11.25
rs1044341634,Ensembl VEP (dbSNP),rs1044341634,rs1044341634,,X,47218336.0,T,C,rs1044341634,,,ENST00000335972,NP_006192.1,,,,,other,downstream_gene_variant,,,,,,,,,,,none,,,,,0.0,0.0,0.0,0.0,0.0,0.0,0.5,7.5
rs1044135445,Ensembl VEP (dbSNP),rs1044135445,rs1044135445,,X,47227849.0,C,T,rs1044135445,ENST00000357227.9:c.1375+380C>T,,ENST00000357227,NP_006192.1,,,,,other,intron_variant,,,,,,,,,,,none,,,,,0.0,0.0,0.0,0.0,0.0,0.0,0.75,11.25
rs1044104247,Ensembl VEP (dbSNP),rs1044104247,rs1044104247,,X,47228476.0,C,A,rs1044104247,ENST00000357227.9:c.1376-91C>A,,ENST00000357227,NP_006192.1,,,,,other,intron_variant,,,,,,,,,,,none,,,,,0.0,0.0,0.0,0.0,0.0,0.0,0.75,11.25
rs1043987889,Ensembl VEP (dbSNP),rs1043987889,rs1043987889,,X,47218021.0,A,G,rs1043987889,,,ENST00000335972,NP_006192.1,,,,,other,downstream_gene_variant,,,,,,,,,,,none,,,,,0.0,0.0,0.0,0.0,0.0,0.0,0.5,7.5
rs1043933081,Ensembl VEP (dbSNP),rs1043933081,rs1043933081,,X,47228822.0,C,T,rs1043933081,ENST00000357227.9:c.*54C>T,,ENST00000357227,NP_006192.1,,,,,other,3_prime_UTR_variant,,,,,,,,,,,none,,,,,0.0,0.0,0.0,0.0,0.0,0.0,0.75,11.25
rs1043430149,Ensembl VEP (dbSNP),rs1043430149,rs1043430149,,X,47224102.0,C,T,rs1043430149,ENST00000357227.9:c.203-283C>T,,ENST00000357227,NP_006192.1,,,,,other,intron_variant,,,,,,,,,,,none,,,,,0.0,0.0,0.0,0.0,0.0,0.0,0.75,11.25
rs1043316343,Ensembl VEP (dbSNP),rs1043316343,rs1043316343,,X,47226458.0,C,T,rs1043316343,ENST00000357227.9:c.916+56C>T,,ENST00000357227,NP_006192.1,,,,,other,intron_variant,,,,,,,,,,,none,,,,,0.0,0.0,0.0,0.0,0.0,0.0,0.75,11.25
rs1042926115,Ensembl VEP (dbSNP),rs1042926115,rs1042926115,,X,47216495.0,C,T,rs1042926115,,,ENST00000335972,NP_006192.1,,,,,other,downstream_gene_variant,,,,,,,,,,,none,,,,,0.0,0.0,0.0,0.0,0.0,0.0,0.5,7.5
rs1042509093,Ensembl VEP (dbSNP),rs1042509093,rs1042509093,,X,47223378.0,C,T,rs1042509093,ENST00000357227.9:c.-6-174C>T,,ENST00000357227,NP_006192.1,,,,,other,intron_variant,,,,,,,,,,,none,,,,,0.0,0.0,0.0,0.0,0.0,0.0,0.75,11.25
rs1042455282,Ensembl VEP (dbSNP),rs1042455282,rs1042455282,,X,47226267.0,C,T,rs1042455282,ENST00000357227.9:c.793-12C>T,,ENST00000357227,NP_006192.1,,,,,splice,splice_polypyrimidine_tract_variant;intron_variant,,,,,,,,,,,none,,,,,0.0,0.0,0.0,0.0,0.0,0.0,0.75,11.25
rs1041650682,Ensembl VEP (dbSNP),rs1041650682,rs1041650682,,X,47221654.0,G,A,rs1041650682,ENST00000357227.9:c.-6-1898G>A,,ENST00000357227,NP_006192.1,,,,,other,intron_variant,,,,,,,,,,,none,,,,,0.0,0.0,0.0,0.0,0.0,0.0,0.75,11.25
rs1041417588,Ensembl VEP (dbSNP),rs1041417588,rs1041417588,,X,47229675.0,G,A,rs1041417588,ENST00000357227.9:c.*907G>A,,ENST00000357227,NP_006192.1,,,,,other,3_prime_UTR_variant,,,,,,,,,,,none,,,,,0.0,0.0,0.0,0.0,0.0,0.0,0.75,11.25
rs1041303638,Ensembl VEP (dbSNP),rs1041303638,rs1041303638,,X,47221601.0,C,T,rs1041303638,ENST00000357227.9:c.-6-1951C>T,,ENST00000357227,NP_006192.1,,,,,other,intron_variant,,,,,,,,,,,none,,,,,0.0,0.0,0.0,0.0,0.0,0.0,0.75,11.25
rs1040498558,Ensembl VEP (dbSNP),rs1040498558,rs1040498558,,X,47218759.0,C,T,rs1040498558,,,ENST00000335972,NP_006192.1,,,,,other,downstream_gene_variant,,,,,,,,,,,none,,,,,0.0,0.0,0.0,0.0,0.0,0.0,0.5,7.5
rs1040247815,Ensembl VEP (dbSNP),rs1040247815,rs1040247815,,X,47224230.0,G,C,rs1040247815,ENST00000357227.9:c.203-155G>C,,ENST00000357227,NP_006192.1,,,,,other,intron_variant,,,,,,,,,,,none,,,,,0.0,0.0,0.0,0.0,0.0,0.0,0.75,11.25
rs1039902395,Ensembl VEP (dbSNP),rs1039902395,rs1039902395,,X,47219452.0,G,A,rs1039902395,,,ENST00000335972,NP_006192.1,,,,,other,downstream_gene_variant,,,,,,,,,,,none,,,,,0.0,0.0,0.0,0.0,0.0,0.0,0.5,7.5
rs1039649076,Ensembl VEP (dbSNP),rs1039649076,rs1039649076,,X,47227113.0,G,T,rs1039649076,ENST00000357227.9:c.1241+14G>T,,ENST00000357227,NP_006192.1,,,,,other,intron_variant,,,,,,,,,,,none,,,,,0.0,0.0,0.0,0.0,0.0,0.0,0.75,11.25
rs1039300676,Ensembl VEP (dbSNP),rs1039300676,rs1039300676,,X,47217399.0,C,G,rs1039300676,,,ENST00000335972,NP_006192.1,,,,,other,downstream_gene_variant,,,,,,,,,,,none,,,,,0.0,0.0,0.0,0.0,0.0,0.0,0.5,7.5
rs1039126215,Ensembl VEP (dbSNP),rs1039126215,rs1039126215,,X,47227834.0,G,-,rs1039126215,ENST00000357227.9:c.1375+365del,,ENST00000357227,NP_006192.1,,,,,other,intron_variant,,,,,,,,,,,none,,,,,0.0,0.0,0.0,0.0,0.0,0.0,0.75,11.25
rs1039086304,Ensembl VEP (dbSNP),rs1039086304,rs1039086304,,X,47216952.0,G,A,rs1039086304,,,ENST00000335972,NP_006192.1,,,,,other,downstream_gene_variant,,,,,,,,,,,none,,,,,0.0,0.0,0.0,0.0,0.0,0.0,0.5,7.5
rs1038274102,Ensembl VEP (dbSNP),rs1038274102,rs1038274102,,X,47224113.0,A,G,rs1038274102,ENST00000357227.9:c.203-272A>G,,ENST00000357227,NP_006192.1,,,,,other,intron_variant,,,,,,,,,,,none,,,,,0.0,0.0,0.0,0.0,0.0,0.0,0.75,11.25
rs1037962263,Ensembl VEP (dbSNP),rs1037962263,rs1037962263,,X,47228553.0,T,C,rs1037962263,ENST00000357227.9:c.1376-14T>C,,ENST00000357227,NP_006192.1,,,,,splice,splice_polypyrimidine_tract_variant;intron_variant,,,,,,,,,,,none,,,,,0.0,0.0,0.0,0.0,0.0,0.0,0.75,11.25
rs1037408748,Ensembl VEP (dbSNP),rs1037408748,rs1037408748,,X,47227977.0,T,G,rs1037408748,ENST00000357227.9:c.1375+508T>G,,ENST00000357227,NP_006192.1,,,,,other,intron_variant,,,,,,,,,,,none,,,,,0.0,0.0,0.0,0.0,0.0,0.0,0.75,11.25
rs1037264487,Ensembl VEP (dbSNP),rs1037264487,rs1037264487,,X,47221901.0,C,G,rs1037264487,ENST00000357227.9:c.-6-1651C>G,,ENST00000357227,NP_006192.1,,,,,other,intron_variant,,,,,,,,,,,none,,,,,0.0,0.0,0.0,0.0,0.0,0.0,0.75,11.25
rs1037063891,Ensembl VEP (dbSNP),rs1037063891,rs1037063891,,X,47222342.0,G,A,rs1037063891,ENST00000357227.9:c.-6-1210G>A,,ENST00000357227,NP_006192.1,,,,,other,intron_variant,,,,,,,,,,,none,,,,,0.0,0.0,0.0,0.0,0.0,0.0,0.75,11.25
rs1036666732,Ensembl VEP (dbSNP),rs1036666732,rs1036666732,,X,47219548.0,T,A,rs1036666732,,,ENST00000335972,NP_006192.1,,,,,other,downstream_gene_variant,,,,,,,,,,,none,,,,,0.0,0.0,0.0,0.0,0.0,0.0,0.5,7.5
rs1036246892,Ensembl VEP (dbSNP),rs1036246892,rs1036246892,,X,47230238.0,T,G,rs1036246892,,,ENST00000357227,NP_006192.1,,,,,other,downstream_gene_variant,,,,,,,,,,,none,,,,,0.0,0.0,0.0,0.0,0.0,0.0,0.5,7.5
rs1036055086,Ensembl VEP (dbSNP),rs1036055086,rs1036055086,,X,47219958.0,C,G,rs1036055086,,,ENST00000335972,NP_006192.1,,,,,other,downstream_gene_variant,,,,,,,,,,,none,,,,,0.0,0.0,0.0,0.0,0.0,0.0,0.5,7.5
rs1035514959,Ensembl VEP (dbSNP),rs1035514959,rs1035514959,,X,47225276.0,A,G,rs1035514959,ENST00000357227.9:c.634+174A>G,,ENST00000357227,NP_006192.1,,,,,other,intron_variant,,,,,,,,,,,none,,,,,0.0,0.0,0.0,0.0,0.0,0.0,0.75,11.25
rs1035228923,Ensembl VEP (dbSNP),rs1035228923,rs1035228923,,X,47216739.0,T,G,rs1035228923,,,ENST00000335972,NP_006192.1,,,,,other,downstream_gene_variant,,,,,,,,,,,none,,,,,0.0,0.0,0.0,0.0,0.0,0.0,0.5,7.5
rs1034412377,Ensembl VEP (dbSNP),rs1034412377,rs1034412377,,X,47224205.0,C,A,rs1034412377,ENST00000357227.9:c.203-180C>A,,ENST00000357227,NP_006192.1,,,,,other,intron_variant,,,,,,,,,,,none,,,,,0.0,0.0,0.0,0.0,0.0,0.0,0.75,11.25
rs1034121865,Ensembl VEP (dbSNP),rs1034121865,rs1034121865,,X,47228054.0,AT,-,rs1034121865,ENST00000357227.9:c.1376-513_1376-512del,,ENST00000357227,NP_006192.1,,,,,other,intron_variant,,,,,,,,,,,none,,,,,0.0,0.0,0.0,0.0,0.0,0.0,0.75,11.25
rs1033370348,Ensembl VEP (dbSNP),rs1033370348,rs1033370348,,X,47222496.0,A,T,rs1033370348,ENST00000357227.9:c.-6-1056A>T,,ENST00000357227,NP_006192.1,,,,,other,intron_variant,,,,,,,,,,,none,,,,,0.0,0.0,0.0,0.0,0.0,0.0,0.75,11.25
rs1033028941,Ensembl VEP (dbSNP),rs1033028941,rs1033028941,,X,47229668.0,G,A,rs1033028941,ENST00000357227.9:c.*900G>A,,ENST00000357227,NP_006192.1,,,,,other,3_prime_UTR_variant,,,,,,,,,,,none,,,,,0.0,0.0,0.0,0.0,0.0,0.0,0.75,11.25
rs1032875211,Ensembl VEP (dbSNP),rs1032875211,rs1032875211,,X,47229266.0,T,G,rs1032875211,ENST00000357227.9:c.*498T>G,,ENST00000357227,NP_006192.1,,,,,other,3_prime_UTR_variant,,,,,,,,,,,none,,,,,0.0,0.0,0.0,0.0,0.0,0.0,0.75,11.25
rs1032582330,Ensembl VEP (dbSNP),rs1032582330,rs1032582330,,X,47230111.0,A,C,rs1032582330,,,ENST00000357227,NP_006192.1,,,,,other,downstream_gene_variant,,,,,,,,,,,none,,,,,0.0,0.0,0.0,0.0,0.0,0.0,0.5,7.5
rs1032396577,Ensembl VEP (dbSNP),rs1032396577,rs1032396577,,X,47219676.0,A,C,rs1032396577,,,ENST00000335972,NP_006192.1,,,,,other,downstream_gene_variant,,,,,,,,,,,none,,,,,0.0,0.0,0.0,0.0,0.0,0.0,0.5,7.5
rs1032365330,Ensembl VEP (dbSNP),rs1032365330,rs1032365330,,X,47220045.0,G,T,rs1032365330,,,ENST00000335972,NP_006192.1,,,,,other,downstream_gene_variant,,,,,,,,,,,none,,,,,0.0,0.0,0.0,0.0,0.0,0.0,0.5,7.5
rs1031393571,Ensembl VEP (dbSNP),rs1031393571,rs1031393571,,X,47217747.0,G,A,rs1031393571,,,ENST00000335972,NP_006192.1,,,,,other,downstream_gene_variant,,,,,,,,,,,none,,,,,0.0,0.0,0.0,0.0,0.0,0.0,0.5,7.5
rs1031356322,Ensembl VEP (dbSNP),rs1031356322,rs1031356322,,X,47218064.0,A,C,rs1031356322,,,ENST00000335972,NP_006192.1,,,,,other,downstream_gene_variant,,,,,,,,,,,none,,,,,0.0,0.0,0.0,0.0,0.0,0.0,0.5,7.5
rs1031259776,Ensembl VEP (dbSNP),rs1031259776,rs1031259776,,X,47230410.0,T,C,rs1031259776,,,ENST00000357227,NP_006192.1,,,,,other,downstream_gene_variant,,,,,,,,,,,none,,,,,0.0,0.0,0.0,0.0,0.0,0.0,0.5,7.5
rs1030569275,Ensembl VEP (dbSNP),rs1030569275,rs1030569275,,X,47225466.0,A,G,rs1030569275,ENST00000357227.9:c.635-306A>G,,ENST00000357227,NP_006192.1,,,,,other,intron_variant,,,,,,,,,,,none,,,,,0.0,0.0,0.0,0.0,0.0,0.0,0.75,11.25
rs1030444504,Ensembl VEP (dbSNP),rs1030444504,rs1030444504,,X,47226525.0,C,A,rs1030444504,ENST00000357227.9:c.917-58C>A,,ENST00000357227,NP_006192.1,,,,,other,intron_variant,,,,,,,,,,,none,,,,,0.0,0.0,0.0,0.0,0.0,0.0,0.75,11.25
rs1029007926,Ensembl VEP (dbSNP),rs1029007926,rs1029007926,,X,47220164.0,T,C,rs1029007926,ENST00000357227.9:c.-7+1059T>C,,ENST00000357227,NP_006192.1,,,,,other,intron_variant,,,,,,,,,,,none,,,,,0.0,0.0,0.0,0.0,0.0,0.0,0.75,11.25
rs1028736808,Ensembl VEP (dbSNP),rs1028736808,rs1028736808,,X,47230471.0,A,G,rs1028736808,,,ENST00000357227,NP_006192.1,,,,,other,downstream_gene_variant,,,,,,,,,,,none,,,,,0.0,0.0,0.0,0.0,0.0,0.0,0.5,7.5
rs1027579959,Ensembl VEP (dbSNP),rs1027579959,rs1027579959,,X,47218249.0,C,T,rs1027579959,,,ENST00000335972,NP_006192.1,,,,,other,downstream_gene_variant,,,,,,,,,,,none,,,,,0.0,0.0,0.0,0.0,0.0,0.0,0.5,7.5
rs1027449549,Ensembl VEP (dbSNP),rs1027449549,rs1027449549,,X,47229087.0,G,T,rs1027449549,ENST00000357227.9:c.*319G>T,,ENST00000357227,NP_006192.1,,,,,other,3_prime_UTR_variant,,,,,,,,,,,none,,,,,0.0,0.0,0.0,0.0,0.0,0.0,0.75,11.25
rs1027256696,Ensembl VEP (dbSNP),rs1027256696,rs1027256696,,X,47221719.0,T,A,rs1027256696,ENST00000357227.9:c.-6-1833T>A,,ENST00000357227,NP_006192.1,,,,,other,intron_variant,,,,,,,,,,,none,,,,,0.0,0.0,0.0,0.0,0.0,0.0,0.75,11.25
rs1026940329,Ensembl VEP (dbSNP),rs1026940329,rs1026940329,,X,47226799.0,C,A,rs1026940329,ENST00000357227.9:c.1038-13C>A,,ENST00000357227,NP_006192.1,,,,,splice,splice_polypyrimidine_tract_variant;intron_variant,,,,,,,,,,,none,,,,,0.0,0.0,0.0,0.0,0.0,0.0,0.75,11.25
rs1026677280,Ensembl VEP (dbSNP),rs1026677280,rs1026677280,,X,47221094.0,G,A,rs1026677280,ENST00000357227.9:c.-7+1989G>A,,ENST00000357227,NP_006192.1,,,,,other,intron_variant,,,,,,,,,,,none,,,,,0.0,0.0,0.0,0.0,0.0,0.0,0.75,11.25
rs1026346902,Ensembl VEP (dbSNP),rs1026346902,rs1026346902,,X,47217157.0,G,A,rs1026346902,,,ENST00000335972,NP_006192.1,,,,,other,downstream_gene_variant,,,,,,,,,,,none,,,,,0.0,0.0,0.0,0.0,0.0,0.0,0.5,7.5
rs1024928308,Ensembl VEP (dbSNP),rs1024928308,rs1024928308,,X,47221977.0,G,T,rs1024928308,ENST00000357227.9:c.-6-1575G>T,,ENST00000357227,NP_006192.1,,,,,other,intron_variant,,,,,,,,,,,none,,,,,0.0,0.0,0.0,0.0,0.0,0.0,0.75,11.25
rs1024540054,Ensembl VEP (dbSNP),rs1024540054,rs1024540054,,X,47230361.0,A,G,rs1024540054,,,ENST00000357227,NP_006192.1,,,,,other,downstream_gene_variant,,,,,,,,,,,none,,,,,0.0,0.0,0.0,0.0,0.0,0.0,0.5,7.5
rs1024118616,Ensembl VEP (dbSNP),rs1024118616,rs1024118616,,X,47219193.0,G,A,rs1024118616,,,ENST00000335972,NP_006192.1,,,,,other,downstream_gene_variant,,,,,,,,,,,none,,,,,0.0,0.0,0.0,0.0,0.0,0.0,0.5,7.5
rs1023554007,Ensembl VEP (dbSNP),rs1023554007,rs1023554007,,X,47229662.0,C,G,rs1023554007,ENST00000357227.9:c.*894C>G,,ENST00000357227,NP_006192.1,,,,,other,3_prime_UTR_variant,,,,,,,,,,,none,,,,,0.0,0.0,0.0,0.0,0.0,0.0,0.75,11.25
rs1023500768,Ensembl VEP (dbSNP),rs1023500768,rs1023500768,,X,47219616.0,C,T,rs1023500768,,,ENST00000335972,NP_006192.1,,,,,other,downstream_gene_variant,,,,,,,,,,,none,,,,,0.0,0.0,0.0,0.0,0.0,0.0,0.5,7.5
rs1023391465,Ensembl VEP (dbSNP),rs1023391465,rs1023391465,,X,47221322.0,C,T,rs1023391465,ENST00000357227.9:c.-7+2217C>T,,ENST00000357227,NP_006192.1,,,,,other,intron_variant,,,,,,,,,,,none,,,,,0.0,0.0,0.0,0.0,0.0,0.0,0.75,11.25
rs1023380362,Ensembl VEP (dbSNP),rs1023380362,rs1023380362,,X,47221892.0,T,G,rs1023380362,ENST00000357227.9:c.-6-1660T>G,,ENST00000357227,NP_006192.1,,,,,other,intron_variant,,,,,,,,,,,none,,,,,0.0,0.0,0.0,0.0,0.0,0.0,0.75,11.25
rs1022921397,Ensembl VEP (dbSNP),rs1022921397,rs1022921397,,X,47217609.0,T,C,rs1022921397,,,ENST00000335972,NP_006192.1,,,,,other,downstream_gene_variant,,,,,,,,,,,none,,,,,0.0,0.0,0.0,0.0,0.0,0.0,0.5,7.5
rs1022162079,Ensembl VEP (dbSNP),rs1022162079,rs1022162079,,X,47222674.0,G,C,rs1022162079,ENST00000357227.9:c.-6-878G>C,,ENST00000357227,NP_006192.1,,,,,other,intron_variant,,,,,,,,,,,none,,,,,0.0,0.0,0.0,0.0,0.0,0.0,0.75,11.25
rs1022135367,Ensembl VEP (dbSNP),rs1022135367,rs1022135367,,X,47225394.0,T,G,rs1022135367,ENST00000357227.9:c.634+292T>G,,ENST00000357227,NP_006192.1,,,,,other,intron_variant,,,,,,,,,,,none,,,,,0.0,0.0,0.0,0.0,0.0,0.0,0.75,11.25
rs1022121403,Ensembl VEP (dbSNP),rs1022121403,rs1022121403,,X,47223350.0,G,A,rs1022121403,ENST00000357227.9:c.-6-202G>A,,ENST00000357227,NP_006192.1,,,,,other,intron_variant,,,,,,,,,,,none,,,,,0.0,0.0,0.0,0.0,0.0,0.0,0.75,11.25
rs1021620979,Ensembl VEP (dbSNP),rs1021620979,rs1021620979,,X,47225044.0,A,G,rs1021620979,ENST00000357227.9:c.576A>G,ENSP00000349762.4:p.Ala192=,ENST00000357227,NP_006192.1,192.0,,,,synonymous,synonymous_variant,,,,,,,,,,Protein kinase,none,1.0,2.0,,,0.0,0.0,1.0,0.25,0.6,0.0,1.0,39.75
rs1021114421,Ensembl VEP (dbSNP),rs1021114421,rs1021114421,,X,47225688.0,G,T,rs1021114421,ENST00000357227.9:c.635-84G>T,,ENST00000357227,NP_006192.1,,,,,other,intron_variant,,,,,,,,,,,none,,,,,0.0,0.0,0.0,0.0,0.0,0.0,0.75,11.25
rs1021076097,Ensembl VEP (dbSNP),rs1021076097,rs1021076097,,X,47222594.0,G,C,rs1021076097,ENST00000357227.9:c.-6-958G>C,,ENST00000357227,NP_006192.1,,,,,other,intron_variant,,,,,,,,,,,none,,,,,0.0,0.0,0.0,0.0,0.0,0.0,0.75,11.25
rs1020713111,Ensembl VEP (dbSNP),rs1020713111,rs1020713111,,X,47223007.0,A,G,rs1020713111,ENST00000357227.9:c.-6-545A>G,,ENST00000357227,NP_006192.1,,,,,other,intron_variant,,,,,,,,,,,none,,,,,0.0,0.0,0.0,0.0,0.0,0.0,0.75,11.25
rs1020125181,Ensembl VEP (dbSNP),rs1020125181,rs1020125181,,X,47220741.0,G,A,rs1020125181,ENST00000357227.9:c.-7+1636G>A,,ENST00000357227,NP_006192.1,,,,,other,intron_variant,,,,,,,,,,,none,,,,,0.0,0.0,0.0,0.0,0.0,0.0,0.75,11.25
rs1019896184,Ensembl VEP (dbSNP),rs1019896184,rs1019896184,,X,47230442.0,G,A,rs1019896184,,,ENST00000357227,NP_006192.1,,,,,other,downstream_gene_variant,,,,,,,,,,,none,,,,,0.0,0.0,0.0,0.0,0.0,0.0,0.5,7.5
rs1019831412,Ensembl VEP (dbSNP),rs1019831412,rs1019831412,,X,47220965.0,G,A,rs1019831412,ENST00000357227.9:c.-7+1860G>A,,ENST00000357227,NP_006192.1,,,,,other,intron_variant,,,,,,,,,,,none,,,,,0.0,0.0,0.0,0.0,0.0,0.0,0.75,11.25
rs1019756363,Ensembl VEP (dbSNP),rs1019756363,rs1019756363,,X,47230123.0,C,T,rs1019756363,,,ENST00000357227,NP_006192.1,,,,,other,downstream_gene_variant,,,,,,,,,,,none,,,,,0.0,0.0,0.0,0.0,0.0,0.0,0.5,7.5
rs1019652417,Ensembl VEP (dbSNP),rs1019652417,rs1019652417,,X,47220083.0,C,T,rs1019652417,,,ENST00000335972,NP_006192.1,,,,,other,downstream_gene_variant,,,,,,,,,,,none,,,,,0.0,0.0,0.0,0.0,0.0,0.0,0.5,7.5
rs1019267098,Ensembl VEP (dbSNP),rs1019267098,rs1019267098,,X,47223793.0,C,G,rs1019267098,ENST00000357227.9:c.202+34C>G,,ENST00000357227,NP_006192.1,,,,,other,intron_variant,,,,,,,,,,,none,,,,,0.0,0.0,0.0,0.0,0.0,0.0,0.75,11.25
rs1019059319,Ensembl VEP (dbSNP),rs1019059319,rs1019059319,,X,47218127.0,C,T,rs1019059319,,,ENST00000335972,NP_006192.1,,,,,other,downstream_gene_variant,,,,,,,,,,,none,,,,,0.0,0.0,0.0,0.0,0.0,0.0,0.5,7.5
rs1018752097,Ensembl VEP (dbSNP),rs1018752097,rs1018752097,,X,47228195.0,A,G,rs1018752097,ENST00000357227.9:c.1376-372A>G,,ENST00000357227,NP_006192.1,,,,,other,intron_variant,,,,,,,,,,,none,,,,,0.0,0.0,0.0,0.0,0.0,0.0,0.75,11.25
rs1018697711,Ensembl VEP (dbSNP),rs1018697711,rs1018697711,,X,47218566.0,C,G,rs1018697711,,,ENST00000335972,NP_006192.1,,,,,other,downstream_gene_variant,,,,,,,,,,,none,,,,,0.0,0.0,0.0,0.0,0.0,0.0,0.5,7.5
rs1018106544,Ensembl VEP (dbSNP),rs1018106544,rs1018106544,,X,47216649.0,G,A,rs1018106544,,,ENST00000335972,NP_006192.1,,,,,other,downstream_gene_variant,,,,,,,,,,,none,,,,,0.0,0.0,0.0,0.0,0.0,0.0,0.5,7.5
rs1017745489,Ensembl VEP (dbSNP),rs1017745489,rs1017745489,,X,47225532.0,G,A,rs1017745489,ENST00000357227.9:c.635-240G>A,,ENST00000357227,NP_006192.1,,,,,other,intron_variant,,,,,,,,,,,none,,,,,0.0,0.0,0.0,0.0,0.0,0.0,0.75,11.25
rs1016006978,Ensembl VEP (dbSNP),rs1016006978,rs1016006978,,X,47227292.0,T,-,rs1016006978,ENST00000357227.9:c.1284+69del,,ENST00000357227,NP_006192.1,,,,,other,intron_variant,,,,,,,,,,,none,,,,,0.0,0.0,0.0,0.0,0.0,0.0,0.75,11.25
rs1015862990,Ensembl VEP (dbSNP),rs1015862990,rs1015862990,,X,47221370.0,A,G,rs1015862990,ENST00000357227.9:c.-6-2182A>G,,ENST00000357227,NP_006192.1,,,,,other,intron_variant,,,,,,,,,,,none,,,,,0.0,0.0,0.0,0.0,0.0,0.0,0.75,11.25
rs1015807239,Ensembl VEP (dbSNP),rs1015807239,rs1015807239,,X,47220874.0,A,T,rs1015807239,ENST00000357227.9:c.-7+1769A>T,,ENST00000357227,NP_006192.1,,,,,other,intron_variant,,,,,,,,,,,none,,,,,0.0,0.0,0.0,0.0,0.0,0.0,0.75,11.25
rs1015441750,Ensembl VEP (dbSNP),rs1015441750,rs1015441750,,X,47229149.0,C,G,rs1015441750,ENST00000357227.9:c.*381C>G,,ENST00000357227,NP_006192.1,,,,,other,3_prime_UTR_variant,,,,,,,,,,,none,,,,,0.0,0.0,0.0,0.0,0.0,0.0,0.75,11.25
rs1014998868,Ensembl VEP (dbSNP),rs1014998868,rs1014998868,,X,47229813.0,G,A,rs1014998868,ENST00000357227.9:c.*1045G>A,,ENST00000357227,NP_006192.1,,,,,other,3_prime_UTR_variant,,,,,,,,,,,none,,,,,0.0,0.0,0.0,0.0,0.0,0.0,0.75,11.25
rs1014859837,Ensembl VEP (dbSNP),rs1014859837,rs1014859837,,X,47219114.0,G,T,rs1014859837,,,ENST00000335972,NP_006192.1,,,,,other,downstream_gene_variant,,,,,,,,,,,none,,,,,0.0,0.0,0.0,0.0,0.0,0.0,0.5,7.5
rs1014856231,Ensembl VEP (dbSNP),rs1014856231,rs1014856231,,X,47221387.0,G,A,rs1014856231,ENST00000357227.9:c.-6-2165G>A,,ENST00000357227,NP_006192.1,,,,,other,intron_variant,,,,,,,,,,,none,,,,,0.0,0.0,0.0,0.0,0.0,0.0,0.75,11.25
rs1014500160,Ensembl VEP (dbSNP),rs1014500160,rs1014500160,,X,47228724.0,C,G,rs1014500160,ENST00000357227.9:c.1454-7C>G,,ENST00000357227,NP_006192.1,,,,,splice,splice_region_variant;splice_polypyrimidine_tract_variant;intron_variant,,,,,,,,,,,none,,,,,0.0,0.0,0.0,0.0,0.0,0.0,0.75,11.25
rs1014117642,Ensembl VEP (dbSNP),rs1014117642,rs1014117642,,X,47228096.0,T,C,rs1014117642,ENST00000357227.9:c.1376-471T>C,,ENST00000357227,NP_006192.1,,,,,other,intron_variant,,,,,,,,,,,none,,,,,0.0,0.0,0.0,0.0,0.0,0.0,0.75,11.25
rs1013822180,Ensembl VEP (dbSNP),rs1013822180,rs1013822180,,X,47219615.0,G,A,rs1013822180,,,ENST00000335972,NP_006192.1,,,,,other,downstream_gene_variant,,,,,,,,,,,none,,,,,0.0,0.0,0.0,0.0,0.0,0.0,0.5,7.5
rs1013541390,Ensembl VEP (dbSNP),rs1013541390,rs1013541390,,X,47219973.0,C,A,rs1013541390,,,ENST00000335972,NP_006192.1,,,,,other,downstream_gene_variant,,,,,,,,,,,none,,,,,0.0,0.0,0.0,0.0,0.0,0.0,0.5,7.5
rs1013536690,Ensembl VEP (dbSNP),rs1013536690,rs1013536690,,X,47229601.0,G,A,rs1013536690,ENST00000357227.9:c.*833G>A,,ENST00000357227,NP_006192.1,,,,,other,3_prime_UTR_variant,,,,,,,,,,,none,,,,,0.0,0.0,0.0,0.0,0.0,0.0,0.75,11.25
rs1013528984,Ensembl VEP (dbSNP),rs1013528984,rs1013528984,,X,47230318.0,G,C,rs1013528984,,,ENST00000357227,NP_006192.1,,,,,other,downstream_gene_variant,,,,,,,,,,,none,,,,,0.0,0.0,0.0,0.0,0.0,0.0,0.5,7.5
rs1013441380,Ensembl VEP (dbSNP),rs1013441380,rs1013441380,,X,47219153.0,C,T,rs1013441380,,,ENST00000335972,NP_006192.1,,,,,other,downstream_gene_variant,,,,,,,,,,,none,,,,,0.0,0.0,0.0,0.0,0.0,0.0,0.5,7.5
rs1012910960,Ensembl VEP (dbSNP),rs1012910960,rs1012910960,,X,47224602.0,T,A,rs1012910960,ENST00000357227.9:c.337-16T>A,,ENST00000357227,NP_006192.1,,,,,splice,splice_polypyrimidine_tract_variant;intron_variant,,,,,,,,,,,none,,,,,0.0,0.0,0.0,0.0,0.0,0.0,0.75,11.25
rs1012585899,Ensembl VEP (dbSNP),rs1012585899,rs1012585899,,X,47227836.0,T,C,rs1012585899,ENST00000357227.9:c.1375+367T>C,,ENST00000357227,NP_006192.1,,,,,other,intron_variant,,,,,,,,,,,none,,,,,0.0,0.0,0.0,0.0,0.0,0.0,0.75,11.25
rs1012532412,Ensembl VEP (dbSNP),rs1012532412,rs1012532412,,X,47227314.0,G,A,rs1012532412,ENST00000357227.9:c.1285-65G>A,,ENST00000357227,NP_006192.1,,,,,other,intron_variant,,,,,,,,,,,none,,,,,0.0,0.0,0.0,0.0,0.0,0.0,0.75,11.25
rs1011915257,Ensembl VEP (dbSNP),rs1011915257,rs1011915257,,X,47222430.0,G,A,rs1011915257,ENST00000357227.9:c.-6-1122G>A,,ENST00000357227,NP_006192.1,,,,,other,intron_variant,,,,,,,,,,,none,,,,,0.0,0.0,0.0,0.0,0.0,0.0,0.75,11.25
rs1011578488,Ensembl VEP (dbSNP),rs1011578488,rs1011578488,,X,47225372.0,C,T,rs1011578488,ENST00000357227.9:c.634+270C>T,,ENST00000357227,NP_006192.1,,,,,other,intron_variant,,,,,,,,,,,none,,,,,0.0,0.0,0.0,0.0,0.0,0.0,0.75,11.25
rs1010703647,Ensembl VEP (dbSNP),rs1010703647,rs1010703647,,X,47222580.0,C,T,rs1010703647,ENST00000357227.9:c.-6-972C>T,,ENST00000357227,NP_006192.1,,,,,other,intron_variant,,,,,,,,,,,none,,,,,0.0,0.0,0.0,0.0,0.0,0.0,0.75,11.25
rs1010518702,Ensembl VEP (dbSNP),rs1010518702,rs1010518702,,X,47222516.0,C,T,rs1010518702,ENST00000357227.9:c.-6-1036C>T,,ENST00000357227,NP_006192.1,,,,,other,intron_variant,,,,,,,,,,,none,,,,,0.0,0.0,0.0,0.0,0.0,0.0,0.75,11.25
rs1009793066,Ensembl VEP (dbSNP),rs1009793066,rs1009793066,,X,47230412.0,G,A,rs1009793066,,,ENST00000357227,NP_006192.1,,,,,other,downstream_gene_variant,,,,,,,,,,,none,,,,,0.0,0.0,0.0,0.0,0.0,0.0,0.5,7.5
rs1009736612,Ensembl VEP (dbSNP),rs1009736612,rs1009736612,,X,47230119.0,G,A,rs1009736612,,,ENST00000357227,NP_006192.1,,,,,other,downstream_gene_variant,,,,,,,,,,,none,,,,,0.0,0.0,0.0,0.0,0.0,0.0,0.5,7.5
rs1009101666,Ensembl VEP (dbSNP),rs1009101666,rs1009101666,,X,47218534.0,A,G,rs1009101666,,,ENST00000335972,NP_006192.1,,,,,other,downstream_gene_variant,,,,,,,,,,,none,,,,,0.0,0.0,0.0,0.0,0.0,0.0,0.5,7.5
rs1008964684,Ensembl VEP (dbSNP),rs1008964684,rs1008964684,,X,47229493.0,C,T,rs1008964684,ENST00000357227.9:c.*725C>T,,ENST00000357227,NP_006192.1,,,,,other,3_prime_UTR_variant,,,,,,,,,,,none,,,,,0.0,0.0,0.0,0.0,0.0,0.0,0.75,11.25
rs1008815466,Ensembl VEP (dbSNP),rs1008815466,rs1008815466,,X,47220962.0,G,A,rs1008815466,ENST00000357227.9:c.-7+1857G>A,,ENST00000357227,NP_006192.1,,,,,other,intron_variant,,,,,,,,,,,none,,,,,0.0,0.0,0.0,0.0,0.0,0.0,0.75,11.25
rs1008787923,Ensembl VEP (dbSNP),rs1008787923,rs1008787923,,X,47228555.0,C,G,rs1008787923,ENST00000357227.9:c.1376-12C>G,,ENST00000357227,NP_006192.1,,,,,splice,splice_polypyrimidine_tract_variant;intron_variant,,,,,,,,,,,none,,,,,0.0,0.0,0.0,0.0,0.0,0.0,0.75,11.25
rs1008735383,Ensembl VEP (dbSNP),rs1008735383,rs1008735383,,X,47228111.0,C,T,rs1008735383,ENST00000357227.9:c.1376-456C>T,,ENST00000357227,NP_006192.1,,,,,other,intron_variant,,,,,,,,,,,none,,,,,0.0,0.0,0.0,0.0,0.0,0.0,0.75,11.25
rs1008547983,Ensembl VEP (dbSNP),rs1008547983,rs1008547983,,X,47218108.0,G,A,rs1008547983,,,ENST00000335972,NP_006192.1,,,,,other,downstream_gene_variant,,,,,,,,,,,none,,,,,0.0,0.0,0.0,0.0,0.0,0.0,0.5,7.5
rs1007683645,Ensembl VEP (dbSNP),rs1007683645,rs1007683645,,X,47216648.0,C,T,rs1007683645,,,ENST00000335972,NP_006192.1,,,,,other,downstream_gene_variant,,,,,,,,,,,none,,,,,0.0,0.0,0.0,0.0,0.0,0.0,0.5,7.5
rs1007394832,Ensembl VEP (dbSNP),rs1007394832,rs1007394832,,X,47223386.0,A,G,rs1007394832,ENST00000357227.9:c.-6-166A>G,,ENST00000357227,NP_006192.1,,,,,other,intron_variant,,,,,,,,,,,none,,,,,0.0,0.0,0.0,0.0,0.0,0.0,0.75,11.25
rs1007362279,Ensembl VEP (dbSNP),rs1007362279,rs1007362279,,X,47223758.0,A,C,rs1007362279,ENST00000357227.9:c.201A>C,ENSP00000349762.4:p.Pro67=,ENST00000357227,NP_006192.1,67.0,,,,synonymous,splice_region_variant;synonymous_variant,,,,,,,,,,Disordered,none,1.0,2.0,,,0.0,0.0,1.0,0.25,0.3,0.0,1.0,36.75
rs1006772902,Ensembl VEP (dbSNP),rs1006772902,rs1006772902,,X,47223508.0,A,G,rs1006772902,ENST00000357227.9:c.-6-44A>G,,ENST00000357227,NP_006192.1,,,,,other,intron_variant,,,,,,,,,,,none,,,,,0.0,0.0,0.0,0.0,0.0,0.0,0.75,11.25
rs1006579735,Ensembl VEP (dbSNP),rs1006579735,rs1006579735,,X,47224096.0,C,G,rs1006579735,ENST00000357227.9:c.203-289C>G,,ENST00000357227,NP_006192.1,,,,,other,intron_variant,,,,,,,,,,,none,,,,,0.0,0.0,0.0,0.0,0.0,0.0,0.75,11.25
rs1005769597,Ensembl VEP (dbSNP),rs1005769597,rs1005769597,,X,47221331.0,G,A,rs1005769597,ENST00000357227.9:c.-6-2221G>A,,ENST00000357227,NP_006192.1,,,,,other,intron_variant,,,,,,,,,,,none,,,,,0.0,0.0,0.0,0.0,0.0,0.0,0.75,11.25
rs1005145184,Ensembl VEP (dbSNP),rs1005145184,rs1005145184,,X,47229586.0,C,G,rs1005145184,ENST00000357227.9:c.*818C>G,,ENST00000357227,NP_006192.1,,,,,other,3_prime_UTR_variant,,,,,,,,,,,none,,,,,0.0,0.0,0.0,0.0,0.0,0.0,0.75,11.25
rs1004939952,Ensembl VEP (dbSNP),rs1004939952,rs1004939952,,X,47229109.0,G,A,rs1004939952,ENST00000357227.9:c.*341G>A,,ENST00000357227,NP_006192.1,,,,,other,3_prime_UTR_variant,,,,,,,,,,,none,,,,,0.0,0.0,0.0,0.0,0.0,0.0,0.75,11.25
rs1004765428,Ensembl VEP (dbSNP),rs1004765428,rs1004765428,,X,47219085.0,G,A,rs1004765428,,,ENST00000335972,NP_006192.1,,,,,other,downstream_gene_variant,,,,,,,,,,,none,,,,,0.0,0.0,0.0,0.0,0.0,0.0,0.5,7.5
rs1004550952,Ensembl VEP (dbSNP),rs1004550952,rs1004550952,,X,47227943.0,G,T,rs1004550952,ENST00000357227.9:c.1375+474G>T,,ENST00000357227,NP_006192.1,,,,,other,intron_variant,,,,,,,,,,,none,,,,,0.0,0.0,0.0,0.0,0.0,0.0,0.75,11.25
rs1003836631,Ensembl VEP (dbSNP),rs1003836631,rs1003836631,,X,47217214.0,C,A,rs1003836631,,,ENST00000335972,NP_006192.1,,,,,other,downstream_gene_variant,,,,,,,,,,,none,,,,,0.0,0.0,0.0,0.0,0.0,0.0,0.5,7.5
rs1003733980,Ensembl VEP (dbSNP),rs1003733980,rs1003733980,,X,47227269.0,T,G,rs1003733980,ENST00000357227.9:c.1284+46T>G,,ENST00000357227,NP_006192.1,,,,,other,intron_variant,,,,,,,,,,,none,,,,,0.0,0.0,0.0,0.0,0.0,0.0,0.75,11.25
rs1003675731,Ensembl VEP (dbSNP),rs1003675731,rs1003675731,,X,47222492.0,A,G,rs1003675731,ENST00000357227.9:c.-6-1060A>G,,ENST00000357227,NP_006192.1,,,,,other,intron_variant,,,,,,,,,,,none,,,,,0.0,0.0,0.0,0.0,0.0,0.0,0.75,11.25
rs1003558575,Ensembl VEP (dbSNP),rs1003558575,rs1003558575,,X,47217494.0,A,G,rs1003558575,,,ENST00000335972,NP_006192.1,,,,,other,downstream_gene_variant,,,,,,,,,,,none,,,,,0.0,0.0,0.0,0.0,0.0,0.0,0.5,7.5
rs1003359639,Ensembl VEP (dbSNP),rs1003359639,rs1003359639,,X,47221952.0,C,T,rs1003359639,ENST00000357227.9:c.-6-1600C>T,,ENST00000357227,NP_006192.1,,,,,other,intron_variant,,,,,,,,,,,none,,,,,0.0,0.0,0.0,0.0,0.0,0.0,0.75,11.25
rs1002257528,Ensembl VEP (dbSNP),rs1002257528,rs1002257528,,X,47225168.0,T,C,rs1002257528,ENST00000357227.9:c.634+66T>C,,ENST00000357227,NP_006192.1,,,,,other,intron_variant,,,,,,,,,,,none,,,,,0.0,0.0,0.0,0.0,0.0,0.0,0.75,11.25
rs1001675336,Ensembl VEP (dbSNP),rs1001675336,rs1001675336,,X,47222486.0,C,A,rs1001675336,ENST00000357227.9:c.-6-1066C>A,,ENST00000357227,NP_006192.1,,,,,other,intron_variant,,,,,,,,,,,none,,,,,0.0,0.0,0.0,0.0,0.0,0.0,0.75,11.25
rs1001654507,Ensembl VEP (dbSNP),rs1001654507,rs1001654507,,X,47228037.0,A,G,rs1001654507,ENST00000357227.9:c.1376-530A>G,,ENST00000357227,NP_006192.1,,,,,other,intron_variant,,,,,,,,,,,none,,,,,0.0,0.0,0.0,0.0,0.0,0.0,0.75,11.25
rs1001370313,Ensembl VEP (dbSNP),rs1001370313,rs1001370313,,X,47227353.0,A,G,rs1001370313,ENST00000357227.9:c.1285-26A>G,,ENST00000357227,NP_006192.1,,,,,other,intron_variant,,,,,,,,,,,none,,,,,0.0,0.0,0.0,0.0,0.0,0.0,0.75,11.25
rs1000864894,Ensembl VEP (dbSNP),rs1000864894,rs1000864894,,X,47219643.0,G,C,rs1000864894,,,ENST00000335972,NP_006192.1,,,,,other,downstream_gene_variant,,,,,,,,,,,none,,,,,0.0,0.0,0.0,0.0,0.0,0.0,0.5,7.5
rs1000666901,Ensembl VEP (dbSNP),rs1000666901,rs1000666901,,X,47219993.0,A,G,rs1000666901,,,ENST00000335972,NP_006192.1,,,,,other,downstream_gene_variant,,,,,,,,,,,none,,,,,0.0,0.0,0.0,0.0,0.0,0.0,0.5,7.5
rs999660495,Ensembl VEP (dbSNP),rs999660495,rs999660495,,X,47218059.0,T,C,rs999660495,,,ENST00000335972,NP_006192.1,,,,,other,downstream_gene_variant,,,,,,,,,,,none,,,,,0.0,0.0,0.0,0.0,0.0,0.0,0.5,7.5
rs998592637,Ensembl VEP (dbSNP),rs998592637,rs998592637,,X,47223834.0,T,A,rs998592637,ENST00000357227.9:c.202+75T>A,,ENST00000357227,NP_006192.1,,,,,other,intron_variant,,,,,,,,,,,none,,,,,0.0,0.0,0.0,0.0,0.0,0.0,0.75,11.25
rs998247681,Ensembl VEP (dbSNP),rs998247681,rs998247681,,X,47223419.0,G,A,rs998247681,ENST00000357227.9:c.-6-133G>A,,ENST00000357227,NP_006192.1,,,,,other,intron_variant,,,,,,,,,,,none,,,,,0.0,0.0,0.0,0.0,0.0,0.0,0.75,11.25
rs997881902,Ensembl VEP (dbSNP),rs997881902,rs997881902,,X,47223039.0,C,T,rs997881902,ENST00000357227.9:c.-6-513C>T,,ENST00000357227,NP_006192.1,,,,,other,intron_variant,,,,,,,,,,,none,,,,,0.0,0.0,0.0,0.0,0.0,0.0,0.75,11.25
rs997273944,Ensembl VEP (dbSNP),rs997273944,rs997273944,,X,47220747.0,G,A,rs997273944,ENST00000357227.9:c.-7+1642G>A,,ENST00000357227,NP_006192.1,,,,,other,intron_variant,,,,,,,,,,,none,,,,,0.0,0.0,0.0,0.0,0.0,0.0,0.75,11.25
rs997188261,Ensembl VEP (dbSNP),rs997188261,rs997188261,,X,47226425.0,T,A,rs997188261,ENST00000357227.9:c.916+23T>A,,ENST00000357227,NP_006192.1,,,,,other,intron_variant,,,,,,,,,,,none,,,,,0.0,0.0,0.0,0.0,0.0,0.0,0.75,11.25
rs997045628,Ensembl VEP (dbSNP),rs997045628,rs997045628,,X,47230449.0,C,T,rs997045628,,,ENST00000357227,NP_006192.1,,,,,other,downstream_gene_variant,,,,,,,,,,,none,,,,,0.0,0.0,0.0,0.0,0.0,0.0,0.5,7.5
rs996843348,Ensembl VEP (dbSNP),rs996843348,rs996843348,,X,47221162.0,T,A,rs996843348,ENST00000357227.9:c.-7+2057T>A,,ENST00000357227,NP_006192.1,,,,,other,intron_variant,,,,,,,,,,,none,,,,,0.0,0.0,0.0,0.0,0.0,0.0,0.75,11.25
rs996737742,Ensembl VEP (dbSNP),rs996737742,rs996737742,,X,47229777.0,G,T,rs996737742,ENST00000357227.9:c.*1009G>T,,ENST00000357227,NP_006192.1,,,,,other,3_prime_UTR_variant,,,,,,,,,,,none,,,,,0.0,0.0,0.0,0.0,0.0,0.0,0.75,11.25
rs996576000,Ensembl VEP (dbSNP),rs996576000,rs996576000,,X,47229480.0,C,T,rs996576000,ENST00000357227.9:c.*712C>T,,ENST00000357227,NP_006192.1,,,,,other,3_prime_UTR_variant,,,,,,,,,,,none,,,,,0.0,0.0,0.0,0.0,0.0,0.0,0.75,11.25
rs996232419,Ensembl VEP (dbSNP),rs996232419,rs996232419,,X,47218782.0,C,A,rs996232419,,,ENST00000335972,NP_006192.1,,,,,other,downstream_gene_variant,,,,,,,,,,,none,,,,,0.0,0.0,0.0,0.0,0.0,0.0,0.5,7.5
rs996034482,Ensembl VEP (dbSNP),rs996034482,rs996034482,,X,47228695.0,C,A,rs996034482,ENST00000357227.9:c.1454-36C>A,,ENST00000357227,NP_006192.1,,,,,other,intron_variant,,,,,,,,,,,none,,,,,0.0,0.0,0.0,0.0,0.0,0.0,0.75,11.25
rs994851211,Ensembl VEP (dbSNP),rs994851211,rs994851211,,X,47216701.0,C,A,rs994851211,,,ENST00000335972,NP_006192.1,,,,,other,downstream_gene_variant,,,,,,,,,,,none,,,,,0.0,0.0,0.0,0.0,0.0,0.0,0.5,7.5
rs994818712,Ensembl VEP (dbSNP),rs994818712,rs994818712,,X,47217131.0,G,C,rs994818712,,,ENST00000335972,NP_006192.1,,,,,other,downstream_gene_variant,,,,,,,,,,,none,,,,,0.0,0.0,0.0,0.0,0.0,0.0,0.5,7.5
rs994397010,Ensembl VEP (dbSNP),rs994397010,rs994397010,,X,47224140.0,G,C,rs994397010,ENST00000357227.9:c.203-245G>C,,ENST00000357227,NP_006192.1,,,,,other,intron_variant,,,,,,,,,,,none,,,,,0.0,0.0,0.0,0.0,0.0,0.0,0.75,11.25
rs994038845,Ensembl VEP (dbSNP),rs994038845,rs994038845,,X,47223541.0,C,T,rs994038845,ENST00000357227.9:c.-6-11C>T,,ENST00000357227,NP_006192.1,,,,,splice,splice_polypyrimidine_tract_variant;intron_variant,,,,,,,,,,,none,,,,,0.0,0.0,0.0,0.0,0.0,0.0,0.75,11.25
rs993849029,Ensembl VEP (dbSNP),rs993849029,rs993849029,,X,47221021.0,G,A,rs993849029,ENST00000357227.9:c.-7+1916G>A,,ENST00000357227,NP_006192.1,,,,,other,intron_variant,,,,,,,,,,,none,,,,,0.0,0.0,0.0,0.0,0.0,0.0,0.75,11.25
rs993395455,Ensembl VEP (dbSNP),rs993395455,rs993395455,,X,47224285.0,G,A,rs993395455,ENST00000357227.9:c.203-100G>A,,ENST00000357227,NP_006192.1,,,,,other,intron_variant,,,,,,,,,,,none,,,,,0.0,0.0,0.0,0.0,0.0,0.0,0.75,11.25
rs992620091,Ensembl VEP (dbSNP),rs992620091,rs992620091,,X,47218673.0,C,G,rs992620091,,,ENST00000335972,NP_006192.1,,,,,other,downstream_gene_variant,,,,,,,,,,,none,,,,,0.0,0.0,0.0,0.0,0.0,0.0,0.5,7.5
rs992171229,Ensembl VEP (dbSNP),rs992171229,rs992171229,,X,47218295.0,C,A,rs992171229,,,ENST00000335972,NP_006192.1,,,,,other,downstream_gene_variant,,,,,,,,,,,none,,,,,0.0,0.0,0.0,0.0,0.0,0.0,0.5,7.5
rs992146182,Ensembl VEP (dbSNP),rs992146182,rs992146182,,X,47229213.0,C,T,rs992146182,ENST00000357227.9:c.*445C>T,,ENST00000357227,NP_006192.1,,,,,other,3_prime_UTR_variant,,,,,,,,,,,none,,,,,0.0,0.0,0.0,0.0,0.0,0.0,0.75,11.25
rs991731923,Ensembl VEP (dbSNP),rs991731923,rs991731923,,X,47229943.0,G,T,rs991731923,ENST00000357227.9:c.*1175G>T,,ENST00000357227,NP_006192.1,,,,,other,3_prime_UTR_variant,,,,,,,,,,,none,,,,,0.0,0.0,0.0,0.0,0.0,0.0,0.75,11.25
rs991553875,Ensembl VEP (dbSNP),rs991553875,rs991553875,,X,47216424.0,T,G,rs991553875,,,ENST00000335972,NP_006192.1,,,,,other,downstream_gene_variant,,,,,,,,,,,none,,,,,0.0,0.0,0.0,0.0,0.0,0.0,0.5,7.5
rs991413780,Ensembl VEP (dbSNP),rs991413780,rs991413780,,X,47217269.0,T,C,rs991413780,,,ENST00000335972,NP_006192.1,,,,,other,downstream_gene_variant,,,,,,,,,,,none,,,,,0.0,0.0,0.0,0.0,0.0,0.0,0.5,7.5
rs991139333,Ensembl VEP (dbSNP),rs991139333,rs991139333,,X,47226990.0,C,G,rs991139333,ENST00000357227.9:c.1136-4C>G,,ENST00000357227,NP_006192.1,,,,,splice,splice_region_variant;splice_polypyrimidine_tract_variant;intron_variant,,,,,,,,,,,none,,,,,0.0,0.0,0.0,0.0,0.0,0.0,0.75,11.25
rs990636235,Ensembl VEP (dbSNP),rs990636235,rs990636235,,X,47220498.0,G,A,rs990636235,ENST00000357227.9:c.-7+1393G>A,,ENST00000357227,NP_006192.1,,,,,other,intron_variant,,,,,,,,,,,none,,,,,0.0,0.0,0.0,0.0,0.0,0.0,0.75,11.25
rs990544262,Ensembl VEP (dbSNP),rs990544262,rs990544262,,X,47221282.0,C,T,rs990544262,ENST00000357227.9:c.-7+2177C>T,,ENST00000357227,NP_006192.1,,,,,other,intron_variant,,,,,,,,,,,none,,,,,0.0,0.0,0.0,0.0,0.0,0.0,0.75,11.25
rs989889595,Ensembl VEP (dbSNP),rs989889595,rs989889595,,X,47230413.0,G,C,rs989889595,,,ENST00000357227,NP_006192.1,,,,,other,downstream_gene_variant,,,,,,,,,,,none,,,,,0.0,0.0,0.0,0.0,0.0,0.0,0.5,7.5
rs989327348,Ensembl VEP (dbSNP),rs989327348,rs989327348,,X,47221560.0,A,G,rs989327348,ENST00000357227.9:c.-6-1992A>G,,ENST00000357227,NP_006192.1,,,,,other,intron_variant,,,,,,,,,,,none,,,,,0.0,0.0,0.0,0.0,0.0,0.0,0.75,11.25
rs989127888,Ensembl VEP (dbSNP),rs989127888,rs989127888,,X,47222061.0,C,G,rs989127888,ENST00000357227.9:c.-6-1491C>G,,ENST00000357227,NP_006192.1,,,,,other,intron_variant,,,,,,,,,,,none,,,,,0.0,0.0,0.0,0.0,0.0,0.0,0.75,11.25
rs988815216,Ensembl VEP (dbSNP),rs988815216,rs988815216,,X,47221404.0,C,T,rs988815216,ENST00000357227.9:c.-6-2148C>T,,ENST00000357227,NP_006192.1,,,,,other,intron_variant,,,,,,,,,,,none,,,,,0.0,0.0,0.0,0.0,0.0,0.0,0.75,11.25
rs988744135,Ensembl VEP (dbSNP),rs988744135,rs988744135,,X,47229733.0,C,T,rs988744135,ENST00000357227.9:c.*965C>T,,ENST00000357227,NP_006192.1,,,,,other,3_prime_UTR_variant,,,,,,,,,,,none,,,,,0.0,0.0,0.0,0.0,0.0,0.0,0.75,11.25
rs988556830,Ensembl VEP (dbSNP),rs988556830,rs988556830,,X,47229490.0,C,T,rs988556830,ENST00000357227.9:c.*722C>T,,ENST00000357227,NP_006192.1,,,,,other,3_prime_UTR_variant,,,,,,,,,,,none,,,,,0.0,0.0,0.0,0.0,0.0,0.0,0.75,11.25
rs988368222,Ensembl VEP (dbSNP),rs988368222,rs988368222,,X,47224544.0,A,C,rs988368222,ENST00000357227.9:c.336+26A>C,,ENST00000357227,NP_006192.1,,,,,other,intron_variant,,,,,,,,,,,none,,,,,0.0,0.0,0.0,0.0,0.0,0.0,0.75,11.25
rs988317485,Ensembl VEP (dbSNP),rs988317485,rs988317485,,X,47219393.0,G,T,rs988317485,,,ENST00000335972,NP_006192.1,,,,,other,downstream_gene_variant,,,,,,,,,,,none,,,,,0.0,0.0,0.0,0.0,0.0,0.0,0.5,7.5
rs988119611,Ensembl VEP (dbSNP),rs988119611,rs988119611,,X,47219727.0,G,A,rs988119611,,,ENST00000335972,NP_006192.1,,,,,other,downstream_gene_variant,,,,,,,,,,,none,,,,,0.0,0.0,0.0,0.0,0.0,0.0,0.5,7.5
rs987563409,Ensembl VEP (dbSNP),rs987563409,rs987563409,,X,47228885.0,C,T,rs987563409,ENST00000357227.9:c.*117C>T,,ENST00000357227,NP_006192.1,,,,,other,3_prime_UTR_variant,,,,,,,,,,,none,,,,,0.0,0.0,0.0,0.0,0.0,0.0,0.75,11.25
rs987329400,Ensembl VEP (dbSNP),rs987329400,rs987329400,,X,47227501.0,G,A,rs987329400,ENST00000357227.9:c.1375+32G>A,,ENST00000357227,NP_006192.1,,,,,other,intron_variant,,,,,,,,,,,none,,,,,0.0,0.0,0.0,0.0,0.0,0.0,0.75,11.25
rs987313716,Ensembl VEP (dbSNP),rs987313716,rs987313716,,X,47217342.0,C,T,rs987313716,,,ENST00000335972,NP_006192.1,,,,,other,downstream_gene_variant,,,,,,,,,,,none,,,,,0.0,0.0,0.0,0.0,0.0,0.0,0.5,7.5
rs986325963,Ensembl VEP (dbSNP),rs986325963,rs986325963,,X,47225225.0,C,G,rs986325963,ENST00000357227.9:c.634+123C>G,,ENST00000357227,NP_006192.1,,,,,other,intron_variant,,,,,,,,,,,none,,,,,0.0,0.0,0.0,0.0,0.0,0.0,0.75,11.25
rs985316432,Ensembl VEP (dbSNP),rs985316432,rs985316432,,X,47222692.0,A,G,rs985316432,ENST00000357227.9:c.-6-860A>G,,ENST00000357227,NP_006192.1,,,,,other,intron_variant,,,,,,,,,,,none,,,,,0.0,0.0,0.0,0.0,0.0,0.0,0.75,11.25
rs985283899,Ensembl VEP (dbSNP),rs985283899,rs985283899,2215795,X,47223151.0,C,T,rs985283899,ENST00000357227.9:c.-6-401C>T,,ENST00000357227,NP_006192.1,,,,,other,intron_variant,Uncertain significance,"criteria provided, single submitter",not specified,,,,,,,,none,,,,,0.6,0.0,0.0,0.0,0.0,0.0,0.75,23.25
rs984896091,Ensembl VEP (dbSNP),rs984896091,rs984896091,,X,47230202.0,G,C,rs984896091,,,ENST00000357227,NP_006192.1,,,,,other,downstream_gene_variant,,,,,,,,,,,none,,,,,0.0,0.0,0.0,0.0,0.0,0.0,0.5,7.5
rs984314263,Ensembl VEP (dbSNP),rs984314263,rs984314263,,X,47220215.0,C,T,rs984314263,ENST00000357227.9:c.-7+1110C>T,,ENST00000357227,NP_006192.1,,,,,other,intron_variant,,,,,,,,,,,none,,,,,0.0,0.0,0.0,0.0,0.0,0.0,0.75,11.25
rs984278260,Ensembl VEP (dbSNP),rs984278260,rs984278260,,X,47220813.0,C,T,rs984278260,ENST00000357227.9:c.-7+1708C>T,,ENST00000357227,NP_006192.1,,,,,other,intron_variant,,,,,,,,,,,none,,,,,0.0,0.0,0.0,0.0,0.0,0.0,0.75,11.25
rs983501145,Ensembl VEP (dbSNP),rs983501145,rs983501145,,X,47228297.0,A,C,rs983501145,ENST00000357227.9:c.1376-270A>C,,ENST00000357227,NP_006192.1,,,,,other,intron_variant,,,,,,,,,,,none,,,,,0.0,0.0,0.0,0.0,0.0,0.0,0.75,11.25
rs983307219,Ensembl VEP (dbSNP),rs983307219,rs983307219,,X,47218271.0,A,G,rs983307219,,,ENST00000335972,NP_006192.1,,,,,other,downstream_gene_variant,,,,,,,,,,,none,,,,,0.0,0.0,0.0,0.0,0.0,0.0,0.5,7.5
rs982388005,Ensembl VEP (dbSNP),rs982388005,rs982388005,,X,47221337.0,A,G,rs982388005,ENST00000357227.9:c.-6-2215A>G,,ENST00000357227,NP_006192.1,,,,,other,intron_variant,,,,,,,,,,,none,,,,,0.0,0.0,0.0,0.0,0.0,0.0,0.75,11.25
rs982292619,Ensembl VEP (dbSNP),rs982292619,rs982292619,,X,47216405.0,C,T,rs982292619,,,ENST00000335972,NP_006192.1,,,,,other,downstream_gene_variant,,,,,,,,,,,none,,,,,0.0,0.0,0.0,0.0,0.0,0.0,0.5,7.5
rs980991361,Ensembl VEP (dbSNP),rs980991361,rs980991361,,X,47223928.0,T,C,rs980991361,ENST00000357227.9:c.202+169T>C,,ENST00000357227,NP_006192.1,,,,,other,intron_variant,,,,,,,,,,,none,,,,,0.0,0.0,0.0,0.0,0.0,0.0,0.75,11.25
rs980096830,Ensembl VEP (dbSNP),rs980096830,rs980096830,,X,47229418.0,A,G,rs980096830,ENST00000357227.9:c.*650A>G,,ENST00000357227,NP_006192.1,,,,,other,3_prime_UTR_variant,,,,,,,,,,,none,,,,,0.0,0.0,0.0,0.0,0.0,0.0,0.75,11.25
rs979681766,Ensembl VEP (dbSNP),rs979681766,rs979681766,,X,47229666.0,G,A,rs979681766,ENST00000357227.9:c.*898G>A,,ENST00000357227,NP_006192.1,,,,,other,3_prime_UTR_variant,,,,,,,,,,,none,,,,,0.0,0.0,0.0,0.0,0.0,0.0,0.75,11.25
rs979424044,Ensembl VEP (dbSNP),rs979424044,rs979424044,,X,47218693.0,T,A,rs979424044,,,ENST00000335972,NP_006192.1,,,,,other,downstream_gene_variant,,,,,,,,,,,none,,,,,0.0,0.0,0.0,0.0,0.0,0.0,0.5,7.5
rs979391594,Ensembl VEP (dbSNP),rs979391594,rs979391594,,X,47219235.0,G,A,rs979391594,,,ENST00000335972,NP_006192.1,,,,,other,downstream_gene_variant,,,,,,,,,,,none,,,,,0.0,0.0,0.0,0.0,0.0,0.0,0.5,7.5
rs978421910,Ensembl VEP (dbSNP),rs978421910,rs978421910,,X,47216840.0,T,G,rs978421910,,,ENST00000335972,NP_006192.1,,,,,other,downstream_gene_variant,,,,,,,,,,,none,,,,,0.0,0.0,0.0,0.0,0.0,0.0,0.5,7.5
rs978392202,Ensembl VEP (dbSNP),rs978392202,rs978392202,,X,47217286.0,G,A,rs978392202,,,ENST00000335972,NP_006192.1,,,,,other,downstream_gene_variant,,,,,,,,,,,none,,,,,0.0,0.0,0.0,0.0,0.0,0.0,0.5,7.5
rs978086737,Ensembl VEP (dbSNP),rs978086737,rs978086737,,X,47227701.0,A,C,rs978086737,ENST00000357227.9:c.1375+232A>C,,ENST00000357227,NP_006192.1,,,,,other,intron_variant,,,,,,,,,,,none,,,,,0.0,0.0,0.0,0.0,0.0,0.0,0.75,11.25
rs977200751,Ensembl VEP (dbSNP),rs977200751,rs977200751,,X,47222884.0,G,-,rs977200751,ENST00000357227.9:c.-6-668del,,ENST00000357227,NP_006192.1,,,,,other,intron_variant,,,,,,,,,,,none,,,,,0.0,0.0,0.0,0.0,0.0,0.0,0.75,11.25
rs977042327,Ensembl VEP (dbSNP),rs977042327,rs977042327,,X,47222630.0,A,G,rs977042327,ENST00000357227.9:c.-6-922A>G,,ENST00000357227,NP_006192.1,,,,,other,intron_variant,,,,,,,,,,,none,,,,,0.0,0.0,0.0,0.0,0.0,0.0,0.75,11.25
rs976608452,Ensembl VEP (dbSNP),rs976608452,rs976608452,,X,47222161.0,C,T,rs976608452,ENST00000357227.9:c.-6-1391C>T,,ENST00000357227,NP_006192.1,,,,,other,intron_variant,,,,,,,,,,,none,,,,,0.0,0.0,0.0,0.0,0.0,0.0,0.75,11.25
rs975836718,Ensembl VEP (dbSNP),rs975836718,rs975836718,,X,47229820.0,C,A,rs975836718,ENST00000357227.9:c.*1052C>A,,ENST00000357227,NP_006192.1,,,,,other,3_prime_UTR_variant,,,,,,,,,,,none,,,,,0.0,0.0,0.0,0.0,0.0,0.0,0.75,11.25
rs975805714,Ensembl VEP (dbSNP),rs975805714,rs975805714,,X,47230143.0,A,G,rs975805714,,,ENST00000357227,NP_006192.1,,,,,other,downstream_gene_variant,,,,,,,,,,,none,,,,,0.0,0.0,0.0,0.0,0.0,0.0,0.5,7.5
rs975025842,Ensembl VEP (dbSNP),rs975025842,rs975025842,,X,47218225.0,G,C,rs975025842,,,ENST00000335972,NP_006192.1,,,,,other,downstream_gene_variant,,,,,,,,,,,none,,,,,0.0,0.0,0.0,0.0,0.0,0.0,0.5,7.5
rs974828821,Ensembl VEP (dbSNP),rs974828821,rs974828821,,X,47227571.0,A,G,rs974828821,ENST00000357227.9:c.1375+102A>G,,ENST00000357227,NP_006192.1,,,,,other,intron_variant,,,,,,,,,,,none,,,,,0.0,0.0,0.0,0.0,0.0,0.0,0.75,11.25
rs974796034,Ensembl VEP (dbSNP),rs974796034,rs974796034,,X,47228277.0,A,T,rs974796034,ENST00000357227.9:c.1376-290A>T,,ENST00000357227,NP_006192.1,,,,,other,intron_variant,,,,,,,,,,,none,,,,,0.0,0.0,0.0,0.0,0.0,0.0,0.75,11.25
rs974594314,Ensembl VEP (dbSNP),rs974594314,rs974594314,,X,47217808.0,C,T,rs974594314,,,ENST00000335972,NP_006192.1,,,,,other,downstream_gene_variant,,,,,,,,,,,none,,,,,0.0,0.0,0.0,0.0,0.0,0.0,0.5,7.5
rs973820008,Ensembl VEP (dbSNP),rs973820008,rs973820008,,X,47225315.0,G,T,rs973820008,ENST00000357227.9:c.634+213G>T,,ENST00000357227,NP_006192.1,,,,,other,intron_variant,,,,,,,,,,,none,,,,,0.0,0.0,0.0,0.0,0.0,0.0,0.75,11.25
rs973787331,Ensembl VEP (dbSNP),rs973787331,rs973787331,,X,47225545.0,C,G,rs973787331,ENST00000357227.9:c.635-227C>G,,ENST00000357227,NP_006192.1,,,,,other,intron_variant,,,,,,,,,,,none,,,,,0.0,0.0,0.0,0.0,0.0,0.0,0.75,11.25
rs973639791,Ensembl VEP (dbSNP),rs973639791,rs973639791,,X,47216370.0,G,A,rs973639791,,,ENST00000335972,NP_006192.1,,,,,other,downstream_gene_variant,,,,,,,,,,,none,,,,,0.0,0.0,0.0,0.0,0.0,0.0,0.5,7.5
rs973623963,Ensembl VEP (dbSNP),rs973623963,rs973623963,,X,47229018.0,A,G,rs973623963,ENST00000357227.9:c.*250A>G,,ENST00000357227,NP_006192.1,,,,,other,3_prime_UTR_variant,,,,,,,,,,,none,,,,,0.0,0.0,0.0,0.0,0.0,0.0,0.75,11.25
rs973198529,Ensembl VEP (dbSNP),rs973198529,rs973198529,,X,47223231.0,A,T,rs973198529,ENST00000357227.9:c.-6-321A>T,,ENST00000357227,NP_006192.1,,,,,other,intron_variant,,,,,,,,,,,none,,,,,0.0,0.0,0.0,0.0,0.0,0.0,0.75,11.25
rs972135404,Ensembl VEP (dbSNP),rs972135404,rs972135404,,X,47220319.0,T,C,rs972135404,ENST00000357227.9:c.-7+1214T>C,,ENST00000357227,NP_006192.1,,,,,other,intron_variant,,,,,,,,,,,none,,,,,0.0,0.0,0.0,0.0,0.0,0.0,0.75,11.25
rs971804531,Ensembl VEP (dbSNP),rs971804531,rs971804531,,X,47220903.0,A,G,rs971804531,ENST00000357227.9:c.-7+1798A>G,,ENST00000357227,NP_006192.1,,,,,other,intron_variant,,,,,,,,,,,none,,,,,0.0,0.0,0.0,0.0,0.0,0.0,0.75,11.25
rs971659916,Ensembl VEP (dbSNP),rs971659916,rs971659916,,X,47230381.0,C,T,rs971659916,,,ENST00000357227,NP_006192.1,,,,,other,downstream_gene_variant,,,,,,,,,,,none,,,,,0.0,0.0,0.0,0.0,0.0,0.0,0.5,7.5
rs971638020,Ensembl VEP (dbSNP),rs971638020,rs971638020,,X,47224179.0,G,A,rs971638020,ENST00000357227.9:c.203-206G>A,,ENST00000357227,NP_006192.1,,,,,other,intron_variant,,,,,,,,,,,none,,,,,0.0,0.0,0.0,0.0,0.0,0.0,0.75,11.25
rs970922236,Ensembl VEP (dbSNP),rs970922236,rs970922236,,X,47221902.0,C,T,rs970922236,ENST00000357227.9:c.-6-1650C>T,,ENST00000357227,NP_006192.1,,,,,other,intron_variant,,,,,,,,,,,none,,,,,0.0,0.0,0.0,0.0,0.0,0.0,0.75,11.25
rs970912501,Ensembl VEP (dbSNP),rs970912501,rs970912501,,X,47221428.0,T,C,rs970912501,ENST00000357227.9:c.-6-2124T>C,,ENST00000357227,NP_006192.1,,,,,other,intron_variant,,,,,,,,,,,none,,,,,0.0,0.0,0.0,0.0,0.0,0.0,0.75,11.25
rs970253338,Ensembl VEP (dbSNP),rs970253338,rs970253338,,X,47222003.0,C,G,rs970253338,ENST00000357227.9:c.-6-1549C>G,,ENST00000357227,NP_006192.1,,,,,other,intron_variant,,,,,,,,,,,none,,,,,0.0,0.0,0.0,0.0,0.0,0.0,0.75,11.25
rs970035528,Ensembl VEP (dbSNP),rs970035528,rs970035528,,X,47229903.0,GGCAGGGGTGGGAG,-,rs970035528,ENST00000357227.9:c.*1135_*1148del,,ENST00000357227,NP_006192.1,,,,,other,3_prime_UTR_variant,,,,,,,,,,,none,,,,,0.0,0.0,0.0,0.0,0.0,0.0,0.75,11.25
rs969873381,Ensembl VEP (dbSNP),rs969873381,rs969873381,,X,47219617.0,A,T,rs969873381,,,ENST00000335972,NP_006192.1,,,,,other,downstream_gene_variant,,,,,,,,,,,none,,,,,0.0,0.0,0.0,0.0,0.0,0.0,0.5,7.5
rs969650246,Ensembl VEP (dbSNP),rs969650246,rs969650246,,X,47229359.0,G,A,rs969650246,ENST00000357227.9:c.*591G>A,,ENST00000357227,NP_006192.1,,,,,other,3_prime_UTR_variant,,,,,,,,,,,none,,,,,0.0,0.0,0.0,0.0,0.0,0.0,0.75,11.25
rs969516113,Ensembl VEP (dbSNP),rs969516113,rs969516113,,X,47223925.0,-,T,rs969516113,ENST00000357227.9:c.202+165dup,,ENST00000357227,NP_006192.1,,,,,other,intron_variant,,,,,,,,,,,none,,,,,0.0,0.0,0.0,0.0,0.0,0.0,0.75,11.25
rs969370188,Ensembl VEP (dbSNP),rs969370188,rs969370188,,X,47229665.0,G,A,rs969370188,ENST00000357227.9:c.*897G>A,,ENST00000357227,NP_006192.1,,,,,other,3_prime_UTR_variant,,,,,,,,,,,none,,,,,0.0,0.0,0.0,0.0,0.0,0.0,0.75,11.25
rs967305289,Ensembl VEP (dbSNP),rs967305289,rs967305289,,X,47228149.0,C,G,rs967305289,ENST00000357227.9:c.1376-418C>G,,ENST00000357227,NP_006192.1,,,,,other,intron_variant,,,,,,,,,,,none,,,,,0.0,0.0,0.0,0.0,0.0,0.0,0.75,11.25
rs965763136,Ensembl VEP (dbSNP),rs965763136,rs965763136,,X,47220106.0,G,A,rs965763136,,,ENST00000335972,NP_006192.1,,,,,other,downstream_gene_variant,,,,,,,,,,,none,,,,,0.0,0.0,0.0,0.0,0.0,0.0,0.5,7.5
rs965731769,Ensembl VEP (dbSNP),rs965731769,rs965731769,,X,47223478.0,TG,-,rs965731769,ENST00000357227.9:c.-6-74_-6-73del,,ENST00000357227,NP_006192.1,,,,,other,intron_variant,,,,,,,,,,,none,,,,,0.0,0.0,0.0,0.0,0.0,0.0,0.75,11.25
rs965693023,Ensembl VEP (dbSNP),rs965693023,rs965693023,,X,47219773.0,C,T,rs965693023,,,ENST00000335972,NP_006192.1,,,,,other,downstream_gene_variant,,,,,,,,,,,none,,,,,0.0,0.0,0.0,0.0,0.0,0.0,0.5,7.5
rs965517448,Ensembl VEP (dbSNP),rs965517448,rs965517448,,X,47230447.0,A,C,rs965517448,,,ENST00000357227,NP_006192.1,,,,,other,downstream_gene_variant,,,,,,,,,,,none,,,,,0.0,0.0,0.0,0.0,0.0,0.0,0.5,7.5
rs964654081,Ensembl VEP (dbSNP),rs964654081,rs964654081,,X,47218199.0,C,T,rs964654081,,,ENST00000335972,NP_006192.1,,,,,other,downstream_gene_variant,,,,,,,,,,,none,,,,,0.0,0.0,0.0,0.0,0.0,0.0,0.5,7.5
rs964381169,Ensembl VEP (dbSNP),rs964381169,rs964381169,,X,47225923.0,A,G,rs964381169,ENST00000357227.9:c.730-42A>G,,ENST00000357227,NP_006192.1,,,,,other,intron_variant,,,,,,,,,,,none,,,,,0.0,0.0,0.0,0.0,0.0,0.0,0.75,11.25
rs962191796,Ensembl VEP (dbSNP),rs962191796,rs962191796,,X,47229516.0,-,ATCC,rs962191796,ENST00000357227.9:c.*744_*747dup,,ENST00000357227,NP_006192.1,,,,,other,3_prime_UTR_variant,,,,,,,,,,,none,,,,,0.0,0.0,0.0,0.0,0.0,0.0,0.75,11.25
rs961539797,Ensembl VEP (dbSNP),rs961539797,rs961539797,,X,47221383.0,A,G,rs961539797,ENST00000357227.9:c.-6-2169A>G,,ENST00000357227,NP_006192.1,,,,,other,intron_variant,,,,,,,,,,,none,,,,,0.0,0.0,0.0,0.0,0.0,0.0,0.75,11.25
rs960707617,Ensembl VEP (dbSNP),rs960707617,rs960707617,,X,47228782.0,G,A,rs960707617,ENST00000357227.9:c.*14G>A,,ENST00000357227,NP_006192.1,,,,,other,3_prime_UTR_variant,,,,,,,,,,,none,,,,,0.0,0.0,0.0,0.0,0.0,0.0,0.75,11.25
rs959708302,Ensembl VEP (dbSNP),rs959708302,rs959708302,,X,47226310.0,C,T,rs959708302,ENST00000357227.9:c.824C>T,ENSP00000349762.4:p.Ala275Val,ENST00000357227,NP_006192.1,275.0,A,V,A275V,missense,missense_variant,,,,,,0.0,deleterious_low_confidence,0.448,possibly_damaging,Protein kinase,none,1.0,2.0,0.4672,AMBIGUOUS,0.0,0.4672,1.0,0.25,0.6,0.0,1.0,46.76
rs959540062,Ensembl VEP (dbSNP),rs959540062,rs959540062,,X,47217226.0,G,A,rs959540062,,,ENST00000335972,NP_006192.1,,,,,other,downstream_gene_variant,,,,,,,,,,,none,,,,,0.0,0.0,0.0,0.0,0.0,0.0,0.5,7.5
rs959128842,Ensembl VEP (dbSNP),rs959128842,rs959128842,,X,47229919.0,C,T,rs959128842,ENST00000357227.9:c.*1151C>T,,ENST00000357227,NP_006192.1,,,,,other,3_prime_UTR_variant,,,,,,,,,,,none,,,,,0.0,0.0,0.0,0.0,0.0,0.0,0.75,11.25
rs959020272,Ensembl VEP (dbSNP),rs959020272,rs959020272,,X,47229595.0,A,C,rs959020272,ENST00000357227.9:c.*827A>C,,ENST00000357227,NP_006192.1,,,,,other,3_prime_UTR_variant,,,,,,,,,,,none,,,,,0.0,0.0,0.0,0.0,0.0,0.0,0.75,11.25
rs958066177,Ensembl VEP (dbSNP),rs958066177,rs958066177,,X,47228402.0,C,A,rs958066177,ENST00000357227.9:c.1376-165C>A,,ENST00000357227,NP_006192.1,,,,,other,intron_variant,,,,,,,,,,,none,,,,,0.0,0.0,0.0,0.0,0.0,0.0,0.75,11.25
rs957676861,Ensembl VEP (dbSNP),rs957676861,rs957676861,,X,47222042.0,A,G,rs957676861,ENST00000357227.9:c.-6-1510A>G,,ENST00000357227,NP_006192.1,,,,,other,intron_variant,,,,,,,,,,,none,,,,,0.0,0.0,0.0,0.0,0.0,0.0,0.75,11.25
rs957211486,Ensembl VEP (dbSNP),rs957211486,rs957211486,,X,47230118.0,C,T,rs957211486,,,ENST00000357227,NP_006192.1,,,,,other,downstream_gene_variant,,,,,,,,,,,none,,,,,0.0,0.0,0.0,0.0,0.0,0.0,0.5,7.5
rs956707399,Ensembl VEP (dbSNP),rs956707399,rs956707399,,X,47222561.0,G,T,rs956707399,ENST00000357227.9:c.-6-991G>T,,ENST00000357227,NP_006192.1,,,,,other,intron_variant,,,,,,,,,,,none,,,,,0.0,0.0,0.0,0.0,0.0,0.0,0.75,11.25
rs956707038,Ensembl VEP (dbSNP),rs956707038,rs956707038,,X,47219314.0,G,C,rs956707038,,,ENST00000335972,NP_006192.1,,,,,other,downstream_gene_variant,,,,,,,,,,,none,,,,,0.0,0.0,0.0,0.0,0.0,0.0,0.5,7.5
rs956676041,Ensembl VEP (dbSNP),rs956676041,rs956676041,,X,47219682.0,T,C,rs956676041,,,ENST00000335972,NP_006192.1,,,,,other,downstream_gene_variant,,,,,,,,,,,none,,,,,0.0,0.0,0.0,0.0,0.0,0.0,0.5,7.5
rs956579232,Ensembl VEP (dbSNP),rs956579232,rs956579232,,X,47221987.0,G,A,rs956579232,ENST00000357227.9:c.-6-1565G>A,,ENST00000357227,NP_006192.1,,,,,other,intron_variant,,,,,,,,,,,none,,,,,0.0,0.0,0.0,0.0,0.0,0.0,0.75,11.25
rs956047615,Ensembl VEP (dbSNP),rs956047615,rs956047615,,X,47227468.0,C,T,rs956047615,ENST00000357227.9:c.1374C>T,ENSP00000349762.4:p.Asp458=,ENST00000357227,NP_006192.1,458.0,,,,synonymous,splice_region_variant;synonymous_variant,,,,,,,,,,,none,1.0,2.0,,,0.0,0.0,1.0,0.0,0.0,0.0,1.0,30.0
rs955812127,Ensembl VEP (dbSNP),rs955812127,rs955812127,,X,47218081.0,G,A,rs955812127,,,ENST00000335972,NP_006192.1,,,,,other,downstream_gene_variant,,,,,,,,,,,none,,,,,0.0,0.0,0.0,0.0,0.0,0.0,0.5,7.5
rs955711803,Ensembl VEP (dbSNP),rs955711803,rs955711803,,X,47217314.0,G,T,rs955711803,,,ENST00000335972,NP_006192.1,,,,,other,downstream_gene_variant,,,,,,,,,,,none,,,,,0.0,0.0,0.0,0.0,0.0,0.0,0.5,7.5
rs955163492,Ensembl VEP (dbSNP),rs955163492,rs955163492,,X,47225474.0,C,A,rs955163492,ENST00000357227.9:c.635-298C>A,,ENST00000357227,NP_006192.1,,,,,other,intron_variant,,,,,,,,,,,none,,,,,0.0,0.0,0.0,0.0,0.0,0.0,0.75,11.25
rs954881859,Ensembl VEP (dbSNP),rs954881859,rs954881859,,X,47225161.0,T,A,rs954881859,ENST00000357227.9:c.634+59T>A,,ENST00000357227,NP_006192.1,,,,,other,intron_variant,,,,,,,,,,,none,,,,,0.0,0.0,0.0,0.0,0.0,0.0,0.75,11.25
rs953837108,Ensembl VEP (dbSNP),rs953837108,rs953837108,,X,47222687.0,A,G,rs953837108,ENST00000357227.9:c.-6-865A>G,,ENST00000357227,NP_006192.1,,,,,other,intron_variant,,,,,,,,,,,none,,,,,0.0,0.0,0.0,0.0,0.0,0.0,0.75,11.25
rs952972032,Ensembl VEP (dbSNP),rs952972032,rs952972032,,X,47220798.0,T,C,rs952972032,ENST00000357227.9:c.-7+1693T>C,,ENST00000357227,NP_006192.1,,,,,other,intron_variant,,,,,,,,,,,none,,,,,0.0,0.0,0.0,0.0,0.0,0.0,0.75,11.25
rs952835059,Ensembl VEP (dbSNP),rs952835059,rs952835059,,X,47220172.0,A,G,rs952835059,ENST00000357227.9:c.-7+1067A>G,,ENST00000357227,NP_006192.1,,,,,other,intron_variant,,,,,,,,,,,none,,,,,0.0,0.0,0.0,0.0,0.0,0.0,0.75,11.25
rs952368779,Ensembl VEP (dbSNP),rs952368779,rs952368779,,X,47221160.0,C,T,rs952368779,ENST00000357227.9:c.-7+2055C>T,,ENST00000357227,NP_006192.1,,,,,other,intron_variant,,,,,,,,,,,none,,,,,0.0,0.0,0.0,0.0,0.0,0.0,0.75,11.25
rs952197233,Ensembl VEP (dbSNP),rs952197233,rs952197233,2463577,X,47228739.0,G,A,rs952197233,ENST00000357227.9:c.1462G>A,ENSP00000349762.4:p.Ala488Thr,ENST00000357227,NP_006192.1,488.0,A,T,A488T,missense,missense_variant,Uncertain significance,"criteria provided, single submitter",not specified,,,0.05,tolerated_low_confidence,0.027,benign,,none,1.0,2.0,0.0824,BENIGN,0.6,0.0824,1.0,0.0,0.0,0.0,1.0,43.24
rs952124329,Ensembl VEP (dbSNP),rs952124329,rs952124329,,X,47228293.0,C,T,rs952124329,ENST00000357227.9:c.1376-274C>T,,ENST00000357227,NP_006192.1,,,,,other,intron_variant,,,,,,,,,,,none,,,,,0.0,0.0,0.0,0.0,0.0,0.0,0.75,11.25
rs951835965,Ensembl VEP (dbSNP),rs951835965,rs951835965,,X,47218254.0,A,G,rs951835965,,,ENST00000335972,NP_006192.1,,,,,other,downstream_gene_variant,,,,,,,,,,,none,,,,,0.0,0.0,0.0,0.0,0.0,0.0,0.5,7.5
rs951369106,Ensembl VEP (dbSNP),rs951369106,rs951369106,,X,47223872.0,C,A,rs951369106,ENST00000357227.9:c.202+113C>A,,ENST00000357227,NP_006192.1,,,,,other,intron_variant,,,,,,,,,,,none,,,,,0.0,0.0,0.0,0.0,0.0,0.0,0.75,11.25
rs951064067,Ensembl VEP (dbSNP),rs951064067,rs951064067,,X,47225581.0,A,G,rs951064067,ENST00000357227.9:c.635-191A>G,,ENST00000357227,NP_006192.1,,,,,other,intron_variant,,,,,,,,,,,none,,,,,0.0,0.0,0.0,0.0,0.0,0.0,0.75,11.25
rs950967567,Ensembl VEP (dbSNP),rs950967567,rs950967567,,X,47216719.0,C,T,rs950967567,,,ENST00000335972,NP_006192.1,,,,,other,downstream_gene_variant,,,,,,,,,,,none,,,,,0.0,0.0,0.0,0.0,0.0,0.0,0.5,7.5
rs950830099,Ensembl VEP (dbSNP),rs950830099,rs950830099,,X,47216388.0,C,T,rs950830099,,,ENST00000335972,NP_006192.1,,,,,other,downstream_gene_variant,,,,,,,,,,,none,,,,,0.0,0.0,0.0,0.0,0.0,0.0,0.5,7.5
rs950309038,Ensembl VEP (dbSNP),rs950309038,rs950309038,,X,47222419.0,G,A,rs950309038,ENST00000357227.9:c.-6-1133G>A,,ENST00000357227,NP_006192.1,,,,,other,intron_variant,,,,,,,,,,,none,,,,,0.0,0.0,0.0,0.0,0.0,0.0,0.75,11.25
rs950093011,Ensembl VEP (dbSNP),rs950093011,rs950093011,,X,47222805.0,G,C,rs950093011,ENST00000357227.9:c.-6-747G>C,,ENST00000357227,NP_006192.1,,,,,other,intron_variant,,,,,,,,,,,none,,,,,0.0,0.0,0.0,0.0,0.0,0.0,0.75,11.25
rs950074584,Ensembl VEP (dbSNP),rs950074584,rs950074584,,X,47223312.0,G,T,rs950074584,ENST00000357227.9:c.-6-240G>T,,ENST00000357227,NP_006192.1,,,,,other,intron_variant,,,,,,,,,,,none,,,,,0.0,0.0,0.0,0.0,0.0,0.0,0.75,11.25
rs949216542,Ensembl VEP (dbSNP),rs949216542,rs949216542,,X,47220647.0,C,G,rs949216542,ENST00000357227.9:c.-7+1542C>G,,ENST00000357227,NP_006192.1,,,,,other,intron_variant,,,,,,,,,,,none,,,,,0.0,0.0,0.0,0.0,0.0,0.0,0.75,11.25
rs948239678,Ensembl VEP (dbSNP),rs948239678,rs948239678,,X,47228470.0,G,A,rs948239678,ENST00000357227.9:c.1376-97G>A,,ENST00000357227,NP_006192.1,,,,,other,intron_variant,,,,,,,,,,,none,,,,,0.0,0.0,0.0,0.0,0.0,0.0,0.75,11.25
rs947503095,Ensembl VEP (dbSNP),rs947503095,rs947503095,,X,47220914.0,G,A,rs947503095,ENST00000357227.9:c.-7+1809G>A,,ENST00000357227,NP_006192.1,,,,,other,intron_variant,,,,,,,,,,,none,,,,,0.0,0.0,0.0,0.0,0.0,0.0,0.75,11.25
rs947236170,Ensembl VEP (dbSNP),rs947236170,rs947236170,,X,47226013.0,A,C,rs947236170,ENST00000357227.9:c.778A>C,ENSP00000349762.4:p.Met260Leu,ENST00000357227,NP_006192.1,260.0,M,L,M260L,missense,missense_variant,,,,,,0.03,deleterious_low_confidence,0.017,benign,Protein kinase,none,1.0,2.0,0.1347,BENIGN,0.0,0.1347,1.0,0.25,0.6,0.0,1.0,41.77
rs947050380,Ensembl VEP (dbSNP),rs947050380,rs947050380,,X,47216817.0,C,G,rs947050380,,,ENST00000335972,NP_006192.1,,,,,other,downstream_gene_variant,,,,,,,,,,,none,,,,,0.0,0.0,0.0,0.0,0.0,0.0,0.5,7.5
rs945210081,Ensembl VEP (dbSNP),rs945210081,rs945210081,,X,47221571.0,C,G,rs945210081,ENST00000357227.9:c.-6-1981C>G,,ENST00000357227,NP_006192.1,,,,,other,intron_variant,,,,,,,,,,,none,,,,,0.0,0.0,0.0,0.0,0.0,0.0,0.75,11.25
rs944479602,Ensembl VEP (dbSNP),rs944479602,rs944479602,,X,47229809.0,C,T,rs944479602,ENST00000357227.9:c.*1041C>T,,ENST00000357227,NP_006192.1,,,,,other,3_prime_UTR_variant,,,,,,,,,,,none,,,,,0.0,0.0,0.0,0.0,0.0,0.0,0.75,11.25
rs944372645,Ensembl VEP (dbSNP),rs944372645,rs944372645,,X,47229037.0,G,A,rs944372645,ENST00000357227.9:c.*269G>A,,ENST00000357227,NP_006192.1,,,,,other,3_prime_UTR_variant,,,,,,,,,,,none,,,,,0.0,0.0,0.0,0.0,0.0,0.0,0.75,11.25
rs944227317,Ensembl VEP (dbSNP),rs944227317,rs944227317,,X,47218753.0,G,C,rs944227317,,,ENST00000335972,NP_006192.1,,,,,other,downstream_gene_variant,,,,,,,,,,,none,,,,,0.0,0.0,0.0,0.0,0.0,0.0,0.5,7.5
rs944180081,Ensembl VEP (dbSNP),rs944180081,rs944180081,,X,47219445.0,G,A,rs944180081,,,ENST00000335972,NP_006192.1,,,,,other,downstream_gene_variant,,,,,,,,,,,none,,,,,0.0,0.0,0.0,0.0,0.0,0.0,0.5,7.5
rs944146149,Ensembl VEP (dbSNP),rs944146149,rs944146149,,X,47222089.0,A,G,rs944146149,ENST00000357227.9:c.-6-1463A>G,,ENST00000357227,NP_006192.1,,,,,other,intron_variant,,,,,,,,,,,none,,,,,0.0,0.0,0.0,0.0,0.0,0.0,0.75,11.25
rs943192722,Ensembl VEP (dbSNP),rs943192722,rs943192722,,X,47217371.0,C,T,rs943192722,,,ENST00000335972,NP_006192.1,,,,,other,downstream_gene_variant,,,,,,,,,,,none,,,,,0.0,0.0,0.0,0.0,0.0,0.0,0.5,7.5
rs942463441,Ensembl VEP (dbSNP),rs942463441,rs942463441,,X,47225305.0,C,G,rs942463441,ENST00000357227.9:c.634+203C>G,,ENST00000357227,NP_006192.1,,,,,other,intron_variant,,,,,,,,,,,none,,,,,0.0,0.0,0.0,0.0,0.0,0.0,0.75,11.25
rs941959699,Ensembl VEP (dbSNP),rs941959699,rs941959699,,X,47225461.0,G,-,rs941959699,ENST00000357227.9:c.635-311del,,ENST00000357227,NP_006192.1,,,,,other,intron_variant,,,,,,,,,,,none,,,,,0.0,0.0,0.0,0.0,0.0,0.0,0.75,11.25
rs941460155,Ensembl VEP (dbSNP),rs941460155,rs941460155,,X,47222739.0,T,C,rs941460155,ENST00000357227.9:c.-6-813T>C,,ENST00000357227,NP_006192.1,,,,,other,intron_variant,,,,,,,,,,,none,,,,,0.0,0.0,0.0,0.0,0.0,0.0,0.75,11.25
rs940859970,Ensembl VEP (dbSNP),rs940859970,rs940859970,,X,47228930.0,G,A,rs940859970,ENST00000357227.9:c.*162G>A,,ENST00000357227,NP_006192.1,,,,,other,3_prime_UTR_variant,,,,,,,,,,,none,,,,,0.0,0.0,0.0,0.0,0.0,0.0,0.75,11.25
rs940563237,Ensembl VEP (dbSNP),rs940563237,rs940563237,,X,47230213.0,T,A,rs940563237,,,ENST00000357227,NP_006192.1,,,,,other,downstream_gene_variant,,,,,,,,,,,none,,,,,0.0,0.0,0.0,0.0,0.0,0.0,0.5,7.5
rs940323210,Ensembl VEP (dbSNP),rs940323210,rs940323210,,X,47219947.0,G,T,rs940323210,,,ENST00000335972,NP_006192.1,,,,,other,downstream_gene_variant,,,,,,,,,,,none,,,,,0.0,0.0,0.0,0.0,0.0,0.0,0.5,7.5
rs939564736,Ensembl VEP (dbSNP),rs939564736,rs939564736,,X,47228331.0,T,C,rs939564736,ENST00000357227.9:c.1376-236T>C,,ENST00000357227,NP_006192.1,,,,,other,intron_variant,,,,,,,,,,,none,,,,,0.0,0.0,0.0,0.0,0.0,0.0,0.75,11.25
rs939503570,Ensembl VEP (dbSNP),rs939503570,rs939503570,,X,47227665.0,T,G,rs939503570,ENST00000357227.9:c.1375+196T>G,,ENST00000357227,NP_006192.1,,,,,other,intron_variant,,,,,,,,,,,none,,,,,0.0,0.0,0.0,0.0,0.0,0.0,0.75,11.25
rs939466566,Ensembl VEP (dbSNP),rs939466566,rs939466566,,X,47218290.0,C,G,rs939466566,,,ENST00000335972,NP_006192.1,,,,,other,downstream_gene_variant,,,,,,,,,,,none,,,,,0.0,0.0,0.0,0.0,0.0,0.0,0.5,7.5
rs939315239,Ensembl VEP (dbSNP),rs939315239,rs939315239,,X,47217920.0,G,C,rs939315239,,,ENST00000335972,NP_006192.1,,,,,other,downstream_gene_variant,,,,,,,,,,,none,,,,,0.0,0.0,0.0,0.0,0.0,0.0,0.5,7.5
rs939000663,Ensembl VEP (dbSNP),rs939000663,rs939000663,,X,47223636.0,G,A,rs939000663,ENST00000357227.9:c.79G>A,ENSP00000349762.4:p.Ala27Thr,ENST00000357227,NP_006192.1,27.0,A,T,A27T,missense,missense_variant,,,,,,0.28,tolerated_low_confidence,0.0,benign,Disordered,none,1.0,2.0,0.0641,BENIGN,0.0,0.0641,1.0,0.25,0.3,0.0,1.0,37.71
rs938506523,Ensembl VEP (dbSNP),rs938506523,rs938506523,,X,47225356.0,T,C,rs938506523,ENST00000357227.9:c.634+254T>C,,ENST00000357227,NP_006192.1,,,,,other,intron_variant,,,,,,,,,,,none,,,,,0.0,0.0,0.0,0.0,0.0,0.0,0.75,11.25
rs938026705,Ensembl VEP (dbSNP),rs938026705,rs938026705,,X,47225561.0,C,T,rs938026705,ENST00000357227.9:c.635-211C>T,,ENST00000357227,NP_006192.1,,,,,other,intron_variant,,,,,,,,,,,none,,,,,0.0,0.0,0.0,0.0,0.0,0.0,0.75,11.25
rs937631462,Ensembl VEP (dbSNP),rs937631462,rs937631462,,X,47223329.0,A,G,rs937631462,ENST00000357227.9:c.-6-223A>G,,ENST00000357227,NP_006192.1,,,,,other,intron_variant,,,,,,,,,,,none,,,,,0.0,0.0,0.0,0.0,0.0,0.0,0.75,11.25
rs937495603,Ensembl VEP (dbSNP),rs937495603,rs937495603,,X,47222890.0,C,T,rs937495603,ENST00000357227.9:c.-6-662C>T,,ENST00000357227,NP_006192.1,,,,,other,intron_variant,,,,,,,,,,,none,,,,,0.0,0.0,0.0,0.0,0.0,0.0,0.75,11.25
rs936985876,Ensembl VEP (dbSNP),rs936985876,rs936985876,,X,47229076.0,C,A,rs936985876,ENST00000357227.9:c.*308C>A,,ENST00000357227,NP_006192.1,,,,,other,3_prime_UTR_variant,,,,,,,,,,,none,,,,,0.0,0.0,0.0,0.0,0.0,0.0,0.75,11.25
rs936631966,Ensembl VEP (dbSNP),rs936631966,rs936631966,,X,47221057.0,G,A,rs936631966,ENST00000357227.9:c.-7+1952G>A,,ENST00000357227,NP_006192.1,,,,,other,intron_variant,,,,,,,,,,,none,,,,,0.0,0.0,0.0,0.0,0.0,0.0,0.75,11.25
rs935816718,Ensembl VEP (dbSNP),rs935816718,rs935816718,,X,47229724.0,G,A,rs935816718,ENST00000357227.9:c.*956G>A,,ENST00000357227,NP_006192.1,,,,,other,3_prime_UTR_variant,,,,,,,,,,,none,,,,,0.0,0.0,0.0,0.0,0.0,0.0,0.75,11.25
rs935785018,Ensembl VEP (dbSNP),rs935785018,rs935785018,,X,47230034.0,C,G,rs935785018,,,ENST00000357227,NP_006192.1,,,,,other,downstream_gene_variant,,,,,,,,,,,none,,,,,0.0,0.0,0.0,0.0,0.0,0.0,0.5,7.5
rs935726506,Ensembl VEP (dbSNP),rs935726506,rs935726506,,X,47228938.0,A,G,rs935726506,ENST00000357227.9:c.*170A>G,,ENST00000357227,NP_006192.1,,,,,other,3_prime_UTR_variant,,,,,,,,,,,none,,,,,0.0,0.0,0.0,0.0,0.0,0.0,0.75,11.25
rs935480871,Ensembl VEP (dbSNP),rs935480871,rs935480871,,X,47218488.0,C,G,rs935480871,,,ENST00000335972,NP_006192.1,,,,,other,downstream_gene_variant,,,,,,,,,,,none,,,,,0.0,0.0,0.0,0.0,0.0,0.0,0.5,7.5
rs935267850,Ensembl VEP (dbSNP),rs935267850,rs935267850,,X,47221377.0,C,G,rs935267850,ENST00000357227.9:c.-6-2175C>G,,ENST00000357227,NP_006192.1,,,,,other,intron_variant,,,,,,,,,,,none,,,,,0.0,0.0,0.0,0.0,0.0,0.0,0.75,11.25
rs934701005,Ensembl VEP (dbSNP),rs934701005,rs934701005,,X,47226503.0,C,T,rs934701005,ENST00000357227.9:c.917-80C>T,,ENST00000357227,NP_006192.1,,,,,other,intron_variant,,,,,,,,,,,none,,,,,0.0,0.0,0.0,0.0,0.0,0.0,0.75,11.25
rs934613851,Ensembl VEP (dbSNP),rs934613851,rs934613851,,X,47216858.0,A,G,rs934613851,,,ENST00000335972,NP_006192.1,,,,,other,downstream_gene_variant,,,,,,,,,,,none,,,,,0.0,0.0,0.0,0.0,0.0,0.0,0.5,7.5
rs933795059,Ensembl VEP (dbSNP),rs933795059,rs933795059,,X,47223939.0,G,A,rs933795059,ENST00000357227.9:c.202+180G>A,,ENST00000357227,NP_006192.1,,,,,other,intron_variant,,,,,,,,,,,none,,,,,0.0,0.0,0.0,0.0,0.0,0.0,0.75,11.25
rs933469030,Ensembl VEP (dbSNP),rs933469030,rs933469030,,X,47228519.0,G,C,rs933469030,ENST00000357227.9:c.1376-48G>C,,ENST00000357227,NP_006192.1,,,,,other,intron_variant,,,,,,,,,,,none,,,,,0.0,0.0,0.0,0.0,0.0,0.0,0.75,11.25
rs932770733,Ensembl VEP (dbSNP),rs932770733,rs932770733,,X,47221694.0,T,G,rs932770733,ENST00000357227.9:c.-6-1858T>G,,ENST00000357227,NP_006192.1,,,,,other,intron_variant,,,,,,,,,,,none,,,,,0.0,0.0,0.0,0.0,0.0,0.0,0.75,11.25
rs932511420,Ensembl VEP (dbSNP),rs932511420,rs932511420,,X,47222241.0,G,A,rs932511420,ENST00000357227.9:c.-6-1311G>A,,ENST00000357227,NP_006192.1,,,,,other,intron_variant,,,,,,,,,,,none,,,,,0.0,0.0,0.0,0.0,0.0,0.0,0.75,11.25
rs932483631,Ensembl VEP (dbSNP),rs932483631,rs932483631,,X,47230462.0,G,A,rs932483631,,,ENST00000357227,NP_006192.1,,,,,other,downstream_gene_variant,,,,,,,,,,,none,,,,,0.0,0.0,0.0,0.0,0.0,0.0,0.5,7.5
rs931883138,Ensembl VEP (dbSNP),rs931883138,rs931883138,,X,47229512.0,A,G,rs931883138,ENST00000357227.9:c.*744A>G,,ENST00000357227,NP_006192.1,,,,,other,3_prime_UTR_variant,,,,,,,,,,,none,,,,,0.0,0.0,0.0,0.0,0.0,0.0,0.75,11.25
rs931760047,Ensembl VEP (dbSNP),rs931760047,rs931760047,,X,47219485.0,G,A,rs931760047,,,ENST00000335972,NP_006192.1,,,,,other,downstream_gene_variant,,,,,,,,,,,none,,,,,0.0,0.0,0.0,0.0,0.0,0.0,0.5,7.5
rs931478692,Ensembl VEP (dbSNP),rs931478692,rs931478692,,X,47219862.0,A,G,rs931478692,,,ENST00000335972,NP_006192.1,,,,,other,downstream_gene_variant,,,,,,,,,,,none,,,,,0.0,0.0,0.0,0.0,0.0,0.0,0.5,7.5
rs930674973,Ensembl VEP (dbSNP),rs930674973,rs930674973,,X,47227591.0,C,G,rs930674973,ENST00000357227.9:c.1375+122C>G,,ENST00000357227,NP_006192.1,,,,,other,intron_variant,,,,,,,,,,,none,,,,,0.0,0.0,0.0,0.0,0.0,0.0,0.75,11.25
rs930465893,Ensembl VEP (dbSNP),rs930465893,rs930465893,,X,47217858.0,C,G,rs930465893,,,ENST00000335972,NP_006192.1,,,,,other,downstream_gene_variant,,,,,,,,,,,none,,,,,0.0,0.0,0.0,0.0,0.0,0.0,0.5,7.5
rs930119239,Ensembl VEP (dbSNP),rs930119239,rs930119239,,X,47223037.0,G,T,rs930119239,ENST00000357227.9:c.-6-515G>T,,ENST00000357227,NP_006192.1,,,,,other,intron_variant,,,,,,,,,,,none,,,,,0.0,0.0,0.0,0.0,0.0,0.0,0.75,11.25
rs929869946,Ensembl VEP (dbSNP),rs929869946,rs929869946,,X,47224640.0,T,C,rs929869946,ENST00000357227.9:c.359T>C,ENSP00000349762.4:p.Leu120Pro,ENST00000357227,NP_006192.1,120.0,L,P,L120P,missense,missense_variant,,,,,,0.0,deleterious_low_confidence,1.0,probably_damaging,,none,1.0,2.0,0.9997,PATHOGENIC,0.0,0.9997,1.0,0.0,0.0,0.0,1.0,45.0
rs927539779,Ensembl VEP (dbSNP),rs927539779,rs927539779,,X,47223327.0,G,A,rs927539779,ENST00000357227.9:c.-6-225G>A,,ENST00000357227,NP_006192.1,,,,,other,intron_variant,,,,,,,,,,,none,,,,,0.0,0.0,0.0,0.0,0.0,0.0,0.75,11.25
rs925693010,Ensembl VEP (dbSNP),rs925693010,rs925693010,,X,47228852.0,T,G,rs925693010,ENST00000357227.9:c.*84T>G,,ENST00000357227,NP_006192.1,,,,,other,3_prime_UTR_variant,,,,,,,,,,,none,,,,,0.0,0.0,0.0,0.0,0.0,0.0,0.75,11.25
rs925523989,Ensembl VEP (dbSNP),rs925523989,rs925523989,,X,47218695.0,C,G,rs925523989,,,ENST00000335972,NP_006192.1,,,,,other,downstream_gene_variant,,,,,,,,,,,none,,,,,0.0,0.0,0.0,0.0,0.0,0.0,0.5,7.5
rs925401247,Ensembl VEP (dbSNP),rs925401247,rs925401247,,X,47227059.0,C,T,rs925401247,ENST00000357227.9:c.1201C>T,ENSP00000349762.4:p.Pro401Ser,ENST00000357227,NP_006192.1,401.0,P,S,P401S,missense,missense_variant,,,,,,0.01,deleterious_low_confidence,0.769,possibly_damaging,Protein kinase,none,1.0,2.0,0.5376,AMBIGUOUS,0.0,0.5376,1.0,0.25,0.6,0.0,1.0,47.81
rs925367908,Ensembl VEP (dbSNP),rs925367908,rs925367908,,X,47227714.0,T,C,rs925367908,ENST00000357227.9:c.1375+245T>C,,ENST00000357227,NP_006192.1,,,,,other,intron_variant,,,,,,,,,,,none,,,,,0.0,0.0,0.0,0.0,0.0,0.0,0.75,11.25
rs924716455,Ensembl VEP (dbSNP),rs924716455,rs924716455,,X,47226466.0,C,T,rs924716455,ENST00000357227.9:c.916+64C>T,,ENST00000357227,NP_006192.1,,,,,other,intron_variant,,,,,,,,,,,none,,,,,0.0,0.0,0.0,0.0,0.0,0.0,0.75,11.25
rs924390030,Ensembl VEP (dbSNP),rs924390030,rs924390030,,X,47229708.0,C,G,rs924390030,ENST00000357227.9:c.*940C>G,,ENST00000357227,NP_006192.1,,,,,other,3_prime_UTR_variant,,,,,,,,,,,none,,,,,0.0,0.0,0.0,0.0,0.0,0.0,0.75,11.25
rs924360709,Ensembl VEP (dbSNP),rs924360709,rs924360709,,X,47229993.0,G,A,rs924360709,ENST00000357227.9:c.*1225G>A,,ENST00000357227,NP_006192.1,,,,,other,3_prime_UTR_variant,,,,,,,,,,,none,,,,,0.0,0.0,0.0,0.0,0.0,0.0,0.75,11.25
rs924321769,Ensembl VEP (dbSNP),rs924321769,rs924321769,,X,47217291.0,G,A,rs924321769,,,ENST00000335972,NP_006192.1,,,,,other,downstream_gene_variant,,,,,,,,,,,none,,,,,0.0,0.0,0.0,0.0,0.0,0.0,0.5,7.5
rs923090906,Ensembl VEP (dbSNP),rs923090906,rs923090906,,X,47224932.0,G,T,rs923090906,ENST00000357227.9:c.519+42G>T,,ENST00000357227,NP_006192.1,,,,,other,intron_variant,,,,,,,,,,,none,,,,,0.0,0.0,0.0,0.0,0.0,0.0,0.75,11.25
rs922391613,Ensembl VEP (dbSNP),rs922391613,rs922391613,,X,47222206.0,C,T,rs922391613,ENST00000357227.9:c.-6-1346C>T,,ENST00000357227,NP_006192.1,,,,,other,intron_variant,,,,,,,,,,,none,,,,,0.0,0.0,0.0,0.0,0.0,0.0,0.75,11.25
rs922052362,Ensembl VEP (dbSNP),rs922052362,rs922052362,,X,47228419.0,G,A,rs922052362,ENST00000357227.9:c.1376-148G>A,,ENST00000357227,NP_006192.1,,,,,other,intron_variant,,,,,,,,,,,none,,,,,0.0,0.0,0.0,0.0,0.0,0.0,0.75,11.25
rs921670096,Ensembl VEP (dbSNP),rs921670096,rs921670096,,X,47219471.0,C,T,rs921670096,,,ENST00000335972,NP_006192.1,,,,,other,downstream_gene_variant,,,,,,,,,,,none,,,,,0.0,0.0,0.0,0.0,0.0,0.0,0.5,7.5
rs921568372,Ensembl VEP (dbSNP),rs921568372,rs921568372,,X,47229833.0,C,G,rs921568372,ENST00000357227.9:c.*1065C>G,,ENST00000357227,NP_006192.1,,,,,other,3_prime_UTR_variant,,,,,,,,,,,none,,,,,0.0,0.0,0.0,0.0,0.0,0.0,0.75,11.25
rs921404034,Ensembl VEP (dbSNP),rs921404034,rs921404034,,X,47219847.0,T,C,rs921404034,,,ENST00000335972,NP_006192.1,,,,,other,downstream_gene_variant,,,,,,,,,,,none,,,,,0.0,0.0,0.0,0.0,0.0,0.0,0.5,7.5
rs920885030,Ensembl VEP (dbSNP),rs920885030,rs920885030,,X,47229025.0,G,A,rs920885030,ENST00000357227.9:c.*257G>A,,ENST00000357227,NP_006192.1,,,,,other,3_prime_UTR_variant,,,,,,,,,,,none,,,,,0.0,0.0,0.0,0.0,0.0,0.0,0.75,11.25
rs920708607,Ensembl VEP (dbSNP),rs920708607,rs920708607,,X,47228281.0,A,C,rs920708607,ENST00000357227.9:c.1376-286A>C,,ENST00000357227,NP_006192.1,,,,,other,intron_variant,,,,,,,,,,,none,,,,,0.0,0.0,0.0,0.0,0.0,0.0,0.75,11.25
rs920562600,Ensembl VEP (dbSNP),rs920562600,rs920562600,,X,47227572.0,C,T,rs920562600,ENST00000357227.9:c.1375+103C>T,,ENST00000357227,NP_006192.1,,,,,other,intron_variant,,,,,,,,,,,none,,,,,0.0,0.0,0.0,0.0,0.0,0.0,0.75,11.25
rs920465424,Ensembl VEP (dbSNP),rs920465424,rs920465424,,X,47217843.0,G,A,rs920465424,,,ENST00000335972,NP_006192.1,,,,,other,downstream_gene_variant,,,,,,,,,,,none,,,,,0.0,0.0,0.0,0.0,0.0,0.0,0.5,7.5
rs919566442,Ensembl VEP (dbSNP),rs919566442,rs919566442,,X,47225318.0,C,T,rs919566442,ENST00000357227.9:c.634+216C>T,,ENST00000357227,NP_006192.1,,,,,other,intron_variant,,,,,,,,,,,none,,,,,0.0,0.0,0.0,0.0,0.0,0.0,0.75,11.25
rs918725195,Ensembl VEP (dbSNP),rs918725195,rs918725195,,X,47222144.0,G,C,rs918725195,ENST00000357227.9:c.-6-1408G>C,,ENST00000357227,NP_006192.1,,,,,other,intron_variant,,,,,,,,,,,none,,,,,0.0,0.0,0.0,0.0,0.0,0.0,0.75,11.25
rs918684997,Ensembl VEP (dbSNP),rs918684997,rs918684997,,X,47222962.0,C,A,rs918684997,ENST00000357227.9:c.-6-590C>A,,ENST00000357227,NP_006192.1,,,,,other,intron_variant,,,,,,,,,,,none,,,,,0.0,0.0,0.0,0.0,0.0,0.0,0.75,11.25
rs918549017,Ensembl VEP (dbSNP),rs918549017,rs918549017,,X,47222745.0,G,A,rs918549017,ENST00000357227.9:c.-6-807G>A,,ENST00000357227,NP_006192.1,,,,,other,intron_variant,,,,,,,,,,,none,,,,,0.0,0.0,0.0,0.0,0.0,0.0,0.75,11.25
rs917871878,Ensembl VEP (dbSNP),rs917871878,rs917871878,,X,47226925.0,C,G,rs917871878,ENST00000357227.9:c.1135+16C>G,,ENST00000357227,NP_006192.1,,,,,other,intron_variant,,,,,,,,,,,none,,,,,0.0,0.0,0.0,0.0,0.0,0.0,0.75,11.25
rs917723135,Ensembl VEP (dbSNP),rs917723135,rs917723135,,X,47230250.0,T,G,rs917723135,,,ENST00000357227,NP_006192.1,,,,,other,downstream_gene_variant,,,,,,,,,,,none,,,,,0.0,0.0,0.0,0.0,0.0,0.0,0.5,7.5
rs917670491,Ensembl VEP (dbSNP),rs917670491,rs917670491,,X,47220908.0,G,A,rs917670491,ENST00000357227.9:c.-7+1803G>A,,ENST00000357227,NP_006192.1,,,,,other,intron_variant,,,,,,,,,,,none,,,,,0.0,0.0,0.0,0.0,0.0,0.0,0.75,11.25
rs917501680,Ensembl VEP (dbSNP),rs917501680,rs917501680,,X,47229957.0,C,T,rs917501680,ENST00000357227.9:c.*1189C>T,,ENST00000357227,NP_006192.1,,,,,other,3_prime_UTR_variant,,,,,,,,,,,none,,,,,0.0,0.0,0.0,0.0,0.0,0.0,0.75,11.25
rs916851359,Ensembl VEP (dbSNP),rs916851359,rs916851359,,X,47228799.0,C,T,rs916851359,ENST00000357227.9:c.*31C>T,,ENST00000357227,NP_006192.1,,,,,other,3_prime_UTR_variant,,,,,,,,,,,none,,,,,0.0,0.0,0.0,0.0,0.0,0.0,0.75,11.25
rs916530390,Ensembl VEP (dbSNP),rs916530390,rs916530390,,X,47218310.0,C,T,rs916530390,,,ENST00000335972,NP_006192.1,,,,,other,downstream_gene_variant,,,,,,,,,,,none,,,,,0.0,0.0,0.0,0.0,0.0,0.0,0.5,7.5
rs916386740,Ensembl VEP (dbSNP),rs916386740,rs916386740,,X,47220557.0,G,A,rs916386740,ENST00000357227.9:c.-7+1452G>A,,ENST00000357227,NP_006192.1,,,,,other,intron_variant,,,,,,,,,,,none,,,,,0.0,0.0,0.0,0.0,0.0,0.0,0.75,11.25
rs915618493,Ensembl VEP (dbSNP),rs915618493,rs915618493,,X,47216453.0,G,A,rs915618493,,,ENST00000335972,NP_006192.1,,,,,other,downstream_gene_variant,,,,,,,,,,,none,,,,,0.0,0.0,0.0,0.0,0.0,0.0,0.5,7.5
rs913837760,Ensembl VEP (dbSNP),rs913837760,rs913837760,,X,47221567.0,C,T,rs913837760,ENST00000357227.9:c.-6-1985C>T,,ENST00000357227,NP_006192.1,,,,,other,intron_variant,,,,,,,,,,,none,,,,,0.0,0.0,0.0,0.0,0.0,0.0,0.75,11.25
rs913804234,Ensembl VEP (dbSNP),rs913804234,rs913804234,,X,47222099.0,G,A,rs913804234,ENST00000357227.9:c.-6-1453G>A,,ENST00000357227,NP_006192.1,,,,,other,intron_variant,,,,,,,,,,,none,,,,,0.0,0.0,0.0,0.0,0.0,0.0,0.75,11.25
rs913533608,Ensembl VEP (dbSNP),rs913533608,rs913533608,,X,47224050.0,C,A,rs913533608,ENST00000357227.9:c.202+291C>A,,ENST00000357227,NP_006192.1,,,,,other,intron_variant,,,,,,,,,,,none,,,,,0.0,0.0,0.0,0.0,0.0,0.0,0.75,11.25
rs913009793,Ensembl VEP (dbSNP),rs913009793,rs913009793,,X,47229491.0,G,A,rs913009793,ENST00000357227.9:c.*723G>A,,ENST00000357227,NP_006192.1,,,,,other,3_prime_UTR_variant,,,,,,,,,,,none,,,,,0.0,0.0,0.0,0.0,0.0,0.0,0.75,11.25
rs912978936,Ensembl VEP (dbSNP),rs912978936,rs912978936,,X,47229767.0,T,C,rs912978936,ENST00000357227.9:c.*999T>C,,ENST00000357227,NP_006192.1,,,,,other,3_prime_UTR_variant,,,,,,,,,,,none,,,,,0.0,0.0,0.0,0.0,0.0,0.0,0.75,11.25
rs912476576,Ensembl VEP (dbSNP),rs912476576,rs912476576,,X,47230482.0,C,T,rs912476576,,,ENST00000357227,NP_006192.1,,,,,other,downstream_gene_variant,,,,,,,,,,,none,,,,,0.0,0.0,0.0,0.0,0.0,0.0,0.5,7.5
rs912001844,Ensembl VEP (dbSNP),rs912001844,rs912001844,,X,47227115.0,G,A,rs912001844,ENST00000357227.9:c.1241+16G>A,,ENST00000357227,NP_006192.1,,,,,other,intron_variant,,,,,,,,,,,none,,,,,0.0,0.0,0.0,0.0,0.0,0.0,0.75,11.25
rs911973524,Ensembl VEP (dbSNP),rs911973524,rs911973524,,X,47227517.0,A,G,rs911973524,ENST00000357227.9:c.1375+48A>G,,ENST00000357227,NP_006192.1,,,,,other,intron_variant,,,,,,,,,,,none,,,,,0.0,0.0,0.0,0.0,0.0,0.0,0.75,11.25
rs911808422,Ensembl VEP (dbSNP),rs911808422,rs911808422,,X,47217345.0,G,C,rs911808422,,,ENST00000335972,NP_006192.1,,,,,other,downstream_gene_variant,,,,,,,,,,,none,,,,,0.0,0.0,0.0,0.0,0.0,0.0,0.5,7.5
rs911793819,Ensembl VEP (dbSNP),rs911793819,rs911793819,,X,47217795.0,G,A,rs911793819,,,ENST00000335972,NP_006192.1,,,,,other,downstream_gene_variant,,,,,,,,,,,none,,,,,0.0,0.0,0.0,0.0,0.0,0.0,0.5,7.5
rs911306448,Ensembl VEP (dbSNP),rs911306448,rs911306448,,X,47222075.0,C,T,rs911306448,ENST00000357227.9:c.-6-1477C>T,,ENST00000357227,NP_006192.1,,,,,other,intron_variant,,,,,,,,,,,none,,,,,0.0,0.0,0.0,0.0,0.0,0.0,0.75,11.25
rs910965120,Ensembl VEP (dbSNP),rs910965120,rs910965120,,X,47225298.0,T,C,rs910965120,ENST00000357227.9:c.634+196T>C,,ENST00000357227,NP_006192.1,,,,,other,intron_variant,,,,,,,,,,,none,,,,,0.0,0.0,0.0,0.0,0.0,0.0,0.75,11.25
rs910301268,Ensembl VEP (dbSNP),rs910301268,rs910301268,,X,47224796.0,T,C,rs910301268,ENST00000357227.9:c.463-38T>C,,ENST00000357227,NP_006192.1,,,,,other,intron_variant,,,,,,,,,,,none,,,,,0.0,0.0,0.0,0.0,0.0,0.0,0.75,11.25
rs910133589,Ensembl VEP (dbSNP),rs910133589,rs910133589,,X,47223122.0,C,T,rs910133589,ENST00000357227.9:c.-6-430C>T,,ENST00000357227,NP_006192.1,,,,,other,intron_variant,,,,,,,,,,,none,,,,,0.0,0.0,0.0,0.0,0.0,0.0,0.75,11.25
rs910017016,Ensembl VEP (dbSNP),rs910017016,rs910017016,,X,47223565.0,G,A,rs910017016,ENST00000357227.9:c.8G>A,ENSP00000349762.4:p.Arg3Gln,ENST00000357227,NP_006192.1,3.0,R,Q,R3Q,missense,missense_variant,,,,,,0.0,deleterious_low_confidence,0.22,benign,Disordered,none,1.0,2.0,0.6726,PATHOGENIC,0.0,0.6726,1.0,0.25,0.3,0.0,1.0,46.84
rs909987758,Ensembl VEP (dbSNP),rs909987758,rs909987758,,X,47222280.0,G,A,rs909987758,ENST00000357227.9:c.-6-1272G>A,,ENST00000357227,NP_006192.1,,,,,other,intron_variant,,,,,,,,,,,none,,,,,0.0,0.0,0.0,0.0,0.0,0.0,0.75,11.25
rs909956983,Ensembl VEP (dbSNP),rs909956983,rs909956983,,X,47222723.0,G,C,rs909956983,ENST00000357227.9:c.-6-829G>C,,ENST00000357227,NP_006192.1,,,,,other,intron_variant,,,,,,,,,,,none,,,,,0.0,0.0,0.0,0.0,0.0,0.0,0.75,11.25
rs909147823,Ensembl VEP (dbSNP),rs909147823,rs909147823,,X,47229883.0,G,A,rs909147823,ENST00000357227.9:c.*1115G>A,,ENST00000357227,NP_006192.1,,,,,other,3_prime_UTR_variant,,,,,,,,,,,none,,,,,0.0,0.0,0.0,0.0,0.0,0.0,0.75,11.25
rs909126971,Ensembl VEP (dbSNP),rs909126971,rs909126971,,X,47230208.0,A,C,rs909126971,,,ENST00000357227,NP_006192.1,,,,,other,downstream_gene_variant,,,,,,,,,,,none,,,,,0.0,0.0,0.0,0.0,0.0,0.0,0.5,7.5
rs909125908,Ensembl VEP (dbSNP),rs909125908,rs909125908,,X,47225453.0,T,C,rs909125908,ENST00000357227.9:c.635-319T>C,,ENST00000357227,NP_006192.1,,,,,other,intron_variant,,,,,,,,,,,none,,,,,0.0,0.0,0.0,0.0,0.0,0.0,0.75,11.25
rs908982518,Ensembl VEP (dbSNP),rs908982518,rs908982518,,X,47219930.0,G,C,rs908982518,,,ENST00000335972,NP_006192.1,,,,,other,downstream_gene_variant,,,,,,,,,,,none,,,,,0.0,0.0,0.0,0.0,0.0,0.0,0.5,7.5
rs908951434,Ensembl VEP (dbSNP),rs908951434,rs908951434,,X,47220252.0,G,A,rs908951434,ENST00000357227.9:c.-7+1147G>A,,ENST00000357227,NP_006192.1,,,,,other,intron_variant,,,,,,,,,,,none,,,,,0.0,0.0,0.0,0.0,0.0,0.0,0.75,11.25
rs908116613,Ensembl VEP (dbSNP),rs908116613,rs908116613,,X,47228326.0,G,A,rs908116613,ENST00000357227.9:c.1376-241G>A,,ENST00000357227,NP_006192.1,,,,,other,intron_variant,,,,,,,,,,,none,,,,,0.0,0.0,0.0,0.0,0.0,0.0,0.75,11.25
rs908005804,Ensembl VEP (dbSNP),rs908005804,rs908005804,,X,47228911.0,C,T,rs908005804,ENST00000357227.9:c.*143C>T,,ENST00000357227,NP_006192.1,,,,,other,3_prime_UTR_variant,,,,,,,,,,,none,,,,,0.0,0.0,0.0,0.0,0.0,0.0,0.75,11.25
rs907977872,Ensembl VEP (dbSNP),rs907977872,rs907977872,,X,47217899.0,A,G,rs907977872,,,ENST00000335972,NP_006192.1,,,,,other,downstream_gene_variant,,,,,,,,,,,none,,,,,0.0,0.0,0.0,0.0,0.0,0.0,0.5,7.5
rs907947402,Ensembl VEP (dbSNP),rs907947402,rs907947402,,X,47218283.0,C,T,rs907947402,,,ENST00000335972,NP_006192.1,,,,,other,downstream_gene_variant,,,,,,,,,,,none,,,,,0.0,0.0,0.0,0.0,0.0,0.0,0.5,7.5
rs907835492,Ensembl VEP (dbSNP),rs907835492,rs907835492,,X,47228777.0,C,T,rs907835492,ENST00000357227.9:c.*9C>T,,ENST00000357227,NP_006192.1,,,,,other,3_prime_UTR_variant,,,,,,,,,,,none,,,,,0.0,0.0,0.0,0.0,0.0,0.0,0.75,11.25
rs906137559,Ensembl VEP (dbSNP),rs906137559,rs906137559,,X,47222860.0,C,T,rs906137559,ENST00000357227.9:c.-6-692C>T,,ENST00000357227,NP_006192.1,,,,,other,intron_variant,,,,,,,,,,,none,,,,,0.0,0.0,0.0,0.0,0.0,0.0,0.75,11.25
rs905996496,Ensembl VEP (dbSNP),rs905996496,rs905996496,,X,47222480.0,A,C,rs905996496,ENST00000357227.9:c.-6-1072A>C,,ENST00000357227,NP_006192.1,,,,,other,intron_variant,,,,,,,,,,,none,,,,,0.0,0.0,0.0,0.0,0.0,0.0,0.75,11.25
rs905135927,Ensembl VEP (dbSNP),rs905135927,rs905135927,,X,47220570.0,A,C,rs905135927,ENST00000357227.9:c.-7+1465A>C,,ENST00000357227,NP_006192.1,,,,,other,intron_variant,,,,,,,,,,,none,,,,,0.0,0.0,0.0,0.0,0.0,0.0,0.75,11.25
rs904299427,Ensembl VEP (dbSNP),rs904299427,rs904299427,,X,47228489.0,T,G,rs904299427,ENST00000357227.9:c.1376-78T>G,,ENST00000357227,NP_006192.1,,,,,other,intron_variant,,,,,,,,,,,none,,,,,0.0,0.0,0.0,0.0,0.0,0.0,0.75,11.25
rs904161136,Ensembl VEP (dbSNP),rs904161136,rs904161136,,X,47227916.0,C,A,rs904161136,ENST00000357227.9:c.1375+447C>A,,ENST00000357227,NP_006192.1,,,,,other,intron_variant,,,,,,,,,,,none,,,,,0.0,0.0,0.0,0.0,0.0,0.0,0.75,11.25
rs904130371,Ensembl VEP (dbSNP),rs904130371,rs904130371,,X,47218453.0,T,C,rs904130371,,,ENST00000335972,NP_006192.1,,,,,other,downstream_gene_variant,,,,,,,,,,,none,,,,,0.0,0.0,0.0,0.0,0.0,0.0,0.5,7.5
rs904038269,Ensembl VEP (dbSNP),rs904038269,rs904038269,,X,47225766.0,C,T,rs904038269,ENST00000357227.9:c.635-6C>T,,ENST00000357227,NP_006192.1,,,,,splice,splice_region_variant;splice_polypyrimidine_tract_variant;intron_variant,,,,,,,,,,,none,,,,,0.0,0.0,0.0,0.0,0.0,0.0,0.75,11.25
rs903998884,Ensembl VEP (dbSNP),rs903998884,rs903998884,,X,47218028.0,G,A,rs903998884,,,ENST00000335972,NP_006192.1,,,,,other,downstream_gene_variant,,,,,,,,,,,none,,,,,0.0,0.0,0.0,0.0,0.0,0.0,0.5,7.5
rs903155617,Ensembl VEP (dbSNP),rs903155617,rs903155617,,X,47225430.0,T,G,rs903155617,ENST00000357227.9:c.634+328T>G,,ENST00000357227,NP_006192.1,,,,,other,intron_variant,,,,,,,,,,,none,,,,,0.0,0.0,0.0,0.0,0.0,0.0,0.75,11.25
rs902150536,Ensembl VEP (dbSNP),rs902150536,rs902150536,,X,47223014.0,G,C,rs902150536,ENST00000357227.9:c.-6-538G>C,,ENST00000357227,NP_006192.1,,,,,other,intron_variant,,,,,,,,,,,none,,,,,0.0,0.0,0.0,0.0,0.0,0.0,0.75,11.25
rs901783744,Ensembl VEP (dbSNP),rs901783744,rs901783744,,X,47223824.0,G,C,rs901783744,ENST00000357227.9:c.202+65G>C,,ENST00000357227,NP_006192.1,,,,,other,intron_variant,,,,,,,,,,,none,,,,,0.0,0.0,0.0,0.0,0.0,0.0,0.75,11.25
rs900774912,Ensembl VEP (dbSNP),rs900774912,rs900774912,,X,47226410.0,T,G,rs900774912,ENST00000357227.9:c.916+8T>G,,ENST00000357227,NP_006192.1,,,,,splice,splice_region_variant;intron_variant,,,,,,,,,,,none,,,,,0.0,0.0,0.0,0.0,0.0,0.0,0.75,11.25
rs900450306,Ensembl VEP (dbSNP),rs900450306,rs900450306,,X,47229066.0,G,A,rs900450306,ENST00000357227.9:c.*298G>A,,ENST00000357227,NP_006192.1,,,,,other,3_prime_UTR_variant,,,,,,,,,,,none,,,,,0.0,0.0,0.0,0.0,0.0,0.0,0.75,11.25
rs900419123,Ensembl VEP (dbSNP),rs900419123,rs900419123,,X,47229509.0,G,A,rs900419123,ENST00000357227.9:c.*741G>A,,ENST00000357227,NP_006192.1,,,,,other,3_prime_UTR_variant,,,,,,,,,,,none,,,,,0.0,0.0,0.0,0.0,0.0,0.0,0.75,11.25
rs900273973,Ensembl VEP (dbSNP),rs900273973,rs900273973,,X,47218780.0,C,G,rs900273973,,,ENST00000335972,NP_006192.1,,,,,other,downstream_gene_variant,,,,,,,,,,,none,,,,,0.0,0.0,0.0,0.0,0.0,0.0,0.5,7.5
rs900133635,Ensembl VEP (dbSNP),rs900133635,rs900133635,,X,47218601.0,C,G,rs900133635,,,ENST00000335972,NP_006192.1,,,,,other,downstream_gene_variant,,,,,,,,,,,none,,,,,0.0,0.0,0.0,0.0,0.0,0.0,0.5,7.5
rs899416208,Ensembl VEP (dbSNP),rs899416208,rs899416208,,X,47227190.0,C,T,rs899416208,ENST00000357227.9:c.1251C>T,ENSP00000349762.4:p.Ser417=,ENST00000357227,NP_006192.1,417.0,,,,synonymous,synonymous_variant,,,,,,,,,,Protein kinase,none,1.0,2.0,,,0.0,0.0,1.0,0.25,0.6,0.0,1.0,39.75
rs898841356,Ensembl VEP (dbSNP),rs898841356,rs898841356,,X,47228029.0,G,A,rs898841356,ENST00000357227.9:c.1376-538G>A,,ENST00000357227,NP_006192.1,,,,,other,intron_variant,,,,,,,,,,,none,,,,,0.0,0.0,0.0,0.0,0.0,0.0,0.75,11.25
rs897436438,Ensembl VEP (dbSNP),rs897436438,rs897436438,,X,47220991.0,CTTA,-,rs897436438,ENST00000357227.9:c.-7+1886_-7+1889del,,ENST00000357227,NP_006192.1,,,,,other,intron_variant,,,,,,,,,,,none,,,,,0.0,0.0,0.0,0.0,0.0,0.0,0.75,11.25
rs897424937,Ensembl VEP (dbSNP),rs897424937,rs897424937,,X,47221908.0,C,T,rs897424937,ENST00000357227.9:c.-6-1644C>T,,ENST00000357227,NP_006192.1,,,,,other,intron_variant,,,,,,,,,,,none,,,,,0.0,0.0,0.0,0.0,0.0,0.0,0.75,11.25
rs897398251,Ensembl VEP (dbSNP),rs897398251,rs897398251,,X,47222371.0,A,T,rs897398251,ENST00000357227.9:c.-6-1181A>T,,ENST00000357227,NP_006192.1,,,,,other,intron_variant,,,,,,,,,,,none,,,,,0.0,0.0,0.0,0.0,0.0,0.0,0.75,11.25
rs897390054,Ensembl VEP (dbSNP),rs897390054,rs897390054,,X,47221663.0,G,C,rs897390054,ENST00000357227.9:c.-6-1889G>C,,ENST00000357227,NP_006192.1,,,,,other,intron_variant,,,,,,,,,,,none,,,,,0.0,0.0,0.0,0.0,0.0,0.0,0.75,11.25
rs896607129,Ensembl VEP (dbSNP),rs896607129,rs896607129,,X,47229598.0,C,T,rs896607129,ENST00000357227.9:c.*830C>T,,ENST00000357227,NP_006192.1,,,,,other,3_prime_UTR_variant,,,,,,,,,,,none,,,,,0.0,0.0,0.0,0.0,0.0,0.0,0.75,11.25
rs896428736,Ensembl VEP (dbSNP),rs896428736,rs896428736,,X,47219594.0,G,A,rs896428736,,,ENST00000335972,NP_006192.1,,,,,other,downstream_gene_variant,,,,,,,,,,,none,,,,,0.0,0.0,0.0,0.0,0.0,0.0,0.5,7.5
rs896384059,Ensembl VEP (dbSNP),rs896384059,rs896384059,,X,47219959.0,G,C,rs896384059,,,ENST00000335972,NP_006192.1,,,,,other,downstream_gene_variant,,,,,,,,,,,none,,,,,0.0,0.0,0.0,0.0,0.0,0.0,0.5,7.5
rs895412021,Ensembl VEP (dbSNP),rs895412021,rs895412021,,X,47217590.0,T,C,rs895412021,,,ENST00000335972,NP_006192.1,,,,,other,downstream_gene_variant,,,,,,,,,,,none,,,,,0.0,0.0,0.0,0.0,0.0,0.0,0.5,7.5
rs895393751,Ensembl VEP (dbSNP),rs895393751,rs895393751,,X,47217961.0,G,A,rs895393751,,,ENST00000335972,NP_006192.1,,,,,other,downstream_gene_variant,,,,,,,,,,,none,,,,,0.0,0.0,0.0,0.0,0.0,0.0,0.5,7.5
rs895321049,Ensembl VEP (dbSNP),rs895321049,rs895321049,,X,47227821.0,C,G,rs895321049,ENST00000357227.9:c.1375+352C>G,,ENST00000357227,NP_006192.1,,,,,other,intron_variant,,,,,,,,,,,none,,,,,0.0,0.0,0.0,0.0,0.0,0.0,0.75,11.25
rs894562415,Ensembl VEP (dbSNP),rs894562415,rs894562415,,X,47225363.0,A,G,rs894562415,ENST00000357227.9:c.634+261A>G,,ENST00000357227,NP_006192.1,,,,,other,intron_variant,,,,,,,,,,,none,,,,,0.0,0.0,0.0,0.0,0.0,0.0,0.75,11.25
rs893583443,Ensembl VEP (dbSNP),rs893583443,rs893583443,,X,47222515.0,G,A,rs893583443,ENST00000357227.9:c.-6-1037G>A,,ENST00000357227,NP_006192.1,,,,,other,intron_variant,,,,,,,,,,,none,,,,,0.0,0.0,0.0,0.0,0.0,0.0,0.75,11.25
rs893551918,Ensembl VEP (dbSNP),rs893551918,rs893551918,,X,47222967.0,C,A,rs893551918,ENST00000357227.9:c.-6-585C>A,,ENST00000357227,NP_006192.1,,,,,other,intron_variant,,,,,,,,,,,none,,,,,0.0,0.0,0.0,0.0,0.0,0.0,0.75,11.25
rs892573970,Ensembl VEP (dbSNP),rs892573970,rs892573970,,X,47220066.0,A,G,rs892573970,,,ENST00000335972,NP_006192.1,,,,,other,downstream_gene_variant,,,,,,,,,,,none,,,,,0.0,0.0,0.0,0.0,0.0,0.0,0.5,7.5
rs892547766,Ensembl VEP (dbSNP),rs892547766,rs892547766,,X,47220689.0,G,A,rs892547766,ENST00000357227.9:c.-7+1584G>A,,ENST00000357227,NP_006192.1,,,,,other,intron_variant,,,,,,,,,,,none,,,,,0.0,0.0,0.0,0.0,0.0,0.0,0.75,11.25
rs892266742,Ensembl VEP (dbSNP),rs892266742,rs892266742,,X,47221121.0,T,G,rs892266742,ENST00000357227.9:c.-7+2016T>G,,ENST00000357227,NP_006192.1,,,,,other,intron_variant,,,,,,,,,,,none,,,,,0.0,0.0,0.0,0.0,0.0,0.0,0.75,11.25
rs892211170,Ensembl VEP (dbSNP),rs892211170,rs892211170,,X,47223670.0,G,T,rs892211170,ENST00000357227.9:c.113G>T,ENSP00000349762.4:p.Gly38Val,ENST00000357227,NP_006192.1,38.0,G,V,G38V,missense,missense_variant,,,,,,0.15,tolerated_low_confidence,0.024,benign,Disordered,none,1.0,2.0,0.088,BENIGN,0.0,0.088,1.0,0.25,0.3,0.0,1.0,38.07
rs891537124,Ensembl VEP (dbSNP),rs891537124,rs891537124,,X,47218507.0,G,A,rs891537124,,,ENST00000335972,NP_006192.1,,,,,other,downstream_gene_variant,,,,,,,,,,,none,,,,,0.0,0.0,0.0,0.0,0.0,0.0,0.5,7.5
rs891434281,Ensembl VEP (dbSNP),rs891434281,rs891434281,,X,47229024.0,C,A,rs891434281,ENST00000357227.9:c.*256C>A,,ENST00000357227,NP_006192.1,,,,,other,3_prime_UTR_variant,,,,,,,,,,,none,,,,,0.0,0.0,0.0,0.0,0.0,0.0,0.75,11.25
rs891248741,Ensembl VEP (dbSNP),rs891248741,rs891248741,,X,47218748.0,T,C,rs891248741,,,ENST00000335972,NP_006192.1,,,,,other,downstream_gene_variant,,,,,,,,,,,none,,,,,0.0,0.0,0.0,0.0,0.0,0.0,0.5,7.5
rs890530715,Ensembl VEP (dbSNP),rs890530715,rs890530715,,X,47216646.0,T,C,rs890530715,,,ENST00000335972,NP_006192.1,,,,,other,downstream_gene_variant,,,,,,,,,,,none,,,,,0.0,0.0,0.0,0.0,0.0,0.0,0.5,7.5
rs890461450,Ensembl VEP (dbSNP),rs890461450,rs890461450,,X,47226164.0,T,G,rs890461450,ENST00000357227.9:c.793-115T>G,,ENST00000357227,NP_006192.1,,,,,other,intron_variant,,,,,,,,,,,none,,,,,0.0,0.0,0.0,0.0,0.0,0.0,0.75,11.25
rs890436241,Ensembl VEP (dbSNP),rs890436241,rs890436241,,X,47229793.0,C,T,rs890436241,ENST00000357227.9:c.*1025C>T,,ENST00000357227,NP_006192.1,,,,,other,3_prime_UTR_variant,,,,,,,,,,,none,,,,,0.0,0.0,0.0,0.0,0.0,0.0,0.75,11.25
rs890430573,Ensembl VEP (dbSNP),rs890430573,rs890430573,,X,47226545.0,G,A,rs890430573,ENST00000357227.9:c.917-38G>A,,ENST00000357227,NP_006192.1,,,,,other,intron_variant,,,,,,,,,,,none,,,,,0.0,0.0,0.0,0.0,0.0,0.0,0.75,11.25
rs890258375,Ensembl VEP (dbSNP),rs890258375,rs890258375,,X,47216902.0,G,A,rs890258375,,,ENST00000335972,NP_006192.1,,,,,other,downstream_gene_variant,,,,,,,,,,,none,,,,,0.0,0.0,0.0,0.0,0.0,0.0,0.5,7.5
rs889877596,Ensembl VEP (dbSNP),rs889877596,rs889877596,,X,47221638.0,C,T,rs889877596,ENST00000357227.9:c.-6-1914C>T,,ENST00000357227,NP_006192.1,,,,,other,intron_variant,,,,,,,,,,,none,,,,,0.0,0.0,0.0,0.0,0.0,0.0,0.75,11.25
rs889705808,Ensembl VEP (dbSNP),rs889705808,rs889705808,,X,47223480.0,G,A,rs889705808,ENST00000357227.9:c.-6-72G>A,,ENST00000357227,NP_006192.1,,,,,other,intron_variant,,,,,,,,,,,none,,,,,0.0,0.0,0.0,0.0,0.0,0.0,0.75,11.25
rs888733389,Ensembl VEP (dbSNP),rs888733389,rs888733389,,X,47222408.0,A,G,rs888733389,ENST00000357227.9:c.-6-1144A>G,,ENST00000357227,NP_006192.1,,,,,other,intron_variant,,,,,,,,,,,none,,,,,0.0,0.0,0.0,0.0,0.0,0.0,0.75,11.25
rs888700613,Ensembl VEP (dbSNP),rs888700613,rs888700613,,X,47221320.0,C,G,rs888700613,ENST00000357227.9:c.-7+2215C>G,,ENST00000357227,NP_006192.1,,,,,other,intron_variant,,,,,,,,,,,none,,,,,0.0,0.0,0.0,0.0,0.0,0.0,0.75,11.25
rs887723348,Ensembl VEP (dbSNP),rs887723348,rs887723348,,X,47225138.0,C,-,rs887723348,ENST00000357227.9:c.634+36del,,ENST00000357227,NP_006192.1,,,,,other,intron_variant,,,,,,,,,,,none,,,,,0.0,0.0,0.0,0.0,0.0,0.0,0.75,11.25
rs887692452,Ensembl VEP (dbSNP),rs887692452,rs887692452,,X,47219078.0,C,G,rs887692452,,,ENST00000335972,NP_006192.1,,,,,other,downstream_gene_variant,,,,,,,,,,,none,,,,,0.0,0.0,0.0,0.0,0.0,0.0,0.5,7.5
rs887593560,Ensembl VEP (dbSNP),rs887593560,rs887593560,,X,47229570.0,G,C,rs887593560,ENST00000357227.9:c.*802G>C,,ENST00000357227,NP_006192.1,,,,,other,3_prime_UTR_variant,,,,,,,,,,,none,,,,,0.0,0.0,0.0,0.0,0.0,0.0,0.75,11.25
rs887409403,Ensembl VEP (dbSNP),rs887409403,rs887409403,,X,47219514.0,G,C,rs887409403,,,ENST00000335972,NP_006192.1,,,,,other,downstream_gene_variant,,,,,,,,,,,none,,,,,0.0,0.0,0.0,0.0,0.0,0.0,0.5,7.5
rs886718798,Ensembl VEP (dbSNP),rs886718798,rs886718798,,X,47227650.0,C,A,rs886718798,ENST00000357227.9:c.1375+181C>A,,ENST00000357227,NP_006192.1,,,,,other,intron_variant,,,,,,,,,,,none,,,,,0.0,0.0,0.0,0.0,0.0,0.0,0.75,11.25
rs886681823,Ensembl VEP (dbSNP),rs886681823,rs886681823,,X,47217191.0,A,G,rs886681823,,,ENST00000335972,NP_006192.1,,,,,other,downstream_gene_variant,,,,,,,,,,,none,,,,,0.0,0.0,0.0,0.0,0.0,0.0,0.5,7.5
rs886578967,Ensembl VEP (dbSNP),rs886578967,rs886578967,,X,47227225.0,T,C,rs886578967,ENST00000357227.9:c.1284+2T>C,,ENST00000357227,NP_006192.1,,,,,splice,splice_donor_variant,,,,,,,,,,,none,,,,,0.0,0.0,0.0,0.0,0.0,0.0,0.75,11.25
rs886400401,Ensembl VEP (dbSNP),rs886400401,rs886400401,,X,47217490.0,G,C,rs886400401,,,ENST00000335972,NP_006192.1,,,,,other,downstream_gene_variant,,,,,,,,,,,none,,,,,0.0,0.0,0.0,0.0,0.0,0.0,0.5,7.5
rs886081350,Ensembl VEP (dbSNP),rs886081350,rs886081350,,X,47227245.0,C,T,rs886081350,ENST00000357227.9:c.1284+22C>T,,ENST00000357227,NP_006192.1,,,,,other,intron_variant,,,,,,,,,,,none,,,,,0.0,0.0,0.0,0.0,0.0,0.0,0.75,11.25
rs879965229,Ensembl VEP (dbSNP),rs879965229,rs879965229,,X,47218745.0,C,A,rs879965229,,,ENST00000335972,NP_006192.1,,,,,other,downstream_gene_variant,,,,,,,,,,,none,,,,,0.0,0.0,0.0,0.0,0.0,0.0,0.5,7.5
rs868996342,Ensembl VEP (dbSNP),rs868996342,rs868996342,,X,47219833.0,G,T,rs868996342,,,ENST00000335972,NP_006192.1,,,,,other,downstream_gene_variant,,,,,,,,,,,none,,,,,0.0,0.0,0.0,0.0,0.0,0.0,0.5,7.5
rs868985987,Ensembl VEP (dbSNP),rs868985987,rs868985987,,X,47218892.0,G,A,rs868985987,,,ENST00000335972,NP_006192.1,,,,,other,downstream_gene_variant,,,,,,,,,,,none,,,,,0.0,0.0,0.0,0.0,0.0,0.0,0.5,7.5
rs868972694,Ensembl VEP (dbSNP),rs868972694,rs868972694,,X,47219628.0,A,G,rs868972694,,,ENST00000335972,NP_006192.1,,,,,other,downstream_gene_variant,,,,,,,,,,,none,,,,,0.0,0.0,0.0,0.0,0.0,0.0,0.5,7.5
rs868943705,Ensembl VEP (dbSNP),rs868943705,rs868943705,,X,47216682.0,G,A,rs868943705,,,ENST00000335972,NP_006192.1,,,,,other,downstream_gene_variant,,,,,,,,,,,none,,,,,0.0,0.0,0.0,0.0,0.0,0.0,0.5,7.5
rs868934427,Ensembl VEP (dbSNP),rs868934427,rs868934427,,X,47218663.0,A,C,rs868934427,,,ENST00000335972,NP_006192.1,,,,,other,downstream_gene_variant,,,,,,,,,,,none,,,,,0.0,0.0,0.0,0.0,0.0,0.0,0.5,7.5
rs868593901,Ensembl VEP (dbSNP),rs868593901,rs868593901,,X,47228796.0,C,T,rs868593901,ENST00000357227.9:c.*28C>T,,ENST00000357227,NP_006192.1,,,,,other,3_prime_UTR_variant,,,,,,,,,,,none,,,,,0.0,0.0,0.0,0.0,0.0,0.0,0.75,11.25
rs868457865,Ensembl VEP (dbSNP),rs868457865,rs868457865,,X,47229315.0,A,G,rs868457865,ENST00000357227.9:c.*547A>G,,ENST00000357227,NP_006192.1,,,,,other,3_prime_UTR_variant,,,,,,,,,,,none,,,,,0.0,0.0,0.0,0.0,0.0,0.0,0.75,11.25
rs868270417,Ensembl VEP (dbSNP),rs868270417,rs868270417,,X,47222658.0,T,A,rs868270417,ENST00000357227.9:c.-6-894T>A,,ENST00000357227,NP_006192.1,,,,,other,intron_variant,,,,,,,,,,,none,,,,,0.0,0.0,0.0,0.0,0.0,0.0,0.75,11.25
rs867927569,Ensembl VEP (dbSNP),rs867927569,rs867927569,,X,47223594.0,A,G,rs867927569,ENST00000357227.9:c.37A>G,ENSP00000349762.4:p.Met13Val,ENST00000357227,NP_006192.1,13.0,M,V,M13V,missense,missense_variant,,,,,,0.31,tolerated_low_confidence,0.001,benign,Disordered,modified_residue,1.0,2.0,0.1043,BENIGN,0.0,0.1043,1.0,0.5,0.3,0.0,1.0,42.06
rs867793065,Ensembl VEP (dbSNP),rs867793065,rs867793065,,X,47222650.0,C,A,rs867793065,ENST00000357227.9:c.-6-902C>A,,ENST00000357227,NP_006192.1,,,,,other,intron_variant,,,,,,,,,,,none,,,,,0.0,0.0,0.0,0.0,0.0,0.0,0.75,11.25
rs867701858,Ensembl VEP (dbSNP),rs867701858,rs867701858,,X,47222666.0,T,A,rs867701858,ENST00000357227.9:c.-6-886T>A,,ENST00000357227,NP_006192.1,,,,,other,intron_variant,,,,,,,,,,,none,,,,,0.0,0.0,0.0,0.0,0.0,0.0,0.75,11.25
rs867545085,Ensembl VEP (dbSNP),rs867545085,rs867545085,,X,47230349.0,C,G,rs867545085,,,ENST00000357227,NP_006192.1,,,,,other,downstream_gene_variant,,,,,,,,,,,none,,,,,0.0,0.0,0.0,0.0,0.0,0.0,0.5,7.5
rs867214971,Ensembl VEP (dbSNP),rs867214971,rs867214971,,X,47222660.0,T,G,rs867214971,ENST00000357227.9:c.-6-892T>G,,ENST00000357227,NP_006192.1,,,,,other,intron_variant,,,,,,,,,,,none,,,,,0.0,0.0,0.0,0.0,0.0,0.0,0.75,11.25
rs867019459,Ensembl VEP (dbSNP),rs867019459,rs867019459,,X,47222887.0,A,C,rs867019459,ENST00000357227.9:c.-6-665A>C,,ENST00000357227,NP_006192.1,,,,,other,intron_variant,,,,,,,,,,,none,,,,,0.0,0.0,0.0,0.0,0.0,0.0,0.75,11.25
rs866692551,Ensembl VEP (dbSNP),rs866692551,rs866692551,,X,47223799.0,G,A,rs866692551,ENST00000357227.9:c.202+40G>A,,ENST00000357227,NP_006192.1,,,,,other,intron_variant,,,,,,,,,,,none,,,,,0.0,0.0,0.0,0.0,0.0,0.0,0.75,11.25
rs866451580,Ensembl VEP (dbSNP),rs866451580,rs866451580,,X,47222976.0,A,C,rs866451580,ENST00000357227.9:c.-6-576A>C,,ENST00000357227,NP_006192.1,,,,,other,intron_variant,,,,,,,,,,,none,,,,,0.0,0.0,0.0,0.0,0.0,0.0,0.75,11.25
rs865989414,Ensembl VEP (dbSNP),rs865989414,rs865989414,,X,47227282.0,A,C,rs865989414,ENST00000357227.9:c.1284+59A>C,,ENST00000357227,NP_006192.1,,,,,other,intron_variant,,,,,,,,,,,none,,,,,0.0,0.0,0.0,0.0,0.0,0.0,0.75,11.25
rs797041024,Ensembl VEP (dbSNP),rs797041024,rs797041024,,X,47217762.0,C,T,rs797041024,,,ENST00000335972,NP_006192.1,,,,,other,downstream_gene_variant,,,,,,,,,,,none,,,,,0.0,0.0,0.0,0.0,0.0,0.0,0.5,7.5
rs782800931,Ensembl VEP (dbSNP),rs782800931,rs782800931,,X,47219830.0,C,T,rs782800931,,,ENST00000335972,NP_006192.1,,,,,other,downstream_gene_variant,,,,,,,,,,,none,,,,,0.0,0.0,0.0,0.0,0.0,0.0,0.5,7.5
rs782791606,Ensembl VEP (dbSNP),rs782791606,rs782791606,,X,47217378.0,A,C,rs782791606,,,ENST00000335972,NP_006192.1,,,,,other,downstream_gene_variant,,,,,,,,,,,none,,,,,0.0,0.0,0.0,0.0,0.0,0.0,0.5,7.5
rs782784381,Ensembl VEP (dbSNP),rs782784381,rs782784381,,X,47218717.0,C,G,rs782784381,,,ENST00000335972,NP_006192.1,,,,,other,downstream_gene_variant,,,,,,,,,,,none,,,,,0.0,0.0,0.0,0.0,0.0,0.0,0.5,7.5
rs782783778,Ensembl VEP (dbSNP),rs782783778,rs782783778,,X,47218747.0,T,C,rs782783778,,,ENST00000335972,NP_006192.1,,,,,other,downstream_gene_variant,,,,,,,,,,,none,,,,,0.0,0.0,0.0,0.0,0.0,0.0,0.5,7.5
rs782777311,Ensembl VEP (dbSNP),rs782777311,rs782777311,,X,47218639.0,G,A,rs782777311,,,ENST00000335972,NP_006192.1,,,,,other,downstream_gene_variant,,,,,,,,,,,none,,,,,0.0,0.0,0.0,0.0,0.0,0.0,0.5,7.5
rs782762591,Ensembl VEP (dbSNP),rs782762591,rs782762591,,X,47218525.0,C,A,rs782762591,,,ENST00000335972,NP_006192.1,,,,,other,downstream_gene_variant,,,,,,,,,,,none,,,,,0.0,0.0,0.0,0.0,0.0,0.0,0.5,7.5
rs782747643,Ensembl VEP (dbSNP),rs782747643,rs782747643,,X,47217215.0,C,T,rs782747643,,,ENST00000335972,NP_006192.1,,,,,other,downstream_gene_variant,,,,,,,,,,,none,,,,,0.0,0.0,0.0,0.0,0.0,0.0,0.5,7.5
rs782745559,Ensembl VEP (dbSNP),rs782745559,rs782745559,,X,47219476.0,G,T,rs782745559,,,ENST00000335972,NP_006192.1,,,,,other,downstream_gene_variant,,,,,,,,,,,none,,,,,0.0,0.0,0.0,0.0,0.0,0.0,0.5,7.5
rs782740034,Ensembl VEP (dbSNP),rs782740034,rs782740034,,X,47218735.0,G,A,rs782740034,,,ENST00000335972,NP_006192.1,,,,,other,downstream_gene_variant,,,,,,,,,,,none,,,,,0.0,0.0,0.0,0.0,0.0,0.0,0.5,7.5
rs782738763,Ensembl VEP (dbSNP),rs782738763,rs782738763,,X,47220299.0,G,A,rs782738763,ENST00000357227.9:c.-7+1194G>A,,ENST00000357227,NP_006192.1,,,,,other,intron_variant,,,,,,,,,,,none,,,,,0.0,0.0,0.0,0.0,0.0,0.0,0.75,11.25
rs782735527,Ensembl VEP (dbSNP),rs782735527,rs782735527,,X,47218344.0,C,A,rs782735527,,,ENST00000335972,NP_006192.1,,,,,other,downstream_gene_variant,,,,,,,,,,,none,,,,,0.0,0.0,0.0,0.0,0.0,0.0,0.5,7.5
rs782726743,Ensembl VEP (dbSNP),rs782726743,rs782726743,,X,47216382.0,C,G,rs782726743,,,ENST00000335972,NP_006192.1,,,,,other,downstream_gene_variant,,,,,,,,,,,none,,,,,0.0,0.0,0.0,0.0,0.0,0.0,0.5,7.5
rs782696833,Ensembl VEP (dbSNP),rs782696833,rs782696833,,X,47218671.0,C,G,rs782696833,,,ENST00000335972,NP_006192.1,,,,,other,downstream_gene_variant,,,,,,,,,,,none,,,,,0.0,0.0,0.0,0.0,0.0,0.0,0.5,7.5
rs782696580,Ensembl VEP (dbSNP),rs782696580,rs782696580,,X,47218662.0,G,A,rs782696580,,,ENST00000335972,NP_006192.1,,,,,other,downstream_gene_variant,,,,,,,,,,,none,,,,,0.0,0.0,0.0,0.0,0.0,0.0,0.5,7.5
rs782685967,Ensembl VEP (dbSNP),rs782685967,rs782685967,,X,47217551.0,G,A,rs782685967,,,ENST00000335972,NP_006192.1,,,,,other,downstream_gene_variant,,,,,,,,,,,none,,,,,0.0,0.0,0.0,0.0,0.0,0.0,0.5,7.5
rs782680070,Ensembl VEP (dbSNP),rs782680070,rs782680070,,X,47217792.0,T,A,rs782680070,,,ENST00000335972,NP_006192.1,,,,,other,downstream_gene_variant,,,,,,,,,,,none,,,,,0.0,0.0,0.0,0.0,0.0,0.0,0.5,7.5
rs782647860,Ensembl VEP (dbSNP),rs782647860,rs782647860,,X,47217284.0,AG,-,rs782647860,,,ENST00000335972,NP_006192.1,,,,,other,downstream_gene_variant,,,,,,,,,,,none,,,,,0.0,0.0,0.0,0.0,0.0,0.0,0.5,7.5
rs782645257,Ensembl VEP (dbSNP),rs782645257,rs782645257,,X,47218725.0,G,A,rs782645257,,,ENST00000335972,NP_006192.1,,,,,other,downstream_gene_variant,,,,,,,,,,,none,,,,,0.0,0.0,0.0,0.0,0.0,0.0,0.5,7.5
rs782604529,Ensembl VEP (dbSNP),rs782604529,rs782604529,,X,47217741.0,A,G,rs782604529,,,ENST00000335972,NP_006192.1,,,,,other,downstream_gene_variant,,,,,,,,,,,none,,,,,0.0,0.0,0.0,0.0,0.0,0.0,0.5,7.5
rs782603663,Ensembl VEP (dbSNP),rs782603663,rs782603663,,X,47219061.0,C,T,rs782603663,,,ENST00000335972,NP_006192.1,,,,,other,downstream_gene_variant,,,,,,,,,,,none,,,,,0.0,0.0,0.0,0.0,0.0,0.0,0.5,7.5
rs782598865,Ensembl VEP (dbSNP),rs782598865,rs782598865,,X,47218680.0,T,A,rs782598865,,,ENST00000335972,NP_006192.1,,,,,other,downstream_gene_variant,,,,,,,,,,,none,,,,,0.0,0.0,0.0,0.0,0.0,0.0,0.5,7.5
rs782587244,Ensembl VEP (dbSNP),rs782587244,rs782587244,,X,47218658.0,G,A,rs782587244,,,ENST00000335972,NP_006192.1,,,,,other,downstream_gene_variant,,,,,,,,,,,none,,,,,0.0,0.0,0.0,0.0,0.0,0.0,0.5,7.5
rs782586790,Ensembl VEP (dbSNP),rs782586790,rs782586790,,X,47219930.0,G,-,rs782586790,,,ENST00000335972,NP_006192.1,,,,,other,downstream_gene_variant,,,,,,,,,,,none,,,,,0.0,0.0,0.0,0.0,0.0,0.0,0.5,7.5
rs782583802,Ensembl VEP (dbSNP),rs782583802,rs782583802,,X,47217950.0,G,T,rs782583802,,,ENST00000335972,NP_006192.1,,,,,other,downstream_gene_variant,,,,,,,,,,,none,,,,,0.0,0.0,0.0,0.0,0.0,0.0,0.5,7.5
rs782575851,Ensembl VEP (dbSNP),rs782575851,rs782575851,,X,47216404.0,-,AG,rs782575851,,,ENST00000335972,NP_006192.1,,,,,other,downstream_gene_variant,,,,,,,,,,,none,,,,,0.0,0.0,0.0,0.0,0.0,0.0,0.5,7.5
rs782565042,Ensembl VEP (dbSNP),rs782565042,rs782565042,,X,47219907.0,G,A,rs782565042,,,ENST00000335972,NP_006192.1,,,,,other,downstream_gene_variant,,,,,,,,,,,none,,,,,0.0,0.0,0.0,0.0,0.0,0.0,0.5,7.5
rs782560176,Ensembl VEP (dbSNP),rs782560176,rs782560176,,X,47217470.0,G,A,rs782560176,,,ENST00000335972,NP_006192.1,,,,,other,downstream_gene_variant,,,,,,,,,,,none,,,,,0.0,0.0,0.0,0.0,0.0,0.0,0.5,7.5
rs782552877,Ensembl VEP (dbSNP),rs782552877,rs782552877,,X,47218851.0,G,A,rs782552877,,,ENST00000335972,NP_006192.1,,,,,other,downstream_gene_variant,,,,,,,,,,,none,,,,,0.0,0.0,0.0,0.0,0.0,0.0,0.5,7.5
rs782535191,Ensembl VEP (dbSNP),rs782535191,rs782535191,,X,47218643.0,C,T,rs782535191,,,ENST00000335972,NP_006192.1,,,,,other,downstream_gene_variant,,,,,,,,,,,none,,,,,0.0,0.0,0.0,0.0,0.0,0.0,0.5,7.5
rs782533683,Ensembl VEP (dbSNP),rs782533683,rs782533683,2660412,X,47218661.0,C,G,rs782533683,,,ENST00000335972,NP_006192.1,,,,,other,downstream_gene_variant,Likely benign,"criteria provided, single submitter",not provided,,,,,,,,none,,,,,0.2,0.0,0.0,0.0,0.0,0.0,0.5,11.5
rs782528001,Ensembl VEP (dbSNP),rs782528001,rs782528001,,X,47217380.0,C,A,rs782528001,,,ENST00000335972,NP_006192.1,,,,,other,downstream_gene_variant,,,,,,,,,,,none,,,,,0.0,0.0,0.0,0.0,0.0,0.0,0.5,7.5
rs782506471,Ensembl VEP (dbSNP),rs782506471,rs782506471,,X,47217761.0,C,A,rs782506471,,,ENST00000335972,NP_006192.1,,,,,other,downstream_gene_variant,,,,,,,,,,,none,,,,,0.0,0.0,0.0,0.0,0.0,0.0,0.5,7.5
rs782505433,Ensembl VEP (dbSNP),rs782505433,rs782505433,,X,47218744.0,C,A,rs782505433,,,ENST00000335972,NP_006192.1,,,,,other,downstream_gene_variant,,,,,,,,,,,none,,,,,0.0,0.0,0.0,0.0,0.0,0.0,0.5,7.5
rs782503069,Ensembl VEP (dbSNP),rs782503069,rs782503069,,X,47218720.0,A,C,rs782503069,,,ENST00000335972,NP_006192.1,,,,,other,downstream_gene_variant,,,,,,,,,,,none,,,,,0.0,0.0,0.0,0.0,0.0,0.0,0.5,7.5
rs782486360,Ensembl VEP (dbSNP),rs782486360,rs782486360,,X,47217655.0,G,A,rs782486360,,,ENST00000335972,NP_006192.1,,,,,other,downstream_gene_variant,,,,,,,,,,,none,,,,,0.0,0.0,0.0,0.0,0.0,0.0,0.5,7.5
rs782466304,Ensembl VEP (dbSNP),rs782466304,rs782466304,,X,47217800.0,A,G,rs782466304,,,ENST00000335972,NP_006192.1,,,,,other,downstream_gene_variant,,,,,,,,,,,none,,,,,0.0,0.0,0.0,0.0,0.0,0.0,0.5,7.5
rs782453228,Ensembl VEP (dbSNP),rs782453228,rs782453228,,X,47216513.0,A,G,rs782453228,,,ENST00000335972,NP_006192.1,,,,,other,downstream_gene_variant,,,,,,,,,,,none,,,,,0.0,0.0,0.0,0.0,0.0,0.0,0.5,7.5
rs782420727,Ensembl VEP (dbSNP),rs782420727,rs782420727,,X,47216754.0,C,G,rs782420727,,,ENST00000335972,NP_006192.1,,,,,other,downstream_gene_variant,,,,,,,,,,,none,,,,,0.0,0.0,0.0,0.0,0.0,0.0,0.5,7.5
rs782415753,Ensembl VEP (dbSNP),rs782415753,rs782415753,,X,47218312.0,A,G,rs782415753,,,ENST00000335972,NP_006192.1,,,,,other,downstream_gene_variant,,,,,,,,,,,none,,,,,0.0,0.0,0.0,0.0,0.0,0.0,0.5,7.5
rs782415123,Ensembl VEP (dbSNP),rs782415123,rs782415123,,X,47218914.0,CCGCCGCCGCCGCCGCC,CCGCCGCC,rs782415123,,,ENST00000335972,NP_006192.1,,,,,other,downstream_gene_variant,,,,,,,,,,,none,,,,,0.0,0.0,0.0,0.0,0.0,0.0,0.5,7.5
rs782395578,Ensembl VEP (dbSNP),rs782395578,rs782395578,,X,47219241.0,G,T,rs782395578,,,ENST00000335972,NP_006192.1,,,,,other,downstream_gene_variant,,,,,,,,,,,none,,,,,0.0,0.0,0.0,0.0,0.0,0.0,0.5,7.5
rs782386066,Ensembl VEP (dbSNP),rs782386066,rs782386066,,X,47217969.0,A,G,rs782386066,,,ENST00000335972,NP_006192.1,,,,,other,downstream_gene_variant,,,,,,,,,,,none,,,,,0.0,0.0,0.0,0.0,0.0,0.0,0.5,7.5
rs782375798,Ensembl VEP (dbSNP),rs782375798,rs782375798,,X,47219769.0,G,T,rs782375798,,,ENST00000335972,NP_006192.1,,,,,other,downstream_gene_variant,,,,,,,,,,,none,,,,,0.0,0.0,0.0,0.0,0.0,0.0,0.5,7.5
rs782342848,Ensembl VEP (dbSNP),rs782342848,rs782342848,,X,47218697.0,A,C,rs782342848,,,ENST00000335972,NP_006192.1,,,,,other,downstream_gene_variant,,,,,,,,,,,none,,,,,0.0,0.0,0.0,0.0,0.0,0.0,0.5,7.5
rs782326185,Ensembl VEP (dbSNP),rs782326185,rs782326185,,X,47217912.0,C,A,rs782326185,,,ENST00000335972,NP_006192.1,,,,,other,downstream_gene_variant,,,,,,,,,,,none,,,,,0.0,0.0,0.0,0.0,0.0,0.0,0.5,7.5
rs782282051,Ensembl VEP (dbSNP),rs782282051,rs782282051,,X,47217853.0,C,A,rs782282051,,,ENST00000335972,NP_006192.1,,,,,other,downstream_gene_variant,,,,,,,,,,,none,,,,,0.0,0.0,0.0,0.0,0.0,0.0,0.5,7.5
rs782280047,Ensembl VEP (dbSNP),rs782280047,rs782280047,,X,47216720.0,G,A,rs782280047,,,ENST00000335972,NP_006192.1,,,,,other,downstream_gene_variant,,,,,,,,,,,none,,,,,0.0,0.0,0.0,0.0,0.0,0.0,0.5,7.5
rs782273906,Ensembl VEP (dbSNP),rs782273906,rs782273906,,X,47216485.0,T,C,rs782273906,,,ENST00000335972,NP_006192.1,,,,,other,downstream_gene_variant,,,,,,,,,,,none,,,,,0.0,0.0,0.0,0.0,0.0,0.0,0.5,7.5
rs782272929,Ensembl VEP (dbSNP),rs782272929,rs782272929,,X,47218401.0,T,C,rs782272929,,,ENST00000335972,NP_006192.1,,,,,other,downstream_gene_variant,,,,,,,,,,,none,,,,,0.0,0.0,0.0,0.0,0.0,0.0,0.5,7.5
rs782264586,Ensembl VEP (dbSNP),rs782264586,rs782264586,,X,47219128.0,G,T,rs782264586,,,ENST00000335972,NP_006192.1,,,,,other,downstream_gene_variant,,,,,,,,,,,none,,,,,0.0,0.0,0.0,0.0,0.0,0.0,0.5,7.5
rs782248104,Ensembl VEP (dbSNP),rs782248104,rs782248104,,X,47218043.0,-,C,rs782248104,,,ENST00000335972,NP_006192.1,,,,,other,downstream_gene_variant,,,,,,,,,,,none,,,,,0.0,0.0,0.0,0.0,0.0,0.0,0.5,7.5
rs782243658,Ensembl VEP (dbSNP),rs782243658,rs782243658,,X,47220170.0,C,A,rs782243658,ENST00000357227.9:c.-7+1065C>A,,ENST00000357227,NP_006192.1,,,,,other,intron_variant,,,,,,,,,,,none,,,,,0.0,0.0,0.0,0.0,0.0,0.0,0.75,11.25
rs782235578,Ensembl VEP (dbSNP),rs782235578,rs782235578,,X,47216583.0,A,G,rs782235578,,,ENST00000335972,NP_006192.1,,,,,other,downstream_gene_variant,,,,,,,,,,,none,,,,,0.0,0.0,0.0,0.0,0.0,0.0,0.5,7.5
rs782233164,Ensembl VEP (dbSNP),rs782233164,rs782233164,,X,47219701.0,G,C,rs782233164,,,ENST00000335972,NP_006192.1,,,,,other,downstream_gene_variant,,,,,,,,,,,none,,,,,0.0,0.0,0.0,0.0,0.0,0.0,0.5,7.5
rs782224644,Ensembl VEP (dbSNP),rs782224644,rs782224644,,X,47219977.0,G,T,rs782224644,,,ENST00000335972,NP_006192.1,,,,,other,downstream_gene_variant,,,,,,,,,,,none,,,,,0.0,0.0,0.0,0.0,0.0,0.0,0.5,7.5
rs782214300,Ensembl VEP (dbSNP),rs782214300,rs782214300,,X,47218712.0,ATGCGCGGAGCGCGGCGCGCGC,-,rs782214300,,,ENST00000335972,NP_006192.1,,,,,other,downstream_gene_variant,,,,,,,,,,,none,,,,,0.0,0.0,0.0,0.0,0.0,0.0,0.5,7.5
rs782209247,Ensembl VEP (dbSNP),rs782209247,rs782209247,,X,47216393.0,C,T,rs782209247,,,ENST00000335972,NP_006192.1,,,,,other,downstream_gene_variant,,,,,,,,,,,none,,,,,0.0,0.0,0.0,0.0,0.0,0.0,0.5,7.5
rs782208290,Ensembl VEP (dbSNP),rs782208290,rs782208290,,X,47217953.0,T,G,rs782208290,,,ENST00000335972,NP_006192.1,,,,,other,downstream_gene_variant,,,,,,,,,,,none,,,,,0.0,0.0,0.0,0.0,0.0,0.0,0.5,7.5
rs782195770,Ensembl VEP (dbSNP),rs782195770,rs782195770,,X,47219119.0,C,A,rs782195770,,,ENST00000335972,NP_006192.1,,,,,other,downstream_gene_variant,,,,,,,,,,,none,,,,,0.0,0.0,0.0,0.0,0.0,0.0,0.5,7.5
rs782184349,Ensembl VEP (dbSNP),rs782184349,rs782184349,,X,47218931.0,T,G,rs782184349,,,ENST00000335972,NP_006192.1,,,,,other,downstream_gene_variant,,,,,,,,,,,none,,,,,0.0,0.0,0.0,0.0,0.0,0.0,0.5,7.5
rs782180619,Ensembl VEP (dbSNP),rs782180619,rs782180619,,X,47218669.0,G,A,rs782180619,,,ENST00000335972,NP_006192.1,,,,,other,downstream_gene_variant,,,,,,,,,,,none,,,,,0.0,0.0,0.0,0.0,0.0,0.0,0.5,7.5
rs782179526,Ensembl VEP (dbSNP),rs782179526,rs782179526,,X,47220296.0,G,-,rs782179526,ENST00000357227.9:c.-7+1191del,,ENST00000357227,NP_006192.1,,,,,other,intron_variant,,,,,,,,,,,none,,,,,0.0,0.0,0.0,0.0,0.0,0.0,0.75,11.25
rs782170413,Ensembl VEP (dbSNP),rs782170413,rs782170413,,X,47219388.0,GGGGGGG,GGGG,rs782170413,,,ENST00000335972,NP_006192.1,,,,,other,downstream_gene_variant,,,,,,,,,,,none,,,,,0.0,0.0,0.0,0.0,0.0,0.0,0.5,7.5
rs782160215,Ensembl VEP (dbSNP),rs782160215,rs782160215,,X,47218191.0,G,A,rs782160215,,,ENST00000335972,NP_006192.1,,,,,other,downstream_gene_variant,,,,,,,,,,,none,,,,,0.0,0.0,0.0,0.0,0.0,0.0,0.5,7.5
rs782159608,Ensembl VEP (dbSNP),rs782159608,rs782159608,,X,47218710.0,G,A,rs782159608,,,ENST00000335972,NP_006192.1,,,,,other,downstream_gene_variant,,,,,,,,,,,none,,,,,0.0,0.0,0.0,0.0,0.0,0.0,0.5,7.5
rs782143390,Ensembl VEP (dbSNP),rs782143390,rs782143390,,X,47219789.0,G,A,rs782143390,,,ENST00000335972,NP_006192.1,,,,,other,downstream_gene_variant,,,,,,,,,,,none,,,,,0.0,0.0,0.0,0.0,0.0,0.0,0.5,7.5
rs782136869,Ensembl VEP (dbSNP),rs782136869,rs782136869,,X,47218508.0,C,T,rs782136869,,,ENST00000335972,NP_006192.1,,,,,other,downstream_gene_variant,,,,,,,,,,,none,,,,,0.0,0.0,0.0,0.0,0.0,0.0,0.5,7.5
rs782102458,Ensembl VEP (dbSNP),rs782102458,rs782102458,,X,47218692.0,T,C,rs782102458,,,ENST00000335972,NP_006192.1,,,,,other,downstream_gene_variant,,,,,,,,,,,none,,,,,0.0,0.0,0.0,0.0,0.0,0.0,0.5,7.5
rs782081750,Ensembl VEP (dbSNP),rs782081750,rs782081750,,X,47218635.0,G,A,rs782081750,,,ENST00000335972,NP_006192.1,,,,,other,downstream_gene_variant,,,,,,,,,,,none,,,,,0.0,0.0,0.0,0.0,0.0,0.0,0.5,7.5
rs782071097,Ensembl VEP (dbSNP),rs782071097,rs782071097,,X,47216906.0,G,C,rs782071097,,,ENST00000335972,NP_006192.1,,,,,other,downstream_gene_variant,,,,,,,,,,,none,,,,,0.0,0.0,0.0,0.0,0.0,0.0,0.5,7.5
rs782047745,Ensembl VEP (dbSNP),rs782047745,rs782047745,,X,47218731.0,C,A,rs782047745,,,ENST00000335972,NP_006192.1,,,,,other,downstream_gene_variant,,,,,,,,,,,none,,,,,0.0,0.0,0.0,0.0,0.0,0.0,0.5,7.5
rs782023656,Ensembl VEP (dbSNP),rs782023656,rs782023656,,X,47220379.0,A,G,rs782023656,ENST00000357227.9:c.-7+1274A>G,,ENST00000357227,NP_006192.1,,,,,other,intron_variant,,,,,,,,,,,none,,,,,0.0,0.0,0.0,0.0,0.0,0.0,0.75,11.25
rs782006136,Ensembl VEP (dbSNP),rs782006136,rs782006136,,X,47216557.0,C,T,rs782006136,,,ENST00000335972,NP_006192.1,,,,,other,downstream_gene_variant,,,,,,,,,,,none,,,,,0.0,0.0,0.0,0.0,0.0,0.0,0.5,7.5
rs782002588,Ensembl VEP (dbSNP),rs782002588,rs782002588,,X,47216658.0,A,G,rs782002588,,,ENST00000335972,NP_006192.1,,,,,other,downstream_gene_variant,,,,,,,,,,,none,,,,,0.0,0.0,0.0,0.0,0.0,0.0,0.5,7.5
rs782000559,Ensembl VEP (dbSNP),rs782000559,rs782000559,,X,47219780.0,G,C,rs782000559,,,ENST00000335972,NP_006192.1,,,,,other,downstream_gene_variant,,,,,,,,,,,none,,,,,0.0,0.0,0.0,0.0,0.0,0.0,0.5,7.5
rs781989337,Ensembl VEP (dbSNP),rs781989337,rs781989337,,X,47219356.0,G,A,rs781989337,,,ENST00000335972,NP_006192.1,,,,,other,downstream_gene_variant,,,,,,,,,,,none,,,,,0.0,0.0,0.0,0.0,0.0,0.0,0.5,7.5
rs781983314,Ensembl VEP (dbSNP),rs781983314,rs781983314,,X,47218702.0,C,T,rs781983314,,,ENST00000335972,NP_006192.1,,,,,other,downstream_gene_variant,,,,,,,,,,,none,,,,,0.0,0.0,0.0,0.0,0.0,0.0,0.5,7.5
rs781974252,Ensembl VEP (dbSNP),rs781974252,rs781974252,,X,47218172.0,G,A,rs781974252,,,ENST00000335972,NP_006192.1,,,,,other,downstream_gene_variant,,,,,,,,,,,none,,,,,0.0,0.0,0.0,0.0,0.0,0.0,0.5,7.5
rs781969200,Ensembl VEP (dbSNP),rs781969200,rs781969200,,X,47219159.0,C,T,rs781969200,,,ENST00000335972,NP_006192.1,,,,,other,downstream_gene_variant,,,,,,,,,,,none,,,,,0.0,0.0,0.0,0.0,0.0,0.0,0.5,7.5
rs781965624,Ensembl VEP (dbSNP),rs781965624,rs781965624,,X,47217279.0,G,C,rs781965624,,,ENST00000335972,NP_006192.1,,,,,other,downstream_gene_variant,,,,,,,,,,,none,,,,,0.0,0.0,0.0,0.0,0.0,0.0,0.5,7.5
rs781945312,Ensembl VEP (dbSNP),rs781945312,rs781945312,,X,47217040.0,G,T,rs781945312,,,ENST00000335972,NP_006192.1,,,,,other,downstream_gene_variant,,,,,,,,,,,none,,,,,0.0,0.0,0.0,0.0,0.0,0.0,0.5,7.5
rs781924240,Ensembl VEP (dbSNP),rs781924240,rs781924240,,X,47218683.0,A,C,rs781924240,,,ENST00000335972,NP_006192.1,,,,,other,downstream_gene_variant,,,,,,,,,,,none,,,,,0.0,0.0,0.0,0.0,0.0,0.0,0.5,7.5
rs781924085,Ensembl VEP (dbSNP),rs781924085,rs781924085,,X,47218914.0,CCGCCGCCGCCGCCGCC,CCGCCGCC,rs781924085,,,ENST00000335972,NP_006192.1,,,,,other,downstream_gene_variant,,,,,,,,,,,none,,,,,0.0,0.0,0.0,0.0,0.0,0.0,0.5,7.5
rs781922838,Ensembl VEP (dbSNP),rs781922838,rs781922838,,X,47216758.0,G,A,rs781922838,,,ENST00000335972,NP_006192.1,,,,,other,downstream_gene_variant,,,,,,,,,,,none,,,,,0.0,0.0,0.0,0.0,0.0,0.0,0.5,7.5
rs781915108,Ensembl VEP (dbSNP),rs781915108,rs781915108,,X,47220081.0,C,G,rs781915108,,,ENST00000335972,NP_006192.1,,,,,other,downstream_gene_variant,,,,,,,,,,,none,,,,,0.0,0.0,0.0,0.0,0.0,0.0,0.5,7.5
rs781908704,Ensembl VEP (dbSNP),rs781908704,rs781908704,,X,47218750.0,G,A,rs781908704,,,ENST00000335972,NP_006192.1,,,,,other,downstream_gene_variant,,,,,,,,,,,none,,,,,0.0,0.0,0.0,0.0,0.0,0.0,0.5,7.5
rs781902655,Ensembl VEP (dbSNP),rs781902655,rs781902655,,X,47218641.0,G,A,rs781902655,,,ENST00000335972,NP_006192.1,,,,,other,downstream_gene_variant,,,,,,,,,,,none,,,,,0.0,0.0,0.0,0.0,0.0,0.0,0.5,7.5
rs781886547,Ensembl VEP (dbSNP),rs781886547,rs781886547,,X,47219734.0,T,C,rs781886547,,,ENST00000335972,NP_006192.1,,,,,other,downstream_gene_variant,,,,,,,,,,,none,,,,,0.0,0.0,0.0,0.0,0.0,0.0,0.5,7.5
rs781881196,Ensembl VEP (dbSNP),rs781881196,rs781881196,,X,47216307.0,AA,-,rs781881196,,,ENST00000335972,NP_006192.1,,,,,other,downstream_gene_variant,,,,,,,,,,,none,,,,,0.0,0.0,0.0,0.0,0.0,0.0,0.5,7.5
rs781864952,Ensembl VEP (dbSNP),rs781864952,rs781864952,,X,47219493.0,C,T,rs781864952,,,ENST00000335972,NP_006192.1,,,,,other,downstream_gene_variant,,,,,,,,,,,none,,,,,0.0,0.0,0.0,0.0,0.0,0.0,0.5,7.5
rs781861368,Ensembl VEP (dbSNP),rs781861368,rs781861368,,X,47216413.0,C,G,rs781861368,,,ENST00000335972,NP_006192.1,,,,,other,downstream_gene_variant,,,,,,,,,,,none,,,,,0.0,0.0,0.0,0.0,0.0,0.0,0.5,7.5
rs781824984,Ensembl VEP (dbSNP),rs781824984,rs781824984,,X,47218505.0,A,T,rs781824984,,,ENST00000335972,NP_006192.1,,,,,other,downstream_gene_variant,,,,,,,,,,,none,,,,,0.0,0.0,0.0,0.0,0.0,0.0,0.5,7.5
rs781818134,Ensembl VEP (dbSNP),rs781818134,rs781818134,,X,47218738.0,G,A,rs781818134,,,ENST00000335972,NP_006192.1,,,,,other,downstream_gene_variant,,,,,,,,,,,none,,,,,0.0,0.0,0.0,0.0,0.0,0.0,0.5,7.5
rs781803610,Ensembl VEP (dbSNP),rs781803610,rs781803610,,X,47217631.0,T,A,rs781803610,,,ENST00000335972,NP_006192.1,,,,,other,downstream_gene_variant,,,,,,,,,,,none,,,,,0.0,0.0,0.0,0.0,0.0,0.0,0.5,7.5
rs781788576,Ensembl VEP (dbSNP),rs781788576,rs781788576,,X,47217595.0,C,T,rs781788576,,,ENST00000335972,NP_006192.1,,,,,other,downstream_gene_variant,,,,,,,,,,,none,,,,,0.0,0.0,0.0,0.0,0.0,0.0,0.5,7.5
rs781786819,Ensembl VEP (dbSNP),rs781786819,rs781786819,,X,47218654.0,T,C,rs781786819,,,ENST00000335972,NP_006192.1,,,,,other,downstream_gene_variant,,,,,,,,,,,none,,,,,0.0,0.0,0.0,0.0,0.0,0.0,0.5,7.5
rs781762524,Ensembl VEP (dbSNP),rs781762524,rs781762524,,X,47225747.0,T,-,rs781762524,ENST00000357227.9:c.635-25del,,ENST00000357227,NP_006192.1,,,,,other,intron_variant,,,,,,,,,,,none,,,,,0.0,0.0,0.0,0.0,0.0,0.0,0.75,11.25
rs781739652,Ensembl VEP (dbSNP),rs781739652,rs781739652,,X,47223813.0,G,A,rs781739652,ENST00000357227.9:c.202+54G>A,,ENST00000357227,NP_006192.1,,,,,other,intron_variant,,,,,,,,,,,none,,,,,0.0,0.0,0.0,0.0,0.0,0.0,0.75,11.25
rs781734244,Ensembl VEP (dbSNP),rs781734244,rs781734244,,X,47227002.0,A,G,rs781734244,ENST00000357227.9:c.1144A>G,ENSP00000349762.4:p.Thr382Ala,ENST00000357227,NP_006192.1,382.0,T,A,T382A,missense,missense_variant,,,,,,0.01,deleterious_low_confidence,0.02,benign,Protein kinase,none,1.0,2.0,0.1123,BENIGN,0.0,0.1123,1.0,0.25,0.6,0.0,1.0,41.43
rs781661993,Ensembl VEP (dbSNP),rs781661993,rs781661993,,X,47228935.0,T,C,rs781661993,ENST00000357227.9:c.*167T>C,,ENST00000357227,NP_006192.1,,,,,other,3_prime_UTR_variant,,,,,,,,,,,none,,,,,0.0,0.0,0.0,0.0,0.0,0.0,0.75,11.25
rs781537687,Ensembl VEP (dbSNP),rs781537687,rs781537687,,X,47226031.0,G,C,rs781537687,ENST00000357227.9:c.792+4G>C,,ENST00000357227,NP_006192.1,,,,,splice,splice_donor_region_variant;intron_variant,,,,,,,,,,,none,,,,,0.0,0.0,0.0,0.0,0.0,0.0,0.75,11.25
rs781369149,Ensembl VEP (dbSNP),rs781369149,rs781369149,,X,47220631.0,G,A,rs781369149,ENST00000357227.9:c.-7+1526G>A,,ENST00000357227,NP_006192.1,,,,,other,intron_variant,,,,,,,,,,,none,,,,,0.0,0.0,0.0,0.0,0.0,0.0,0.75,11.25
rs781205997,Ensembl VEP (dbSNP),rs781205997,rs781205997,,X,47228563.0,G,T,rs781205997,ENST00000357227.9:c.1376-4G>T,,ENST00000357227,NP_006192.1,,,,,splice,splice_region_variant;splice_polypyrimidine_tract_variant;intron_variant,,,,,,,,,,,none,,,,,0.0,0.0,0.0,0.0,0.0,0.0,0.75,11.25
rs781200211,Ensembl VEP (dbSNP),rs781200211,rs781200211,,X,47229441.0,T,C,rs781200211,ENST00000357227.9:c.*673T>C,,ENST00000357227,NP_006192.1,,,,,other,3_prime_UTR_variant,,,,,,,,,,,none,,,,,0.0,0.0,0.0,0.0,0.0,0.0,0.75,11.25
rs781141052,Ensembl VEP (dbSNP),rs781141052,rs781141052,,X,47226680.0,C,T,rs781141052,ENST00000357227.9:c.1014C>T,ENSP00000349762.4:p.Asp338=,ENST00000357227,NP_006192.1,338.0,,,,synonymous,synonymous_variant,,,,,,,,,,Protein kinase,none,1.0,2.0,,,0.0,0.0,1.0,0.25,0.6,0.0,1.0,39.75
rs781057375,Ensembl VEP (dbSNP),rs781057375,rs781057375,,X,47228099.0,A,G,rs781057375,ENST00000357227.9:c.1376-468A>G,,ENST00000357227,NP_006192.1,,,,,other,intron_variant,,,,,,,,,,,none,,,,,0.0,0.0,0.0,0.0,0.0,0.0,0.75,11.25
rs781049434,Ensembl VEP (dbSNP),rs781049434,rs781049434,,X,47226423.0,C,G,rs781049434,ENST00000357227.9:c.916+21C>G,,ENST00000357227,NP_006192.1,,,,,other,intron_variant,,,,,,,,,,,none,,,,,0.0,0.0,0.0,0.0,0.0,0.0,0.75,11.25
rs781011373,Ensembl VEP (dbSNP),rs781011373,rs781011373,,X,47227277.0,C,T,rs781011373,ENST00000357227.9:c.1284+54C>T,,ENST00000357227,NP_006192.1,,,,,other,intron_variant,,,,,,,,,,,none,,,,,0.0,0.0,0.0,0.0,0.0,0.0,0.75,11.25
rs780912751,Ensembl VEP (dbSNP),rs780912751,rs780912751,,X,47223015.0,T,C,rs780912751,ENST00000357227.9:c.-6-537T>C,,ENST00000357227,NP_006192.1,,,,,other,intron_variant,,,,,,,,,,,none,,,,,0.0,0.0,0.0,0.0,0.0,0.0,0.75,11.25
rs780885349,Ensembl VEP (dbSNP),rs780885349,rs780885349,,X,47224763.0,G,A,rs780885349,ENST00000357227.9:c.462+20G>A,,ENST00000357227,NP_006192.1,,,,,other,intron_variant,,,,,,,,,,,none,,,,,0.0,0.0,0.0,0.0,0.0,0.0,0.75,11.25
rs780691903,Ensembl VEP (dbSNP),rs780691903,rs780691903,,X,47229349.0,C,A,rs780691903,ENST00000357227.9:c.*581C>A,,ENST00000357227,NP_006192.1,,,,,other,3_prime_UTR_variant,,,,,,,,,,,none,,,,,0.0,0.0,0.0,0.0,0.0,0.0,0.75,11.25
rs780605405,Ensembl VEP (dbSNP),rs780605405,rs780605405,,X,47222968.0,A,C,rs780605405,ENST00000357227.9:c.-6-584A>C,,ENST00000357227,NP_006192.1,,,,,other,intron_variant,,,,,,,,,,,none,,,,,0.0,0.0,0.0,0.0,0.0,0.0,0.75,11.25
rs780573029,Ensembl VEP (dbSNP),rs780573029,rs780573029,,X,47225833.0,G,A,rs780573029,ENST00000357227.9:c.696G>A,ENSP00000349762.4:p.Thr232=,ENST00000357227,NP_006192.1,232.0,,,,synonymous,synonymous_variant,,,,,,,,,,Protein kinase,none,1.0,2.0,,,0.0,0.0,1.0,0.25,0.6,0.0,1.0,39.75
rs780478906,Ensembl VEP (dbSNP),rs780478906,rs780478906,,X,47224981.0,A,G,rs780478906,ENST00000357227.9:c.520-7A>G,,ENST00000357227,NP_006192.1,,,,,splice,splice_region_variant;splice_polypyrimidine_tract_variant;intron_variant,,,,,,,,,,,none,,,,,0.0,0.0,0.0,0.0,0.0,0.0,0.75,11.25
rs780456591,Ensembl VEP (dbSNP),rs780456591,rs780456591,,X,47230388.0,G,A,rs780456591,,,ENST00000357227,NP_006192.1,,,,,other,downstream_gene_variant,,,,,,,,,,,none,,,,,0.0,0.0,0.0,0.0,0.0,0.0,0.5,7.5
rs780369654,Ensembl VEP (dbSNP),rs780369654,rs780369654,,X,47228745.0,C,G,rs780369654,ENST00000357227.9:c.1468C>G,ENSP00000349762.4:p.Arg490Gly,ENST00000357227,NP_006192.1,490.0,R,G,R490G,missense,missense_variant,,,,,,0.05,deleterious_low_confidence,0.089,benign,,none,1.0,2.0,0.1556,BENIGN,0.0,0.1556,1.0,0.0,0.0,0.0,1.0,32.33
rs780368759,Ensembl VEP (dbSNP),rs780368759,rs780368759,,X,47229573.0,G,T,rs780368759,ENST00000357227.9:c.*805G>T,,ENST00000357227,NP_006192.1,,,,,other,3_prime_UTR_variant,,,,,,,,,,,none,,,,,0.0,0.0,0.0,0.0,0.0,0.0,0.75,11.25
rs780189599,Ensembl VEP (dbSNP),rs780189599,rs780189599,,X,47220789.0,T,C,rs780189599,ENST00000357227.9:c.-7+1684T>C,,ENST00000357227,NP_006192.1,,,,,other,intron_variant,,,,,,,,,,,none,,,,,0.0,0.0,0.0,0.0,0.0,0.0,0.75,11.25
rs780066437,Ensembl VEP (dbSNP),rs780066437,rs780066437,,X,47226230.0,G,A,rs780066437,ENST00000357227.9:c.793-49G>A,,ENST00000357227,NP_006192.1,,,,,other,intron_variant,,,,,,,,,,,none,,,,,0.0,0.0,0.0,0.0,0.0,0.0,0.75,11.25
rs779905724,Ensembl VEP (dbSNP),rs779905724,rs779905724,,X,47225436.0,G,A,rs779905724,ENST00000357227.9:c.634+334G>A,,ENST00000357227,NP_006192.1,,,,,other,intron_variant,,,,,,,,,,,none,,,,,0.0,0.0,0.0,0.0,0.0,0.0,0.75,11.25
rs779886300,Ensembl VEP (dbSNP),rs779886300,rs779886300,2620351,X,47224489.0,A,G,rs779886300,ENST00000357227.9:c.307A>G,ENSP00000349762.4:p.Asn103Asp,ENST00000357227,NP_006192.1,103.0,N,D,N103D,missense,missense_variant,Uncertain significance,"criteria provided, single submitter",not specified,,,0.0,deleterious_low_confidence,0.074,benign,,none,1.0,2.0,0.512,AMBIGUOUS,0.6,0.512,1.0,0.0,0.0,0.0,1.0,49.68
rs779798448,Ensembl VEP (dbSNP),rs779798448,rs779798448,,X,47227139.0,T,C,rs779798448,ENST00000357227.9:c.1241+40T>C,,ENST00000357227,NP_006192.1,,,,,other,intron_variant,,,,,,,,,,,none,,,,,0.0,0.0,0.0,0.0,0.0,0.0,0.75,11.25
rs779776447,Ensembl VEP (dbSNP),rs779776447,rs779776447,,X,47223905.0,TCT,-,rs779776447,ENST00000357227.9:c.202+146_202+148del,,ENST00000357227,NP_006192.1,,,,,other,intron_variant,,,,,,,,,,,none,,,,,0.0,0.0,0.0,0.0,0.0,0.0,0.75,11.25
rs779756498,Ensembl VEP (dbSNP),rs779756498,rs779756498,,X,47226359.0,C,T,rs779756498,ENST00000357227.9:c.873C>T,ENSP00000349762.4:p.Asn291=,ENST00000357227,NP_006192.1,291.0,,,,synonymous,synonymous_variant,,,,,,,,,,Protein kinase,none,1.0,2.0,,,0.0,0.0,1.0,0.25,0.6,0.0,1.0,39.75
rs779411336,Ensembl VEP (dbSNP),rs779411336,rs779411336,,X,47228530.0,G,A,rs779411336,ENST00000357227.9:c.1376-37G>A,,ENST00000357227,NP_006192.1,,,,,other,intron_variant,,,,,,,,,,,none,,,,,0.0,0.0,0.0,0.0,0.0,0.0,0.75,11.25
rs779290807,Ensembl VEP (dbSNP),rs779290807,rs779290807,,X,47221588.0,C,T,rs779290807,ENST00000357227.9:c.-6-1964C>T,,ENST00000357227,NP_006192.1,,,,,other,intron_variant,,,,,,,,,,,none,,,,,0.0,0.0,0.0,0.0,0.0,0.0,0.75,11.25
rs779230290,Ensembl VEP (dbSNP),rs779230290,rs779230290,,X,47230459.0,A,G,rs779230290,,,ENST00000357227,NP_006192.1,,,,,other,downstream_gene_variant,,,,,,,,,,,none,,,,,0.0,0.0,0.0,0.0,0.0,0.0,0.5,7.5
rs779199921,Ensembl VEP (dbSNP),rs779199921,rs779199921,,X,47227287.0,C,T,rs779199921,ENST00000357227.9:c.1284+64C>T,,ENST00000357227,NP_006192.1,,,,,other,intron_variant,,,,,,,,,,,none,,,,,0.0,0.0,0.0,0.0,0.0,0.0,0.75,11.25
rs779179328,Ensembl VEP (dbSNP),rs779179328,rs779179328,,X,47223153.0,C,T,rs779179328,ENST00000357227.9:c.-6-399C>T,,ENST00000357227,NP_006192.1,,,,,other,intron_variant,,,,,,,,,,,none,,,,,0.0,0.0,0.0,0.0,0.0,0.0,0.75,11.25
rs779056693,Ensembl VEP (dbSNP),rs779056693,rs779056693,,X,47220624.0,G,A,rs779056693,ENST00000357227.9:c.-7+1519G>A,,ENST00000357227,NP_006192.1,,,,,other,intron_variant,,,,,,,,,,,none,,,,,0.0,0.0,0.0,0.0,0.0,0.0,0.75,11.25
rs778939570,Ensembl VEP (dbSNP),rs778939570,rs778939570,,X,47226221.0,C,T,rs778939570,ENST00000357227.9:c.793-58C>T,,ENST00000357227,NP_006192.1,,,,,other,intron_variant,,,,,,,,,,,none,,,,,0.0,0.0,0.0,0.0,0.0,0.0,0.75,11.25
rs778920672,Ensembl VEP (dbSNP),rs778920672,rs778920672,,X,47223757.0,-,GGGGCCCACTCAGCTCTGCAC,rs778920672,ENST00000357227.9:c.179_199dup,ENSP00000349762.4:p.Arg60_Ala66dup,ENST00000357227,NP_006192.1,67.0,,,,other,inframe_insertion,,,,,,,,,,Disordered,none,1.0,2.0,,,0.0,0.0,1.0,0.25,0.3,0.0,1.0,36.75
rs778892929,Ensembl VEP (dbSNP),rs778892929,rs778892929,,X,47224428.0,T,C,rs778892929,ENST00000357227.9:c.246T>C,ENSP00000349762.4:p.Ser82=,ENST00000357227,NP_006192.1,82.0,,,,synonymous,synonymous_variant,,,,,,,,,,Disordered,binding_site,1.0,2.0,,,0.0,0.0,1.0,0.5,0.3,0.0,1.0,40.5
rs778833690,Ensembl VEP (dbSNP),rs778833690,rs778833690,,X,47226103.0,G,A,rs778833690,ENST00000357227.9:c.792+76G>A,,ENST00000357227,NP_006192.1,,,,,other,intron_variant,,,,,,,,,,,none,,,,,0.0,0.0,0.0,0.0,0.0,0.0,0.75,11.25
rs778727646,Ensembl VEP (dbSNP),rs778727646,rs778727646,,X,47226951.0,G,A,rs778727646,ENST00000357227.9:c.1135+42G>A,,ENST00000357227,NP_006192.1,,,,,other,intron_variant,,,,,,,,,,,none,,,,,0.0,0.0,0.0,0.0,0.0,0.0,0.75,11.25
rs778639068,Ensembl VEP (dbSNP),rs778639068,rs778639068,,X,47224041.0,G,A,rs778639068,ENST00000357227.9:c.202+282G>A,,ENST00000357227,NP_006192.1,,,,,other,intron_variant,,,,,,,,,,,none,,,,,0.0,0.0,0.0,0.0,0.0,0.0,0.75,11.25
rs778377985,Ensembl VEP (dbSNP),rs778377985,rs778377985,,X,47222876.0,T,C,rs778377985,ENST00000357227.9:c.-6-676T>C,,ENST00000357227,NP_006192.1,,,,,other,intron_variant,,,,,,,,,,,none,,,,,0.0,0.0,0.0,0.0,0.0,0.0,0.75,11.25
rs778322170,Ensembl VEP (dbSNP),rs778322170,rs778322170,,X,47223751.0,C,G,rs778322170,ENST00000357227.9:c.194C>G,ENSP00000349762.4:p.Ser65Cys,ENST00000357227,NP_006192.1,65.0,S,C,S65C,missense,missense_variant,,,,,,0.03,deleterious_low_confidence,0.39,benign,Disordered,none,1.0,2.0,0.0903,BENIGN,0.0,0.0903,1.0,0.25,0.3,0.0,1.0,38.1
rs778247305,Ensembl VEP (dbSNP),rs778247305,rs778247305,,X,47224797.0,CCT,-,rs778247305,ENST00000357227.9:c.463-37_463-35del,,ENST00000357227,NP_006192.1,,,,,other,intron_variant,,,,,,,,,,,none,,,,,0.0,0.0,0.0,0.0,0.0,0.0,0.75,11.25
rs778166636,Ensembl VEP (dbSNP),rs778166636,rs778166636,,X,47227166.0,T,C,rs778166636,ENST00000357227.9:c.1242-15T>C,,ENST00000357227,NP_006192.1,,,,,splice,splice_polypyrimidine_tract_variant;intron_variant,,,,,,,,,,,none,,,,,0.0,0.0,0.0,0.0,0.0,0.0,0.75,11.25
rs778085869,Ensembl VEP (dbSNP),rs778085869,rs778085869,,X,47225890.0,C,T,rs778085869,ENST00000357227.9:c.729+24C>T,,ENST00000357227,NP_006192.1,,,,,other,intron_variant,,,,,,,,,,,none,,,,,0.0,0.0,0.0,0.0,0.0,0.0,0.75,11.25
rs778085044,Ensembl VEP (dbSNP),rs778085044,rs778085044,,X,47221764.0,A,G,rs778085044,ENST00000357227.9:c.-6-1788A>G,,ENST00000357227,NP_006192.1,,,,,other,intron_variant,,,,,,,,,,,none,,,,,0.0,0.0,0.0,0.0,0.0,0.0,0.75,11.25
rs778039786,Ensembl VEP (dbSNP),rs778039786,rs778039786,,X,47224505.0,A,G,rs778039786,ENST00000357227.9:c.323A>G,ENSP00000349762.4:p.Lys108Arg,ENST00000357227,NP_006192.1,108.0,K,R,K108R,missense,missense_variant,,,,,,0.77,tolerated_low_confidence,0.001,benign,,none,1.0,2.0,0.086,BENIGN,0.0,0.086,1.0,0.0,0.0,0.0,1.0,31.29
rs778039001,Ensembl VEP (dbSNP),rs778039001,rs778039001,,X,47226190.0,G,A,rs778039001,ENST00000357227.9:c.793-89G>A,,ENST00000357227,NP_006192.1,,,,,other,intron_variant,,,,,,,,,,,none,,,,,0.0,0.0,0.0,0.0,0.0,0.0,0.75,11.25
rs777954858,Ensembl VEP (dbSNP),rs777954858,rs777954858,,X,47229363.0,T,C,rs777954858,ENST00000357227.9:c.*595T>C,,ENST00000357227,NP_006192.1,,,,,other,3_prime_UTR_variant,,,,,,,,,,,none,,,,,0.0,0.0,0.0,0.0,0.0,0.0,0.75,11.25
rs777902337,Ensembl VEP (dbSNP),rs777902337,rs777902337,,X,47228548.0,A,G,rs777902337,ENST00000357227.9:c.1376-19A>G,,ENST00000357227,NP_006192.1,,,,,other,intron_variant,,,,,,,,,,,none,,,,,0.0,0.0,0.0,0.0,0.0,0.0,0.75,11.25
rs777887326,Ensembl VEP (dbSNP),rs777887326,rs777887326,,X,47228617.0,C,A,rs777887326,ENST00000357227.9:c.1426C>A,ENSP00000349762.4:p.Leu476Ile,ENST00000357227,NP_006192.1,476.0,L,I,L476I,missense,missense_variant,,,,,,0.2,tolerated_low_confidence,0.0,benign,,none,1.0,2.0,0.0671,BENIGN,0.0,0.0671,1.0,0.0,0.0,0.0,1.0,31.01
rs777780445,Ensembl VEP (dbSNP),rs777780445,rs777780445,,X,47228781.0,G,A,rs777780445,ENST00000357227.9:c.*13G>A,,ENST00000357227,NP_006192.1,,,,,other,3_prime_UTR_variant,,,,,,,,,,,none,,,,,0.0,0.0,0.0,0.0,0.0,0.0,0.75,11.25
rs777717613,Ensembl VEP (dbSNP),rs777717613,rs777717613,,X,47223727.0,G,A,rs777717613,ENST00000357227.9:c.170G>A,ENSP00000349762.4:p.Arg57His,ENST00000357227,NP_006192.1,57.0,R,H,R57H,missense,missense_variant,,,,,,0.47,tolerated_low_confidence,0.461,possibly_damaging,Disordered,none,1.0,2.0,0.1114,BENIGN,0.0,0.1114,1.0,0.25,0.3,0.0,1.0,38.42
rs777708225,Ensembl VEP (dbSNP),rs777708225,rs777708225,,X,47226932.0,C,A,rs777708225,ENST00000357227.9:c.1135+23C>A,,ENST00000357227,NP_006192.1,,,,,other,intron_variant,,,,,,,,,,,none,,,,,0.0,0.0,0.0,0.0,0.0,0.0,0.75,11.25
rs777629546,Ensembl VEP (dbSNP),rs777629546,rs777629546,,X,47223631.0,A,G,rs777629546,ENST00000357227.9:c.74A>G,ENSP00000349762.4:p.Asn25Ser,ENST00000357227,NP_006192.1,25.0,N,S,N25S,missense,missense_variant,,,,,,1.0,tolerated_low_confidence,0.0,benign,Disordered,none,1.0,2.0,0.052,BENIGN,0.0,0.052,1.0,0.25,0.3,0.0,1.0,37.53
rs777588584,Ensembl VEP (dbSNP),rs777588584,rs777588584,,X,47226175.0,A,G,rs777588584,ENST00000357227.9:c.793-104A>G,,ENST00000357227,NP_006192.1,,,,,other,intron_variant,,,,,,,,,,,none,,,,,0.0,0.0,0.0,0.0,0.0,0.0,0.75,11.25
rs777234720,Ensembl VEP (dbSNP),rs777234720,rs777234720,,X,47226566.0,C,T,rs777234720,ENST00000357227.9:c.917-17C>T,,ENST00000357227,NP_006192.1,,,,,splice,splice_polypyrimidine_tract_variant;intron_variant,,,,,,,,,,,none,,,,,0.0,0.0,0.0,0.0,0.0,0.0,0.75,11.25
rs777213813,Ensembl VEP (dbSNP),rs777213813,rs777213813,,X,47226714.0,G,A,rs777213813,ENST00000357227.9:c.1037+11G>A,,ENST00000357227,NP_006192.1,,,,,other,intron_variant,,,,,,,,,,,none,,,,,0.0,0.0,0.0,0.0,0.0,0.0,0.75,11.25
rs777199690,Ensembl VEP (dbSNP),rs777199690,rs777199690,,X,47223674.0,T,C,rs777199690,ENST00000357227.9:c.117T>C,ENSP00000349762.4:p.Gly39=,ENST00000357227,NP_006192.1,39.0,,,,synonymous,synonymous_variant,,,,,,,,,,Disordered,none,1.0,2.0,,,0.0,0.0,1.0,0.25,0.3,0.0,1.0,36.75
rs777157391,Ensembl VEP (dbSNP),rs777157391,rs777157391,,X,47226685.0,C,A,rs777157391,ENST00000357227.9:c.1019C>A,ENSP00000349762.4:p.Ser340Tyr,ENST00000357227,NP_006192.1,340.0,S,Y,S340Y,missense,missense_variant,,,,,,0.0,deleterious_low_confidence,0.927,probably_damaging,Protein kinase,none,1.0,2.0,0.9272,PATHOGENIC,0.0,0.9272,1.0,0.25,0.6,0.0,1.0,53.66
rs777111784,Ensembl VEP (dbSNP),rs777111784,rs777111784,,X,47226806.0,G,T,rs777111784,ENST00000357227.9:c.1038-6G>T,,ENST00000357227,NP_006192.1,,,,,splice,splice_region_variant;splice_polypyrimidine_tract_variant;intron_variant,,,,,,,,,,,none,,,,,0.0,0.0,0.0,0.0,0.0,0.0,0.75,11.25
rs776848840,Ensembl VEP (dbSNP),rs776848840,rs776848840,,X,47224887.0,C,T,rs776848840,ENST00000357227.9:c.516C>T,ENSP00000349762.4:p.Gly172=,ENST00000357227,NP_006192.1,172.0,,,,synonymous,synonymous_variant,,,,,,,,,,Protein kinase,none,1.0,2.0,,,0.0,0.0,1.0,0.25,0.6,0.0,1.0,39.75
rs776839704,Ensembl VEP (dbSNP),rs776839704,rs776839704,,X,47227539.0,G,A,rs776839704,ENST00000357227.9:c.1375+70G>A,,ENST00000357227,NP_006192.1,,,,,other,intron_variant,,,,,,,,,,,none,,,,,0.0,0.0,0.0,0.0,0.0,0.0,0.75,11.25
rs776745143,Ensembl VEP (dbSNP),rs776745143,rs776745143,,X,47225089.0,C,A,rs776745143,ENST00000357227.9:c.621C>A,ENSP00000349762.4:p.Thr207=,ENST00000357227,NP_006192.1,207.0,,,,synonymous,synonymous_variant,,,,,,,,,,Protein kinase,none,1.0,2.0,,,0.0,0.0,1.0,0.25,0.6,0.0,1.0,39.75
rs776549309,Ensembl VEP (dbSNP),rs776549309,rs776549309,,X,47227447.0,G,A,rs776549309,ENST00000357227.9:c.1353G>A,ENSP00000349762.4:p.Glu451=,ENST00000357227,NP_006192.1,451.0,,,,synonymous,synonymous_variant,,,,,,,,,,,none,1.0,2.0,,,0.0,0.0,1.0,0.0,0.0,0.0,1.0,30.0
rs776543683,Ensembl VEP (dbSNP),rs776543683,rs776543683,,X,47229992.0,T,C,rs776543683,ENST00000357227.9:c.*1224T>C,,ENST00000357227,NP_006192.1,,,,,other,3_prime_UTR_variant,,,,,,,,,,,none,,,,,0.0,0.0,0.0,0.0,0.0,0.0,0.75,11.25
rs776405443,Ensembl VEP (dbSNP),rs776405443,rs776405443,,X,47227283.0,CCCCCCCCC,CCCCCCC,rs776405443,ENST00000357227.9:c.1284+67_1284+68del,,ENST00000357227,NP_006192.1,,,,,other,intron_variant,,,,,,,,,,,none,,,,,0.0,0.0,0.0,0.0,0.0,0.0,0.75,11.25
rs776359652,Ensembl VEP (dbSNP),rs776359652,rs776359652,,X,47221117.0,C,T,rs776359652,ENST00000357227.9:c.-7+2012C>T,,ENST00000357227,NP_006192.1,,,,,other,intron_variant,,,,,,,,,,,none,,,,,0.0,0.0,0.0,0.0,0.0,0.0,0.75,11.25
rs776305718,Ensembl VEP (dbSNP),rs776305718,rs776305718,,X,47226596.0,C,A,rs776305718,ENST00000357227.9:c.930C>A,ENSP00000349762.4:p.Ala310=,ENST00000357227,NP_006192.1,310.0,,,,synonymous,synonymous_variant,,,,,,,,,,Protein kinase,none,1.0,2.0,,,0.0,0.0,1.0,0.25,0.6,0.0,1.0,39.75
rs776256113,Ensembl VEP (dbSNP),rs776256113,rs776256113,4490468,X,47227250.0,G,A,rs776256113,ENST00000357227.9:c.1284+27G>A,,ENST00000357227,NP_006192.1,,,,,other,intron_variant,,,,,,,,,,,none,,,,,0.0,0.0,0.0,0.0,0.0,0.0,0.75,11.25
rs776194382,Ensembl VEP (dbSNP),rs776194382,rs776194382,,X,47226243.0,G,A,rs776194382,ENST00000357227.9:c.793-36G>A,,ENST00000357227,NP_006192.1,,,,,other,intron_variant,,,,,,,,,,,none,,,,,0.0,0.0,0.0,0.0,0.0,0.0,0.75,11.25
rs776111088,Ensembl VEP (dbSNP),rs776111088,rs776111088,,X,47229939.0,T,C,rs776111088,ENST00000357227.9:c.*1171T>C,,ENST00000357227,NP_006192.1,,,,,other,3_prime_UTR_variant,,,,,,,,,,,none,,,,,0.0,0.0,0.0,0.0,0.0,0.0,0.75,11.25
rs776099327,Ensembl VEP (dbSNP),rs776099327,rs776099327,,X,47226163.0,C,T,rs776099327,ENST00000357227.9:c.793-116C>T,,ENST00000357227,NP_006192.1,,,,,other,intron_variant,,,,,,,,,,,none,,,,,0.0,0.0,0.0,0.0,0.0,0.0,0.75,11.25
rs775737666,Ensembl VEP (dbSNP),rs775737666,rs775737666,,X,47227234.0,C,T,rs775737666,ENST00000357227.9:c.1284+11C>T,,ENST00000357227,NP_006192.1,,,,,other,intron_variant,,,,,,,,,,,none,,,,,0.0,0.0,0.0,0.0,0.0,0.0,0.75,11.25
rs775621169,Ensembl VEP (dbSNP),rs775621169,rs775621169,,X,47224316.0,C,T,rs775621169,ENST00000357227.9:c.203-69C>T,,ENST00000357227,NP_006192.1,,,,,other,intron_variant,,,,,,,,,,,none,,,,,0.0,0.0,0.0,0.0,0.0,0.0,0.75,11.25
rs775608871,Ensembl VEP (dbSNP),rs775608871,rs775608871,,X,47224798.0,C,T,rs775608871,ENST00000357227.9:c.463-36C>T,,ENST00000357227,NP_006192.1,,,,,other,intron_variant,,,,,,,,,,,none,,,,,0.0,0.0,0.0,0.0,0.0,0.0,0.75,11.25
rs775503534,Ensembl VEP (dbSNP),rs775503534,rs775503534,,X,47225530.0,C,T,rs775503534,ENST00000357227.9:c.635-242C>T,,ENST00000357227,NP_006192.1,,,,,other,intron_variant,,,,,,,,,,,none,,,,,0.0,0.0,0.0,0.0,0.0,0.0,0.75,11.25
rs775448081,Ensembl VEP (dbSNP),rs775448081,rs775448081,,X,47220843.0,G,T,rs775448081,ENST00000357227.9:c.-7+1738G>T,,ENST00000357227,NP_006192.1,,,,,other,intron_variant,,,,,,,,,,,none,,,,,0.0,0.0,0.0,0.0,0.0,0.0,0.75,11.25
rs775409353,Ensembl VEP (dbSNP),rs775409353,rs775409353,,X,47227422.0,A,G,rs775409353,ENST00000357227.9:c.1328A>G,ENSP00000349762.4:p.His443Arg,ENST00000357227,NP_006192.1,443.0,H,R,H443R,missense,missense_variant,,,,,,0.01,deleterious_low_confidence,0.967,probably_damaging,Protein kinase,none,1.0,2.0,0.8677,PATHOGENIC,0.0,0.8677,1.0,0.25,0.6,0.0,1.0,52.77
rs775408945,Ensembl VEP (dbSNP),rs775408945,rs775408945,,X,47222026.0,G,A,rs775408945,ENST00000357227.9:c.-6-1526G>A,,ENST00000357227,NP_006192.1,,,,,other,intron_variant,,,,,,,,,,,none,,,,,0.0,0.0,0.0,0.0,0.0,0.0,0.75,11.25
rs775222566,Ensembl VEP (dbSNP),rs775222566,rs775222566,,X,47226147.0,A,C,rs775222566,ENST00000357227.9:c.792+120A>C,,ENST00000357227,NP_006192.1,,,,,other,intron_variant,,,,,,,,,,,none,,,,,0.0,0.0,0.0,0.0,0.0,0.0,0.75,11.25
rs775119967,Ensembl VEP (dbSNP),rs775119967,rs775119967,,X,47225941.0,C,T,rs775119967,ENST00000357227.9:c.730-24C>T,,ENST00000357227,NP_006192.1,,,,,other,intron_variant,,,,,,,,,,,none,,,,,0.0,0.0,0.0,0.0,0.0,0.0,0.75,11.25
rs775043729,Ensembl VEP (dbSNP),rs775043729,rs775043729,,X,47227636.0,TTCAGTT,-,rs775043729,ENST00000357227.9:c.1375+167_1375+173del,,ENST00000357227,NP_006192.1,,,,,other,intron_variant,,,,,,,,,,,none,,,,,0.0,0.0,0.0,0.0,0.0,0.0,0.75,11.25
rs774936410,Ensembl VEP (dbSNP),rs774936410,rs774936410,4224520,X,47223166.0,C,G,rs774936410,ENST00000357227.9:c.-6-386C>G,,ENST00000357227,NP_006192.1,,,,,other,intron_variant,Uncertain significance,"criteria provided, single submitter",not specified,,,,,,,,none,,,,,0.6,0.0,0.0,0.0,0.0,0.0,0.75,23.25
rs774671579,Ensembl VEP (dbSNP),rs774671579,rs774671579,,X,47225583.0,C,A,rs774671579,ENST00000357227.9:c.635-189C>A,,ENST00000357227,NP_006192.1,,,,,other,intron_variant,,,,,,,,,,,none,,,,,0.0,0.0,0.0,0.0,0.0,0.0,0.75,11.25
rs774548765,Ensembl VEP (dbSNP),rs774548765,rs774548765,,X,47226296.0,G,A,rs774548765,ENST00000357227.9:c.810G>A,ENSP00000349762.4:p.Leu270=,ENST00000357227,NP_006192.1,270.0,,,,synonymous,synonymous_variant,,,,,,,,,,Protein kinase,none,1.0,2.0,,,0.0,0.0,1.0,0.25,0.6,0.0,1.0,39.75
rs774394385,Ensembl VEP (dbSNP),rs774394385,rs774394385,,X,47227052.0,C,T,rs774394385,ENST00000357227.9:c.1194C>T,ENSP00000349762.4:p.Tyr398=,ENST00000357227,NP_006192.1,398.0,,,,synonymous,synonymous_variant,,,,,,,,,,Protein kinase,none,1.0,2.0,,,0.0,0.0,1.0,0.25,0.6,0.0,1.0,39.75
rs774389363,Ensembl VEP (dbSNP),rs774389363,rs774389363,,X,47225147.0,C,A,rs774389363,ENST00000357227.9:c.634+45C>A,,ENST00000357227,NP_006192.1,,,,,other,intron_variant,,,,,,,,,,,none,,,,,0.0,0.0,0.0,0.0,0.0,0.0,0.75,11.25
rs774264911,Ensembl VEP (dbSNP),rs774264911,rs774264911,,X,47225913.0,C,T,rs774264911,ENST00000357227.9:c.729+47C>T,,ENST00000357227,NP_006192.1,,,,,other,intron_variant,,,,,,,,,,,none,,,,,0.0,0.0,0.0,0.0,0.0,0.0,0.75,11.25
rs774073715,Ensembl VEP (dbSNP),rs774073715,rs774073715,,X,47226726.0,-,TAAGGACAGGTGGAAGTGTGG,rs774073715,ENST00000357227.9:c.1037+2_1037+22dup,,ENST00000357227,NP_006192.1,,,,,other,intron_variant,,,,,,,,,,,none,,,,,0.0,0.0,0.0,0.0,0.0,0.0,0.75,11.25
rs774072481,Ensembl VEP (dbSNP),rs774072481,rs774072481,,X,47223641.0,T,G,rs774072481,ENST00000357227.9:c.84T>G,ENSP00000349762.4:p.Pro28=,ENST00000357227,NP_006192.1,28.0,,,,synonymous,synonymous_variant,,,,,,,,,,Disordered,none,1.0,2.0,,,0.0,0.0,1.0,0.25,0.3,0.0,1.0,36.75
rs773979585,Ensembl VEP (dbSNP),rs773979585,rs773979585,,X,47229766.0,G,A,rs773979585,ENST00000357227.9:c.*998G>A,,ENST00000357227,NP_006192.1,,,,,other,3_prime_UTR_variant,,,,,,,,,,,none,,,,,0.0,0.0,0.0,0.0,0.0,0.0,0.75,11.25
rs773922508,Ensembl VEP (dbSNP),rs773922508,rs773922508,,X,47228628.0,G,A,rs773922508,ENST00000357227.9:c.1437G>A,ENSP00000349762.4:p.Ser479=,ENST00000357227,NP_006192.1,479.0,,,,synonymous,synonymous_variant,,,,,,,,,,,none,1.0,2.0,,,0.0,0.0,1.0,0.0,0.0,0.0,1.0,30.0
rs773807417,Ensembl VEP (dbSNP),rs773807417,rs773807417,,X,47223525.0,C,A,rs773807417,ENST00000357227.9:c.-6-27C>A,,ENST00000357227,NP_006192.1,,,,,other,intron_variant,,,,,,,,,,,none,,,,,0.0,0.0,0.0,0.0,0.0,0.0,0.75,11.25
rs773581632,Ensembl VEP (dbSNP),rs773581632,rs773581632,,X,47228920.0,C,T,rs773581632,ENST00000357227.9:c.*152C>T,,ENST00000357227,NP_006192.1,,,,,other,3_prime_UTR_variant,,,,,,,,,,,none,,,,,0.0,0.0,0.0,0.0,0.0,0.0,0.75,11.25
rs773579190,Ensembl VEP (dbSNP),rs773579190,rs773579190,,X,47224127.0,G,A,rs773579190,ENST00000357227.9:c.203-258G>A,,ENST00000357227,NP_006192.1,,,,,other,intron_variant,,,,,,,,,,,none,,,,,0.0,0.0,0.0,0.0,0.0,0.0,0.75,11.25
rs773527419,Ensembl VEP (dbSNP),rs773527419,rs773527419,,X,47223684.0,G,A,rs773527419,ENST00000357227.9:c.127G>A,ENSP00000349762.4:p.Asp43Asn,ENST00000357227,NP_006192.1,43.0,D,N,D43N,missense,missense_variant,,,,,,0.15,tolerated_low_confidence,0.907,possibly_damaging,Disordered,none,1.0,2.0,0.0849,BENIGN,0.0,0.0849,1.0,0.25,0.3,0.0,1.0,38.02
rs773244277,Ensembl VEP (dbSNP),rs773244277,rs773244277,,X,47227465.0,T,A,rs773244277,ENST00000357227.9:c.1371T>A,ENSP00000349762.4:p.Pro457=,ENST00000357227,NP_006192.1,457.0,,,,synonymous,synonymous_variant,,,,,,,,,,,none,1.0,2.0,,,0.0,0.0,1.0,0.0,0.0,0.0,1.0,30.0
rs773209253,Ensembl VEP (dbSNP),rs773209253,rs773209253,,X,47225131.0,G,C,rs773209253,ENST00000357227.9:c.634+29G>C,,ENST00000357227,NP_006192.1,,,,,other,intron_variant,,,,,,,,,,,none,,,,,0.0,0.0,0.0,0.0,0.0,0.0,0.75,11.25
rs773121222,Ensembl VEP (dbSNP),rs773121222,rs773121222,4286550,X,47228648.0,GGTA,-,rs773121222,ENST00000357227.9:c.1453+4_1453+7del,,ENST00000357227,NP_006192.1,,,,,splice,splice_donor_5th_base_variant;intron_variant,,,,,,,,,,,none,,,,,0.0,0.0,0.0,0.0,0.0,0.0,0.75,11.25
rs773068044,Ensembl VEP (dbSNP),rs773068044,rs773068044,,X,47224293.0,AT,-,rs773068044,ENST00000357227.9:c.203-92_203-91del,,ENST00000357227,NP_006192.1,,,,,other,intron_variant,,,,,,,,,,,none,,,,,0.0,0.0,0.0,0.0,0.0,0.0,0.75,11.25
rs772950050,Ensembl VEP (dbSNP),rs772950050,rs772950050,,X,47229908.0,G,A,rs772950050,ENST00000357227.9:c.*1140G>A,,ENST00000357227,NP_006192.1,,,,,other,3_prime_UTR_variant,,,,,,,,,,,none,,,,,0.0,0.0,0.0,0.0,0.0,0.0,0.75,11.25
rs772942501,Ensembl VEP (dbSNP),rs772942501,rs772942501,,X,47226438.0,G,A,rs772942501,ENST00000357227.9:c.916+36G>A,,ENST00000357227,NP_006192.1,,,,,other,intron_variant,,,,,,,,,,,none,,,,,0.0,0.0,0.0,0.0,0.0,0.0,0.75,11.25
rs772845706,Ensembl VEP (dbSNP),rs772845706,rs772845706,,X,47221038.0,A,T,rs772845706,ENST00000357227.9:c.-7+1933A>T,,ENST00000357227,NP_006192.1,,,,,other,intron_variant,,,,,,,,,,,none,,,,,0.0,0.0,0.0,0.0,0.0,0.0,0.75,11.25
rs772805793,Ensembl VEP (dbSNP),rs772805793,rs772805793,,X,47230138.0,C,A,rs772805793,,,ENST00000357227,NP_006192.1,,,,,other,downstream_gene_variant,,,,,,,,,,,none,,,,,0.0,0.0,0.0,0.0,0.0,0.0,0.5,7.5
rs772674979,Ensembl VEP (dbSNP),rs772674979,rs772674979,,X,47226252.0,C,A,rs772674979,ENST00000357227.9:c.793-27C>A,,ENST00000357227,NP_006192.1,,,,,other,intron_variant,,,,,,,,,,,none,,,,,0.0,0.0,0.0,0.0,0.0,0.0,0.75,11.25
rs772652753,Ensembl VEP (dbSNP),rs772652753,rs772652753,,X,47226383.0,G,A,rs772652753,ENST00000357227.9:c.897G>A,ENSP00000349762.4:p.Glu299=,ENST00000357227,NP_006192.1,299.0,,,,synonymous,synonymous_variant,,,,,,,,,,Protein kinase,none,1.0,2.0,,,0.0,0.0,1.0,0.25,0.6,0.0,1.0,39.75
rs772533405,Ensembl VEP (dbSNP),rs772533405,rs772533405,,X,47224785.0,C,T,rs772533405,ENST00000357227.9:c.462+42C>T,,ENST00000357227,NP_006192.1,,,,,other,intron_variant,,,,,,,,,,,none,,,,,0.0,0.0,0.0,0.0,0.0,0.0,0.75,11.25
rs772436791,Ensembl VEP (dbSNP),rs772436791,rs772436791,,X,47227315.0,G,A,rs772436791,ENST00000357227.9:c.1285-64G>A,,ENST00000357227,NP_006192.1,,,,,other,intron_variant,,,,,,,,,,,none,,,,,0.0,0.0,0.0,0.0,0.0,0.0,0.75,11.25
rs772428100,Ensembl VEP (dbSNP),rs772428100,rs772428100,,X,47220907.0,C,G,rs772428100,ENST00000357227.9:c.-7+1802C>G,,ENST00000357227,NP_006192.1,,,,,other,intron_variant,,,,,,,,,,,none,,,,,0.0,0.0,0.0,0.0,0.0,0.0,0.75,11.25
rs772418422,Ensembl VEP (dbSNP),rs772418422,rs772418422,,X,47226376.0,G,A,rs772418422,ENST00000357227.9:c.890G>A,ENSP00000349762.4:p.Arg297Lys,ENST00000357227,NP_006192.1,297.0,R,K,R297K,missense,missense_variant,,,,,,0.41,tolerated_low_confidence,0.089,benign,Protein kinase,none,1.0,2.0,0.095,BENIGN,0.0,0.095,1.0,0.25,0.6,0.0,1.0,41.18
rs772285219,Ensembl VEP (dbSNP),rs772285219,rs772285219,,X,47227220.0,G,A,rs772285219,ENST00000357227.9:c.1281G>A,ENSP00000349762.4:p.Leu427=,ENST00000357227,NP_006192.1,427.0,,,,synonymous,synonymous_variant,,,,,,,,,,Protein kinase,none,1.0,2.0,,,0.0,0.0,1.0,0.25,0.6,0.0,1.0,39.75
rs772090780,Ensembl VEP (dbSNP),rs772090780,rs772090780,,X,47227402.0,C,T,rs772090780,ENST00000357227.9:c.1308C>T,ENSP00000349762.4:p.Ser436=,ENST00000357227,NP_006192.1,436.0,,,,synonymous,synonymous_variant,,,,,,,,,,Protein kinase,none,1.0,2.0,,,0.0,0.0,1.0,0.25,0.6,0.0,1.0,39.75
rs772088943,Ensembl VEP (dbSNP),rs772088943,rs772088943,,X,47224571.0,G,A,rs772088943,ENST00000357227.9:c.337-47G>A,,ENST00000357227,NP_006192.1,,,,,other,intron_variant,,,,,,,,,,,none,,,,,0.0,0.0,0.0,0.0,0.0,0.0,0.75,11.25
rs772055372,Ensembl VEP (dbSNP),rs772055372,rs772055372,,X,47226140.0,G,A,rs772055372,ENST00000357227.9:c.792+113G>A,,ENST00000357227,NP_006192.1,,,,,other,intron_variant,,,,,,,,,,,none,,,,,0.0,0.0,0.0,0.0,0.0,0.0,0.75,11.25
rs772011213,Ensembl VEP (dbSNP),rs772011213,rs772011213,,X,47224257.0,G,A,rs772011213,ENST00000357227.9:c.203-128G>A,,ENST00000357227,NP_006192.1,,,,,other,intron_variant,,,,,,,,,,,none,,,,,0.0,0.0,0.0,0.0,0.0,0.0,0.75,11.25
rs771981433,Ensembl VEP (dbSNP),rs771981433,rs771981433,,X,47220727.0,G,A,rs771981433,ENST00000357227.9:c.-7+1622G>A,,ENST00000357227,NP_006192.1,,,,,other,intron_variant,,,,,,,,,,,none,,,,,0.0,0.0,0.0,0.0,0.0,0.0,0.75,11.25
rs771912390,Ensembl VEP (dbSNP),rs771912390,rs771912390,,X,47223767.0,C,G,rs771912390,ENST00000357227.9:c.202+8C>G,,ENST00000357227,NP_006192.1,,,,,splice,splice_region_variant;intron_variant,,,,,,,,,,,none,,,,,0.0,0.0,0.0,0.0,0.0,0.0,0.75,11.25
rs771816870,Ensembl VEP (dbSNP),rs771816870,rs771816870,,X,47225434.0,G,A,rs771816870,ENST00000357227.9:c.634+332G>A,,ENST00000357227,NP_006192.1,,,,,other,intron_variant,,,,,,,,,,,none,,,,,0.0,0.0,0.0,0.0,0.0,0.0,0.75,11.25
rs771814612,Ensembl VEP (dbSNP),rs771814612,rs771814612,,X,47223673.0,G,A,rs771814612,ENST00000357227.9:c.116G>A,ENSP00000349762.4:p.Gly39Asp,ENST00000357227,NP_006192.1,39.0,G,D,G39D,missense,missense_variant,,,,,,0.01,deleterious_low_confidence,0.96,probably_damaging,Disordered,none,1.0,2.0,0.1236,BENIGN,0.0,0.1236,1.0,0.25,0.3,0.0,1.0,38.6
rs771770787,Ensembl VEP (dbSNP),rs771770787,rs771770787,,X,47229877.0,C,T,rs771770787,ENST00000357227.9:c.*1109C>T,,ENST00000357227,NP_006192.1,,,,,other,3_prime_UTR_variant,,,,,,,,,,,none,,,,,0.0,0.0,0.0,0.0,0.0,0.0,0.75,11.25
rs771527253,Ensembl VEP (dbSNP),rs771527253,rs771527253,,X,47228854.0,A,G,rs771527253,ENST00000357227.9:c.*86A>G,,ENST00000357227,NP_006192.1,,,,,other,3_prime_UTR_variant,,,,,,,,,,,none,,,,,0.0,0.0,0.0,0.0,0.0,0.0,0.75,11.25
rs771284673,Ensembl VEP (dbSNP),rs771284673,rs771284673,,X,47224772.0,T,C,rs771284673,ENST00000357227.9:c.462+29T>C,,ENST00000357227,NP_006192.1,,,,,other,intron_variant,,,,,,,,,,,none,,,,,0.0,0.0,0.0,0.0,0.0,0.0,0.75,11.25
rs771280288,Ensembl VEP (dbSNP),rs771280288,rs771280288,,X,47227494.0,G,A,rs771280288,ENST00000357227.9:c.1375+25G>A,,ENST00000357227,NP_006192.1,,,,,other,intron_variant,,,,,,,,,,,none,,,,,0.0,0.0,0.0,0.0,0.0,0.0,0.75,11.25
rs771246467,Ensembl VEP (dbSNP),rs771246467,rs771246467,,X,47226102.0,C,T,rs771246467,ENST00000357227.9:c.792+75C>T,,ENST00000357227,NP_006192.1,,,,,other,intron_variant,,,,,,,,,,,none,,,,,0.0,0.0,0.0,0.0,0.0,0.0,0.75,11.25
rs771034555,Ensembl VEP (dbSNP),rs771034555,rs771034555,,X,47228855.0,C,T,rs771034555,ENST00000357227.9:c.*87C>T,,ENST00000357227,NP_006192.1,,,,,other,3_prime_UTR_variant,,,,,,,,,,,none,,,,,0.0,0.0,0.0,0.0,0.0,0.0,0.75,11.25
rs770995841,Ensembl VEP (dbSNP),rs770995841,rs770995841,,X,47228658.0,C,A,rs770995841,ENST00000357227.9:c.1453+14C>A,,ENST00000357227,NP_006192.1,,,,,other,intron_variant,,,,,,,,,,,none,,,,,0.0,0.0,0.0,0.0,0.0,0.0,0.75,11.25
rs770873853,Ensembl VEP (dbSNP),rs770873853,rs770873853,,X,47225527.0,G,A,rs770873853,ENST00000357227.9:c.635-245G>A,,ENST00000357227,NP_006192.1,,,,,other,intron_variant,,,,,,,,,,,none,,,,,0.0,0.0,0.0,0.0,0.0,0.0,0.75,11.25
rs770814853,Ensembl VEP (dbSNP),rs770814853,rs770814853,,X,47220535.0,C,T,rs770814853,ENST00000357227.9:c.-7+1430C>T,,ENST00000357227,NP_006192.1,,,,,other,intron_variant,,,,,,,,,,,none,,,,,0.0,0.0,0.0,0.0,0.0,0.0,0.75,11.25
rs770798650,Ensembl VEP (dbSNP),rs770798650,rs770798650,,X,47225904.0,G,T,rs770798650,ENST00000357227.9:c.729+38G>T,,ENST00000357227,NP_006192.1,,,,,other,intron_variant,,,,,,,,,,,none,,,,,0.0,0.0,0.0,0.0,0.0,0.0,0.75,11.25
rs770772825,Ensembl VEP (dbSNP),rs770772825,rs770772825,,X,47228627.0,C,T,rs770772825,ENST00000357227.9:c.1436C>T,ENSP00000349762.4:p.Ser479Leu,ENST00000357227,NP_006192.1,479.0,S,L,S479L,missense,missense_variant,,,,,,0.07,tolerated_low_confidence,0.0,benign,,none,1.0,2.0,0.0773,BENIGN,0.0,0.0773,1.0,0.0,0.0,0.0,1.0,31.16
rs770722826,Ensembl VEP (dbSNP),rs770722826,rs770722826,,X,47221081.0,CAG,-,rs770722826,ENST00000357227.9:c.-7+1976_-7+1978del,,ENST00000357227,NP_006192.1,,,,,other,intron_variant,,,,,,,,,,,none,,,,,0.0,0.0,0.0,0.0,0.0,0.0,0.75,11.25
rs770612082,Ensembl VEP (dbSNP),rs770612082,rs770612082,,X,47226538.0,T,G,rs770612082,ENST00000357227.9:c.917-45T>G,,ENST00000357227,NP_006192.1,,,,,other,intron_variant,,,,,,,,,,,none,,,,,0.0,0.0,0.0,0.0,0.0,0.0,0.75,11.25
rs770526944,Ensembl VEP (dbSNP),rs770526944,rs770526944,,X,47221833.0,G,T,rs770526944,ENST00000357227.9:c.-6-1719G>T,,ENST00000357227,NP_006192.1,,,,,other,intron_variant,,,,,,,,,,,none,,,,,0.0,0.0,0.0,0.0,0.0,0.0,0.75,11.25
rs770503070,Ensembl VEP (dbSNP),rs770503070,rs770503070,,X,47226768.0,A,C,rs770503070,ENST00000357227.9:c.1038-44A>C,,ENST00000357227,NP_006192.1,,,,,other,intron_variant,,,,,,,,,,,none,,,,,0.0,0.0,0.0,0.0,0.0,0.0,0.75,11.25
rs770333839,Ensembl VEP (dbSNP),rs770333839,rs770333839,4490458,X,47226837.0,A,G,rs770333839,ENST00000357227.9:c.1063A>G,ENSP00000349762.4:p.Met355Val,ENST00000357227,NP_006192.1,355.0,M,V,M355V,missense,missense_variant,,,,,,0.0,deleterious_low_confidence,0.99,probably_damaging,Protein kinase,none,1.0,2.0,0.9531,PATHOGENIC,0.0,0.9531,1.0,0.25,0.6,0.0,1.0,54.05
rs770305098,Ensembl VEP (dbSNP),rs770305098,rs770305098,,X,47223637.0,C,A,rs770305098,ENST00000357227.9:c.80C>A,ENSP00000349762.4:p.Ala27Asp,ENST00000357227,NP_006192.1,27.0,A,D,A27D,missense,missense_variant,,,,,,0.3,tolerated_low_confidence,0.0,benign,Disordered,none,1.0,2.0,0.1601,BENIGN,0.0,0.1601,1.0,0.25,0.3,0.0,1.0,39.15
rs770284157,Ensembl VEP (dbSNP),rs770284157,rs770284157,,X,47227624.0,C,T,rs770284157,ENST00000357227.9:c.1375+155C>T,,ENST00000357227,NP_006192.1,,,,,other,intron_variant,,,,,,,,,,,none,,,,,0.0,0.0,0.0,0.0,0.0,0.0,0.75,11.25
rs770246662,Ensembl VEP (dbSNP),rs770246662,rs770246662,,X,47223782.0,C,T,rs770246662,ENST00000357227.9:c.202+23C>T,,ENST00000357227,NP_006192.1,,,,,other,intron_variant,,,,,,,,,,,none,,,,,0.0,0.0,0.0,0.0,0.0,0.0,0.75,11.25
rs770220951,Ensembl VEP (dbSNP),rs770220951,rs770220951,,X,47227022.0,C,T,rs770220951,ENST00000357227.9:c.1164C>T,ENSP00000349762.4:p.Gly388=,ENST00000357227,NP_006192.1,388.0,,,,synonymous,synonymous_variant,,,,,,,,,,Protein kinase,none,1.0,2.0,,,0.0,0.0,1.0,0.25,0.6,0.0,1.0,39.75
rs770199623,Ensembl VEP (dbSNP),rs770199623,rs770199623,,X,47225875.0,G,C,rs770199623,ENST00000357227.9:c.729+9G>C,,ENST00000357227,NP_006192.1,,,,,other,intron_variant,,,,,,,,,,,none,,,,,0.0,0.0,0.0,0.0,0.0,0.0,0.75,11.25
rs770113744,Ensembl VEP (dbSNP),rs770113744,rs770113744,,X,47228778.0,C,G,rs770113744,ENST00000357227.9:c.*10C>G,,ENST00000357227,NP_006192.1,,,,,other,3_prime_UTR_variant,,,,,,,,,,,none,,,,,0.0,0.0,0.0,0.0,0.0,0.0,0.75,11.25
rs770023677,Ensembl VEP (dbSNP),rs770023677,rs770023677,,X,47225613.0,C,T,rs770023677,ENST00000357227.9:c.635-159C>T,,ENST00000357227,NP_006192.1,,,,,other,intron_variant,,,,,,,,,,,none,,,,,0.0,0.0,0.0,0.0,0.0,0.0,0.75,11.25
rs769715734,Ensembl VEP (dbSNP),rs769715734,rs769715734,,X,47224311.0,T,C,rs769715734,ENST00000357227.9:c.203-74T>C,,ENST00000357227,NP_006192.1,,,,,other,intron_variant,,,,,,,,,,,none,,,,,0.0,0.0,0.0,0.0,0.0,0.0,0.75,11.25
rs769697976,Ensembl VEP (dbSNP),rs769697976,rs769697976,,X,47223284.0,A,T,rs769697976,ENST00000357227.9:c.-6-268A>T,,ENST00000357227,NP_006192.1,,,,,other,intron_variant,,,,,,,,,,,none,,,,,0.0,0.0,0.0,0.0,0.0,0.0,0.75,11.25
rs769668103,Ensembl VEP (dbSNP),rs769668103,rs769668103,,X,47228575.0,A,G,rs769668103,ENST00000357227.9:c.1384A>G,ENSP00000349762.4:p.Ile462Val,ENST00000357227,NP_006192.1,462.0,I,V,I462V,missense,missense_variant,,,,,,0.02,deleterious_low_confidence,0.039,benign,,none,1.0,2.0,0.0724,BENIGN,0.0,0.0724,1.0,0.0,0.0,0.0,1.0,31.09
rs769580542,Ensembl VEP (dbSNP),rs769580542,rs769580542,,X,47223124.0,A,G,rs769580542,ENST00000357227.9:c.-6-428A>G,,ENST00000357227,NP_006192.1,,,,,other,intron_variant,,,,,,,,,,,none,,,,,0.0,0.0,0.0,0.0,0.0,0.0,0.75,11.25
rs769562088,Ensembl VEP (dbSNP),rs769562088,rs769562088,,X,47221958.0,C,T,rs769562088,ENST00000357227.9:c.-6-1594C>T,,ENST00000357227,NP_006192.1,,,,,other,intron_variant,,,,,,,,,,,none,,,,,0.0,0.0,0.0,0.0,0.0,0.0,0.75,11.25
rs769501109,Ensembl VEP (dbSNP),rs769501109,rs769501109,,X,47226246.0,T,C,rs769501109,ENST00000357227.9:c.793-33T>C,,ENST00000357227,NP_006192.1,,,,,other,intron_variant,,,,,,,,,,,none,,,,,0.0,0.0,0.0,0.0,0.0,0.0,0.75,11.25
rs769416297,Ensembl VEP (dbSNP),rs769416297,rs769416297,,X,47230124.0,G,A,rs769416297,,,ENST00000357227,NP_006192.1,,,,,other,downstream_gene_variant,,,,,,,,,,,none,,,,,0.0,0.0,0.0,0.0,0.0,0.0,0.5,7.5
rs769089447,Ensembl VEP (dbSNP),rs769089447,rs769089447,,X,47226794.0,T,C,rs769089447,ENST00000357227.9:c.1038-18T>C,,ENST00000357227,NP_006192.1,,,,,other,intron_variant,,,,,,,,,,,none,,,,,0.0,0.0,0.0,0.0,0.0,0.0,0.75,11.25
rs769031734,Ensembl VEP (dbSNP),rs769031734,rs769031734,,X,47229729.0,T,A,rs769031734,ENST00000357227.9:c.*961T>A,,ENST00000357227,NP_006192.1,,,,,other,3_prime_UTR_variant,,,,,,,,,,,none,,,,,0.0,0.0,0.0,0.0,0.0,0.0,0.75,11.25
rs768967085,Ensembl VEP (dbSNP),rs768967085,rs768967085,,X,47220818.0,A,G,rs768967085,ENST00000357227.9:c.-7+1713A>G,,ENST00000357227,NP_006192.1,,,,,other,intron_variant,,,,,,,,,,,none,,,,,0.0,0.0,0.0,0.0,0.0,0.0,0.75,11.25
rs768792445,Ensembl VEP (dbSNP),rs768792445,rs768792445,,X,47221030.0,G,A,rs768792445,ENST00000357227.9:c.-7+1925G>A,,ENST00000357227,NP_006192.1,,,,,other,intron_variant,,,,,,,,,,,none,,,,,0.0,0.0,0.0,0.0,0.0,0.0,0.75,11.25
rs768771708,Ensembl VEP (dbSNP),rs768771708,rs768771708,,X,47224829.0,C,G,rs768771708,ENST00000357227.9:c.463-5C>G,,ENST00000357227,NP_006192.1,,,,,splice,splice_region_variant;splice_polypyrimidine_tract_variant;intron_variant,,,,,,,,,,,none,,,,,0.0,0.0,0.0,0.0,0.0,0.0,0.75,11.25
rs768744808,Ensembl VEP (dbSNP),rs768744808,rs768744808,,X,47225038.0,T,G,rs768744808,ENST00000357227.9:c.570T>G,ENSP00000349762.4:p.Leu190=,ENST00000357227,NP_006192.1,190.0,,,,synonymous,synonymous_variant,,,,,,,,,,Protein kinase,none,1.0,2.0,,,0.0,0.0,1.0,0.25,0.6,0.0,1.0,39.75
rs768554094,Ensembl VEP (dbSNP),rs768554094,rs768554094,,X,47226242.0,A,G,rs768554094,ENST00000357227.9:c.793-37A>G,,ENST00000357227,NP_006192.1,,,,,other,intron_variant,,,,,,,,,,,none,,,,,0.0,0.0,0.0,0.0,0.0,0.0,0.75,11.25
rs768402965,Ensembl VEP (dbSNP),rs768402965,rs768402965,,X,47224502.0,G,A,rs768402965,ENST00000357227.9:c.320G>A,ENSP00000349762.4:p.Arg107His,ENST00000357227,NP_006192.1,107.0,R,H,R107H,missense,missense_variant,,,,,,0.03,deleterious_low_confidence,0.829,possibly_damaging,,none,1.0,2.0,0.3493,AMBIGUOUS,0.0,0.3493,1.0,0.0,0.0,0.0,1.0,35.24
rs768318696,Ensembl VEP (dbSNP),rs768318696,rs768318696,,X,47226247.0,TT,-,rs768318696,ENST00000357227.9:c.793-32_793-31del,,ENST00000357227,NP_006192.1,,,,,other,intron_variant,,,,,,,,,,,none,,,,,0.0,0.0,0.0,0.0,0.0,0.0,0.75,11.25
rs768285320,Ensembl VEP (dbSNP),rs768285320,rs768285320,,X,47223237.0,G,A,rs768285320,ENST00000357227.9:c.-6-315G>A,,ENST00000357227,NP_006192.1,,,,,other,intron_variant,,,,,,,,,,,none,,,,,0.0,0.0,0.0,0.0,0.0,0.0,0.75,11.25
rs768256273,Ensembl VEP (dbSNP),rs768256273,rs768256273,,X,47229150.0,G,A,rs768256273,ENST00000357227.9:c.*382G>A,,ENST00000357227,NP_006192.1,,,,,other,3_prime_UTR_variant,,,,,,,,,,,none,,,,,0.0,0.0,0.0,0.0,0.0,0.0,0.75,11.25
rs768188909,Ensembl VEP (dbSNP),rs768188909,rs768188909,,X,47225475.0,C,T,rs768188909,ENST00000357227.9:c.635-297C>T,,ENST00000357227,NP_006192.1,,,,,other,intron_variant,,,,,,,,,,,none,,,,,0.0,0.0,0.0,0.0,0.0,0.0,0.75,11.25
rs768109976,Ensembl VEP (dbSNP),rs768109976,rs768109976,,X,47226161.0,C,G,rs768109976,ENST00000357227.9:c.793-118C>G,,ENST00000357227,NP_006192.1,,,,,other,intron_variant,,,,,,,,,,,none,,,,,0.0,0.0,0.0,0.0,0.0,0.0,0.75,11.25
rs768076296,Ensembl VEP (dbSNP),rs768076296,rs768076296,,X,47226178.0,G,C,rs768076296,ENST00000357227.9:c.793-101G>C,,ENST00000357227,NP_006192.1,,,,,other,intron_variant,,,,,,,,,,,none,,,,,0.0,0.0,0.0,0.0,0.0,0.0,0.75,11.25
rs767748660,Ensembl VEP (dbSNP),rs767748660,rs767748660,,X,47229075.0,C,G,rs767748660,ENST00000357227.9:c.*307C>G,,ENST00000357227,NP_006192.1,,,,,other,3_prime_UTR_variant,,,,,,,,,,,none,,,,,0.0,0.0,0.0,0.0,0.0,0.0,0.75,11.25
rs767731437,Ensembl VEP (dbSNP),rs767731437,rs767731437,,X,47224362.0,C,A,rs767731437,ENST00000357227.9:c.203-23C>A,,ENST00000357227,NP_006192.1,,,,,other,intron_variant,,,,,,,,,,,none,,,,,0.0,0.0,0.0,0.0,0.0,0.0,0.75,11.25
rs767712961,Ensembl VEP (dbSNP),rs767712961,rs767712961,,X,47223722.0,A,G,rs767712961,ENST00000357227.9:c.165A>G,ENSP00000349762.4:p.Glu55=,ENST00000357227,NP_006192.1,55.0,,,,synonymous,synonymous_variant,,,,,,,,,,Disordered,none,1.0,2.0,,,0.0,0.0,1.0,0.25,0.3,0.0,1.0,36.75
rs767711271,Ensembl VEP (dbSNP),rs767711271,rs767711271,,X,47227054.0,A,T,rs767711271,ENST00000357227.9:c.1196A>T,ENSP00000349762.4:p.Asn399Ile,ENST00000357227,NP_006192.1,399.0,N,I,N399I,missense,missense_variant,,,,,,0.0,deleterious_low_confidence,0.208,benign,Protein kinase,none,1.0,2.0,0.2503,BENIGN,0.0,0.2503,1.0,0.25,0.6,0.0,1.0,43.5
rs767480137,Ensembl VEP (dbSNP),rs767480137,rs767480137,,X,47230316.0,C,T,rs767480137,,,ENST00000357227,NP_006192.1,,,,,other,downstream_gene_variant,,,,,,,,,,,none,,,,,0.0,0.0,0.0,0.0,0.0,0.0,0.5,7.5
rs767439150,Ensembl VEP (dbSNP),rs767439150,rs767439150,,X,47223368.0,T,A,rs767439150,ENST00000357227.9:c.-6-184T>A,,ENST00000357227,NP_006192.1,,,,,other,intron_variant,,,,,,,,,,,none,,,,,0.0,0.0,0.0,0.0,0.0,0.0,0.75,11.25
rs767383168,Ensembl VEP (dbSNP),rs767383168,rs767383168,,X,47228072.0,C,T,rs767383168,ENST00000357227.9:c.1376-495C>T,,ENST00000357227,NP_006192.1,,,,,other,intron_variant,,,,,,,,,,,none,,,,,0.0,0.0,0.0,0.0,0.0,0.0,0.75,11.25
rs767367741,Ensembl VEP (dbSNP),rs767367741,rs767367741,,X,47227166.0,TT,-,rs767367741,ENST00000357227.9:c.1242-15_1242-14del,,ENST00000357227,NP_006192.1,,,,,splice,splice_polypyrimidine_tract_variant;intron_variant,,,,,,,,,,,none,,,,,0.0,0.0,0.0,0.0,0.0,0.0,0.75,11.25
rs767351341,Ensembl VEP (dbSNP),rs767351341,rs767351341,,X,47226890.0,C,G,rs767351341,ENST00000357227.9:c.1116C>G,ENSP00000349762.4:p.His372Gln,ENST00000357227,NP_006192.1,372.0,H,Q,H372Q,missense,missense_variant,,,,,,0.0,deleterious_low_confidence,0.122,benign,Protein kinase,none,1.0,2.0,0.7715,PATHOGENIC,0.0,0.7715,1.0,0.25,0.6,0.0,1.0,51.32
rs767227565,Ensembl VEP (dbSNP),rs767227565,rs767227565,,X,47228649.0,G,A,rs767227565,ENST00000357227.9:c.1453+5G>A,,ENST00000357227,NP_006192.1,,,,,splice,splice_donor_5th_base_variant;intron_variant,,,,,,,,,,,none,,,,,0.0,0.0,0.0,0.0,0.0,0.0,0.75,11.25
rs767105525,Ensembl VEP (dbSNP),rs767105525,rs767105525,,X,47224939.0,C,G,rs767105525,ENST00000357227.9:c.519+49C>G,,ENST00000357227,NP_006192.1,,,,,other,intron_variant,,,,,,,,,,,none,,,,,0.0,0.0,0.0,0.0,0.0,0.0,0.75,11.25
rs767103070,Ensembl VEP (dbSNP),rs767103070,rs767103070,,X,47225153.0,G,A,rs767103070,ENST00000357227.9:c.634+51G>A,,ENST00000357227,NP_006192.1,,,,,other,intron_variant,,,,,,,,,,,none,,,,,0.0,0.0,0.0,0.0,0.0,0.0,0.75,11.25
rs767017613,Ensembl VEP (dbSNP),rs767017613,rs767017613,,X,47227500.0,C,T,rs767017613,ENST00000357227.9:c.1375+31C>T,,ENST00000357227,NP_006192.1,,,,,other,intron_variant,,,,,,,,,,,none,,,,,0.0,0.0,0.0,0.0,0.0,0.0,0.75,11.25
rs766941569,Ensembl VEP (dbSNP),rs766941569,rs766941569,,X,47228945.0,C,G,rs766941569,ENST00000357227.9:c.*177C>G,,ENST00000357227,NP_006192.1,,,,,other,3_prime_UTR_variant,,,,,,,,,,,none,,,,,0.0,0.0,0.0,0.0,0.0,0.0,0.75,11.25
rs766878365,Ensembl VEP (dbSNP),rs766878365,rs766878365,,X,47223809.0,A,G,rs766878365,ENST00000357227.9:c.202+50A>G,,ENST00000357227,NP_006192.1,,,,,other,intron_variant,,,,,,,,,,,none,,,,,0.0,0.0,0.0,0.0,0.0,0.0,0.75,11.25
rs766849436,Ensembl VEP (dbSNP),rs766849436,rs766849436,,X,47221485.0,A,G,rs766849436,ENST00000357227.9:c.-6-2067A>G,,ENST00000357227,NP_006192.1,,,,,other,intron_variant,,,,,,,,,,,none,,,,,0.0,0.0,0.0,0.0,0.0,0.0,0.75,11.25
rs766823599,Ensembl VEP (dbSNP),rs766823599,rs766823599,,X,47224151.0,G,A,rs766823599,ENST00000357227.9:c.203-234G>A,,ENST00000357227,NP_006192.1,,,,,other,intron_variant,,,,,,,,,,,none,,,,,0.0,0.0,0.0,0.0,0.0,0.0,0.75,11.25
rs766783076,Ensembl VEP (dbSNP),rs766783076,rs766783076,,X,47226011.0,A,G,rs766783076,ENST00000357227.9:c.776A>G,ENSP00000349762.4:p.Asn259Ser,ENST00000357227,NP_006192.1,259.0,N,S,N259S,missense,missense_variant,,,,,,0.94,tolerated_low_confidence,0.003,benign,Protein kinase,none,1.0,2.0,0.0611,BENIGN,0.0,0.0611,1.0,0.25,0.6,0.0,1.0,40.67
rs766632657,Ensembl VEP (dbSNP),rs766632657,rs766632657,,X,47223596.0,G,A,rs766632657,ENST00000357227.9:c.39G>A,ENSP00000349762.4:p.Met13Ile,ENST00000357227,NP_006192.1,13.0,M,I,M13I,missense,missense_variant,,,,,,0.05,deleterious_low_confidence,0.018,benign,Disordered,modified_residue,1.0,2.0,0.482,AMBIGUOUS,0.0,0.482,1.0,0.5,0.3,0.0,1.0,47.73
rs766614624,Ensembl VEP (dbSNP),rs766614624,rs766614624,,X,47226599.0,G,A,rs766614624,ENST00000357227.9:c.933G>A,ENSP00000349762.4:p.Lys311=,ENST00000357227,NP_006192.1,311.0,,,,synonymous,synonymous_variant,,,,,,,,,,Protein kinase,none,1.0,2.0,,,0.0,0.0,1.0,0.25,0.6,0.0,1.0,39.75
rs766593061,Ensembl VEP (dbSNP),rs766593061,rs766593061,,X,47226850.0,G,A,rs766593061,ENST00000357227.9:c.1076G>A,ENSP00000349762.4:p.Arg359His,ENST00000357227,NP_006192.1,359.0,R,H,R359H,missense,missense_variant,,,,,,0.0,deleterious_low_confidence,0.38,benign,Protein kinase,none,1.0,2.0,0.5773,PATHOGENIC,0.0,0.5773,1.0,0.25,0.6,0.0,1.0,48.41
rs766494900,Ensembl VEP (dbSNP),rs766494900,rs766494900,,X,47222313.0,C,G,rs766494900,ENST00000357227.9:c.-6-1239C>G,,ENST00000357227,NP_006192.1,,,,,other,intron_variant,,,,,,,,,,,none,,,,,0.0,0.0,0.0,0.0,0.0,0.0,0.75,11.25
rs766442060,Ensembl VEP (dbSNP),rs766442060,rs766442060,,X,47229292.0,G,T,rs766442060,ENST00000357227.9:c.*524G>T,,ENST00000357227,NP_006192.1,,,,,other,3_prime_UTR_variant,,,,,,,,,,,none,,,,,0.0,0.0,0.0,0.0,0.0,0.0,0.75,11.25
rs766415625,Ensembl VEP (dbSNP),rs766415625,rs766415625,,X,47224915.0,G,C,rs766415625,ENST00000357227.9:c.519+25G>C,,ENST00000357227,NP_006192.1,,,,,other,intron_variant,,,,,,,,,,,none,,,,,0.0,0.0,0.0,0.0,0.0,0.0,0.75,11.25
rs766315682,Ensembl VEP (dbSNP),rs766315682,rs766315682,,X,47229963.0,C,T,rs766315682,ENST00000357227.9:c.*1195C>T,,ENST00000357227,NP_006192.1,,,,,other,3_prime_UTR_variant,,,,,,,,,,,none,,,,,0.0,0.0,0.0,0.0,0.0,0.0,0.75,11.25
rs766191375,Ensembl VEP (dbSNP),rs766191375,rs766191375,,X,47227522.0,T,A,rs766191375,ENST00000357227.9:c.1375+53T>A,,ENST00000357227,NP_006192.1,,,,,other,intron_variant,,,,,,,,,,,none,,,,,0.0,0.0,0.0,0.0,0.0,0.0,0.75,11.25
rs765983356,Ensembl VEP (dbSNP),rs765983356,rs765983356,,X,47227337.0,T,C,rs765983356,ENST00000357227.9:c.1285-42T>C,,ENST00000357227,NP_006192.1,,,,,other,intron_variant,,,,,,,,,,,none,,,,,0.0,0.0,0.0,0.0,0.0,0.0,0.75,11.25
rs765887895,Ensembl VEP (dbSNP),rs765887895,rs765887895,,X,47230180.0,A,T,rs765887895,,,ENST00000357227,NP_006192.1,,,,,other,downstream_gene_variant,,,,,,,,,,,none,,,,,0.0,0.0,0.0,0.0,0.0,0.0,0.5,7.5
rs765856405,Ensembl VEP (dbSNP),rs765856405,rs765856405,,X,47223678.0,G,A,rs765856405,ENST00000357227.9:c.121G>A,ENSP00000349762.4:p.Gly41Ser,ENST00000357227,NP_006192.1,41.0,G,S,G41S,missense,missense_variant,,,,,,0.12,tolerated_low_confidence,0.001,benign,Disordered,none,1.0,2.0,0.0789,BENIGN,0.0,0.0789,1.0,0.25,0.3,0.0,1.0,37.93
rs765628929,Ensembl VEP (dbSNP),rs765628929,rs765628929,,X,47228696.0,C,T,rs765628929,ENST00000357227.9:c.1454-35C>T,,ENST00000357227,NP_006192.1,,,,,other,intron_variant,,,,,,,,,,,none,,,,,0.0,0.0,0.0,0.0,0.0,0.0,0.75,11.25
rs765571634,Ensembl VEP (dbSNP),rs765571634,rs765571634,,X,47221224.0,T,C,rs765571634,ENST00000357227.9:c.-7+2119T>C,,ENST00000357227,NP_006192.1,,,,,other,intron_variant,,,,,,,,,,,none,,,,,0.0,0.0,0.0,0.0,0.0,0.0,0.75,11.25
rs765524965,Ensembl VEP (dbSNP),rs765524965,rs765524965,,X,47226314.0,C,T,rs765524965,ENST00000357227.9:c.828C>T,ENSP00000349762.4:p.Tyr276=,ENST00000357227,NP_006192.1,276.0,,,,synonymous,synonymous_variant,,,,,,,,,,Protein kinase,none,1.0,2.0,,,0.0,0.0,1.0,0.25,0.6,0.0,1.0,39.75
rs765365017,Ensembl VEP (dbSNP),rs765365017,rs765365017,,X,47222599.0,G,A,rs765365017,ENST00000357227.9:c.-6-953G>A,,ENST00000357227,NP_006192.1,,,,,other,intron_variant,,,,,,,,,,,none,,,,,0.0,0.0,0.0,0.0,0.0,0.0,0.75,11.25
rs765331042,Ensembl VEP (dbSNP),rs765331042,rs765331042,,X,47229072.0,CCCCCC,CCC,rs765331042,ENST00000357227.9:c.*307_*309del,,ENST00000357227,NP_006192.1,,,,,other,3_prime_UTR_variant,,,,,,,,,,,none,,,,,0.0,0.0,0.0,0.0,0.0,0.0,0.75,11.25
rs765285271,Ensembl VEP (dbSNP),rs765285271,rs765285271,,X,47226579.0,C,G,rs765285271,ENST00000357227.9:c.917-4C>G,,ENST00000357227,NP_006192.1,,,,,splice,splice_region_variant;splice_polypyrimidine_tract_variant;intron_variant,,,,,,,,,,,none,,,,,0.0,0.0,0.0,0.0,0.0,0.0,0.75,11.25
rs765271897,Ensembl VEP (dbSNP),rs765271897,rs765271897,,X,47227459.0,A,G,rs765271897,ENST00000357227.9:c.1365A>G,ENSP00000349762.4:p.Lys455=,ENST00000357227,NP_006192.1,455.0,,,,synonymous,synonymous_variant,,,,,,,,,,,none,1.0,2.0,,,0.0,0.0,1.0,0.0,0.0,0.0,1.0,30.0
rs765253844,Ensembl VEP (dbSNP),rs765253844,rs765253844,,X,47227329.0,C,T,rs765253844,ENST00000357227.9:c.1285-50C>T,,ENST00000357227,NP_006192.1,,,,,other,intron_variant,,,,,,,,,,,none,,,,,0.0,0.0,0.0,0.0,0.0,0.0,0.75,11.25
rs765036690,Ensembl VEP (dbSNP),rs765036690,rs765036690,,X,47224898.0,G,A,rs765036690,ENST00000357227.9:c.519+8G>A,,ENST00000357227,NP_006192.1,,,,,splice,splice_region_variant;intron_variant,,,,,,,,,,,none,,,,,0.0,0.0,0.0,0.0,0.0,0.0,0.75,11.25
rs764869040,Ensembl VEP (dbSNP),rs764869040,rs764869040,,X,47226168.0,G,A,rs764869040,ENST00000357227.9:c.793-111G>A,,ENST00000357227,NP_006192.1,,,,,other,intron_variant,,,,,,,,,,,none,,,,,0.0,0.0,0.0,0.0,0.0,0.0,0.75,11.25
rs764699628,Ensembl VEP (dbSNP),rs764699628,rs764699628,,X,47226560.0,G,T,rs764699628,ENST00000357227.9:c.917-23G>T,,ENST00000357227,NP_006192.1,,,,,other,intron_variant,,,,,,,,,,,none,,,,,0.0,0.0,0.0,0.0,0.0,0.0,0.75,11.25
rs764665589,Ensembl VEP (dbSNP),rs764665589,rs764665589,,X,47223112.0,G,A,rs764665589,ENST00000357227.9:c.-6-440G>A,,ENST00000357227,NP_006192.1,,,,,other,intron_variant,,,,,,,,,,,none,,,,,0.0,0.0,0.0,0.0,0.0,0.0,0.75,11.25
rs764501733,Ensembl VEP (dbSNP),rs764501733,rs764501733,,X,47223554.0,C,A,rs764501733,ENST00000357227.9:c.-4C>A,,ENST00000357227,NP_006192.1,,,,,splice,splice_region_variant;5_prime_UTR_variant,,,,,,,,,,,none,,,,,0.0,0.0,0.0,0.0,0.0,0.0,0.75,11.25
rs764418822,Ensembl VEP (dbSNP),rs764418822,rs764418822,4224518,X,47223619.0,T,C,rs764418822,ENST00000357227.9:c.62T>C,ENSP00000349762.4:p.Ile21Thr,ENST00000357227,NP_006192.1,21.0,I,T,I21T,missense,missense_variant,Uncertain significance,"criteria provided, single submitter",not specified,,,0.24,tolerated_low_confidence,0.001,benign,Disordered,none,1.0,2.0,0.0717,BENIGN,0.6,0.0717,1.0,0.25,0.3,0.0,1.0,49.83
rs764369025,Ensembl VEP (dbSNP),rs764369025,rs764369025,,X,47224581.0,G,A,rs764369025,ENST00000357227.9:c.337-37G>A,,ENST00000357227,NP_006192.1,,,,,other,intron_variant,,,,,,,,,,,none,,,,,0.0,0.0,0.0,0.0,0.0,0.0,0.75,11.25
rs764359210,Ensembl VEP (dbSNP),rs764359210,rs764359210,,X,47224319.0,G,C,rs764359210,ENST00000357227.9:c.203-66G>C,,ENST00000357227,NP_006192.1,,,,,other,intron_variant,,,,,,,,,,,none,,,,,0.0,0.0,0.0,0.0,0.0,0.0,0.75,11.25
rs764242389,Ensembl VEP (dbSNP),rs764242389,rs764242389,,X,47230397.0,A,G,rs764242389,,,ENST00000357227,NP_006192.1,,,,,other,downstream_gene_variant,,,,,,,,,,,none,,,,,0.0,0.0,0.0,0.0,0.0,0.0,0.5,7.5
rs764094247,Ensembl VEP (dbSNP),rs764094247,rs764094247,,X,47222049.0,G,A,rs764094247,ENST00000357227.9:c.-6-1503G>A,,ENST00000357227,NP_006192.1,,,,,other,intron_variant,,,,,,,,,,,none,,,,,0.0,0.0,0.0,0.0,0.0,0.0,0.75,11.25
rs763995964,Ensembl VEP (dbSNP),rs763995964,rs763995964,,X,47227249.0,G,C,rs763995964,ENST00000357227.9:c.1284+26G>C,,ENST00000357227,NP_006192.1,,,,,other,intron_variant,,,,,,,,,,,none,,,,,0.0,0.0,0.0,0.0,0.0,0.0,0.75,11.25
rs763966261,Ensembl VEP (dbSNP),rs763966261,rs763966261,,X,47227074.0,G,A,rs763966261,ENST00000357227.9:c.1216G>A,ENSP00000349762.4:p.Glu406Lys,ENST00000357227,NP_006192.1,406.0,E,K,E406K,missense,missense_variant,,,,,,0.0,deleterious_low_confidence,0.095,benign,Protein kinase,none,1.0,2.0,0.5433,AMBIGUOUS,0.0,0.5433,1.0,0.25,0.6,0.0,1.0,47.9
rs763921753,Ensembl VEP (dbSNP),rs763921753,rs763921753,,X,47221357.0,G,A,rs763921753,ENST00000357227.9:c.-6-2195G>A,,ENST00000357227,NP_006192.1,,,,,other,intron_variant,,,,,,,,,,,none,,,,,0.0,0.0,0.0,0.0,0.0,0.0,0.75,11.25
rs763841677,Ensembl VEP (dbSNP),rs763841677,rs763841677,3999599,X,47224400.0,A,G,rs763841677,ENST00000357227.9:c.218A>G,ENSP00000349762.4:p.Asp73Gly,ENST00000357227,NP_006192.1,73.0,D,G,D73G,missense,missense_variant,Uncertain significance,"criteria provided, single submitter",not specified,,,0.15,tolerated_low_confidence,0.108,benign,Disordered,none,1.0,2.0,0.3627,AMBIGUOUS,0.6,0.3627,1.0,0.25,0.3,0.0,1.0,54.19
rs763762866,Ensembl VEP (dbSNP),rs763762866,rs763762866,,X,47227898.0,C,-,rs763762866,ENST00000357227.9:c.1375+429del,,ENST00000357227,NP_006192.1,,,,,other,intron_variant,,,,,,,,,,,none,,,,,0.0,0.0,0.0,0.0,0.0,0.0,0.75,11.25
rs763738009,Ensembl VEP (dbSNP),rs763738009,rs763738009,,X,47225998.0,G,A,rs763738009,ENST00000357227.9:c.763G>A,ENSP00000349762.4:p.Gly255Arg,ENST00000357227,NP_006192.1,255.0,G,R,G255R,missense,missense_variant,,,,,,0.01,deleterious_low_confidence,0.905,possibly_damaging,Protein kinase,none,1.0,2.0,0.5788,PATHOGENIC,0.0,0.5788,1.0,0.25,0.6,0.0,1.0,48.43
rs763721593,Ensembl VEP (dbSNP),rs763721593,rs763721593,,X,47228904.0,C,A,rs763721593,ENST00000357227.9:c.*136C>A,,ENST00000357227,NP_006192.1,,,,,other,3_prime_UTR_variant,,,,,,,,,,,none,,,,,0.0,0.0,0.0,0.0,0.0,0.0,0.75,11.25
rs763421284,Ensembl VEP (dbSNP),rs763421284,rs763421284,,X,47223807.0,C,T,rs763421284,ENST00000357227.9:c.202+48C>T,,ENST00000357227,NP_006192.1,,,,,other,intron_variant,,,,,,,,,,,none,,,,,0.0,0.0,0.0,0.0,0.0,0.0,0.75,11.25
rs763372202,Ensembl VEP (dbSNP),rs763372202,rs763372202,,X,47221451.0,C,A,rs763372202,ENST00000357227.9:c.-6-2101C>A,,ENST00000357227,NP_006192.1,,,,,other,intron_variant,,,,,,,,,,,none,,,,,0.0,0.0,0.0,0.0,0.0,0.0,0.75,11.25
rs763332372,Ensembl VEP (dbSNP),rs763332372,rs763332372,,X,47226010.0,A,G,rs763332372,ENST00000357227.9:c.775A>G,ENSP00000349762.4:p.Asn259Asp,ENST00000357227,NP_006192.1,259.0,N,D,N259D,missense,missense_variant,,,,,,0.06,tolerated_low_confidence,0.024,benign,Protein kinase,none,1.0,2.0,0.1611,BENIGN,0.0,0.1611,1.0,0.25,0.6,0.0,1.0,42.17
rs763324746,Ensembl VEP (dbSNP),rs763324746,rs763324746,,X,47224144.0,G,T,rs763324746,ENST00000357227.9:c.203-241G>T,,ENST00000357227,NP_006192.1,,,,,other,intron_variant,,,,,,,,,,,none,,,,,0.0,0.0,0.0,0.0,0.0,0.0,0.75,11.25
rs763161392,Ensembl VEP (dbSNP),rs763161392,rs763161392,,X,47228944.0,C,T,rs763161392,ENST00000357227.9:c.*176C>T,,ENST00000357227,NP_006192.1,,,,,other,3_prime_UTR_variant,,,,,,,,,,,none,,,,,0.0,0.0,0.0,0.0,0.0,0.0,0.75,11.25
rs763128447,Ensembl VEP (dbSNP),rs763128447,rs763128447,,X,47224317.0,G,A,rs763128447,ENST00000357227.9:c.203-68G>A,,ENST00000357227,NP_006192.1,,,,,other,intron_variant,,,,,,,,,,,none,,,,,0.0,0.0,0.0,0.0,0.0,0.0,0.75,11.25
rs763127145,Ensembl VEP (dbSNP),rs763127145,rs763127145,,X,47223701.0,C,A,rs763127145,ENST00000357227.9:c.144C>A,ENSP00000349762.4:p.Pro48=,ENST00000357227,NP_006192.1,48.0,,,,synonymous,synonymous_variant,,,,,,,,,,Disordered,none,1.0,2.0,,,0.0,0.0,1.0,0.25,0.3,0.0,1.0,36.75
rs763035543,Ensembl VEP (dbSNP),rs763035543,rs763035543,,X,47226849.0,C,T,rs763035543,ENST00000357227.9:c.1075C>T,ENSP00000349762.4:p.Arg359Cys,ENST00000357227,NP_006192.1,359.0,R,C,R359C,missense,missense_variant,,,,,,0.0,deleterious_low_confidence,0.998,probably_damaging,Protein kinase,none,1.0,2.0,0.7759,PATHOGENIC,0.0,0.7759,1.0,0.25,0.6,0.0,1.0,51.39
rs763025668,Ensembl VEP (dbSNP),rs763025668,rs763025668,,X,47224911.0,C,T,rs763025668,ENST00000357227.9:c.519+21C>T,,ENST00000357227,NP_006192.1,,,,,other,intron_variant,,,,,,,,,,,none,,,,,0.0,0.0,0.0,0.0,0.0,0.0,0.75,11.25
rs763010715,Ensembl VEP (dbSNP),rs763010715,rs763010715,,X,47221191.0,G,A,rs763010715,ENST00000357227.9:c.-7+2086G>A,,ENST00000357227,NP_006192.1,,,,,other,intron_variant,,,,,,,,,,,none,,,,,0.0,0.0,0.0,0.0,0.0,0.0,0.75,11.25
rs762975118,Ensembl VEP (dbSNP),rs762975118,rs762975118,,X,47227035.0,G,A,rs762975118,ENST00000357227.9:c.1177G>A,ENSP00000349762.4:p.Glu393Lys,ENST00000357227,NP_006192.1,393.0,E,K,E393K,missense,missense_variant,,,,,,0.08,tolerated_low_confidence,0.007,benign,Protein kinase,none,1.0,2.0,0.1548,BENIGN,0.0,0.1548,1.0,0.25,0.6,0.0,1.0,42.07
rs762830564,Ensembl VEP (dbSNP),rs762830564,rs762830564,,X,47225136.0,C,G,rs762830564,ENST00000357227.9:c.634+34C>G,,ENST00000357227,NP_006192.1,,,,,other,intron_variant,,,,,,,,,,,none,,,,,0.0,0.0,0.0,0.0,0.0,0.0,0.75,11.25
rs762671087,Ensembl VEP (dbSNP),rs762671087,rs762671087,,X,47230175.0,G,A,rs762671087,,,ENST00000357227,NP_006192.1,,,,,other,downstream_gene_variant,,,,,,,,,,,none,,,,,0.0,0.0,0.0,0.0,0.0,0.0,0.5,7.5
rs762446019,Ensembl VEP (dbSNP),rs762446019,rs762446019,,X,47223566.0,G,A,rs762446019,ENST00000357227.9:c.9G>A,ENSP00000349762.4:p.Arg3=,ENST00000357227,NP_006192.1,3.0,,,,synonymous,synonymous_variant,,,,,,,,,,Disordered,none,1.0,2.0,,,0.0,0.0,1.0,0.25,0.3,0.0,1.0,36.75
rs762395866,Ensembl VEP (dbSNP),rs762395866,rs762395866,,X,47227845.0,C,G,rs762395866,ENST00000357227.9:c.1375+376C>G,,ENST00000357227,NP_006192.1,,,,,other,intron_variant,,,,,,,,,,,none,,,,,0.0,0.0,0.0,0.0,0.0,0.0,0.75,11.25
rs762259531,Ensembl VEP (dbSNP),rs762259531,rs762259531,,X,47223677.0,C,T,rs762259531,ENST00000357227.9:c.120C>T,ENSP00000349762.4:p.Gly40=,ENST00000357227,NP_006192.1,40.0,,,,synonymous,synonymous_variant,,,,,,,,,,Disordered,none,1.0,2.0,,,0.0,0.0,1.0,0.25,0.3,0.0,1.0,36.75
rs761972563,Ensembl VEP (dbSNP),rs761972563,rs761972563,,X,47226574.0,G,T,rs761972563,ENST00000357227.9:c.917-9G>T,,ENST00000357227,NP_006192.1,,,,,splice,splice_polypyrimidine_tract_variant;intron_variant,,,,,,,,,,,none,,,,,0.0,0.0,0.0,0.0,0.0,0.0,0.75,11.25
rs761910432,Ensembl VEP (dbSNP),rs761910432,rs761910432,,X,47227265.0,A,G,rs761910432,ENST00000357227.9:c.1284+42A>G,,ENST00000357227,NP_006192.1,,,,,other,intron_variant,,,,,,,,,,,none,,,,,0.0,0.0,0.0,0.0,0.0,0.0,0.75,11.25
rs761777951,Ensembl VEP (dbSNP),rs761777951,rs761777951,,X,47223320.0,C,T,rs761777951,ENST00000357227.9:c.-6-232C>T,,ENST00000357227,NP_006192.1,,,,,other,intron_variant,,,,,,,,,,,none,,,,,0.0,0.0,0.0,0.0,0.0,0.0,0.75,11.25
rs761644467,Ensembl VEP (dbSNP),rs761644467,rs761644467,,X,47227449.0,G,A,rs761644467,ENST00000357227.9:c.1355G>A,ENSP00000349762.4:p.Arg452Gln,ENST00000357227,NP_006192.1,452.0,R,Q,R452Q,missense,missense_variant,,,,,,0.5,tolerated_low_confidence,0.015,benign,,none,1.0,2.0,0.082,BENIGN,0.0,0.082,1.0,0.0,0.0,0.0,1.0,31.23
rs761601903,Ensembl VEP (dbSNP),rs761601903,rs761601903,,X,47226796.0,TG,-,rs761601903,ENST00000357227.9:c.1038-16_1038-15del,,ENST00000357227,NP_006192.1,,,,,splice,splice_polypyrimidine_tract_variant;intron_variant,,,,,,,,,,,none,,,,,0.0,0.0,0.0,0.0,0.0,0.0,0.75,11.25
rs761586324,Ensembl VEP (dbSNP),rs761586324,rs761586324,,X,47229251.0,GTTT,-,rs761586324,ENST00000357227.9:c.*483_*486del,,ENST00000357227,NP_006192.1,,,,,other,3_prime_UTR_variant,,,,,,,,,,,none,,,,,0.0,0.0,0.0,0.0,0.0,0.0,0.75,11.25
rs761497882,Ensembl VEP (dbSNP),rs761497882,rs761497882,,X,47226166.0,T,G,rs761497882,ENST00000357227.9:c.793-113T>G,,ENST00000357227,NP_006192.1,,,,,other,intron_variant,,,,,,,,,,,none,,,,,0.0,0.0,0.0,0.0,0.0,0.0,0.75,11.25
rs761458872,Ensembl VEP (dbSNP),rs761458872,rs761458872,,X,47230050.0,T,C,rs761458872,,,ENST00000357227,NP_006192.1,,,,,other,downstream_gene_variant,,,,,,,,,,,none,,,,,0.0,0.0,0.0,0.0,0.0,0.0,0.5,7.5
rs761368556,Ensembl VEP (dbSNP),rs761368556,rs761368556,4872328,X,47226872.0,G,A,rs761368556,ENST00000357227.9:c.1098G>A,ENSP00000349762.4:p.Thr366=,ENST00000357227,NP_006192.1,366.0,,,,synonymous,synonymous_variant,Uncertain significance,"criteria provided, single submitter",not provided,,,,,,,Protein kinase,none,1.0,2.0,,,0.6,0.0,1.0,0.25,0.6,0.0,1.0,51.75
rs761331543,Ensembl VEP (dbSNP),rs761331543,rs761331543,,X,47226263.0,A,G,rs761331543,ENST00000357227.9:c.793-16A>G,,ENST00000357227,NP_006192.1,,,,,splice,splice_polypyrimidine_tract_variant;intron_variant,,,,,,,,,,,none,,,,,0.0,0.0,0.0,0.0,0.0,0.0,0.75,11.25
rs761130276,Ensembl VEP (dbSNP),rs761130276,rs761130276,,X,47223536.0,C,T,rs761130276,ENST00000357227.9:c.-6-16C>T,,ENST00000357227,NP_006192.1,,,,,splice,splice_polypyrimidine_tract_variant;intron_variant,,,,,,,,,,,none,,,,,0.0,0.0,0.0,0.0,0.0,0.0,0.75,11.25
rs761059758,Ensembl VEP (dbSNP),rs761059758,rs761059758,,X,47226556.0,T,A,rs761059758,ENST00000357227.9:c.917-27T>A,,ENST00000357227,NP_006192.1,,,,,other,intron_variant,,,,,,,,,,,none,,,,,0.0,0.0,0.0,0.0,0.0,0.0,0.75,11.25
rs761042604,Ensembl VEP (dbSNP),rs761042604,rs761042604,,X,47226435.0,C,T,rs761042604,ENST00000357227.9:c.916+33C>T,,ENST00000357227,NP_006192.1,,,,,other,intron_variant,,,,,,,,,,,none,,,,,0.0,0.0,0.0,0.0,0.0,0.0,0.75,11.25
rs760889094,Ensembl VEP (dbSNP),rs760889094,rs760889094,,X,47223105.0,T,C,rs760889094,ENST00000357227.9:c.-6-447T>C,,ENST00000357227,NP_006192.1,,,,,other,intron_variant,,,,,,,,,,,none,,,,,0.0,0.0,0.0,0.0,0.0,0.0,0.75,11.25
rs760764186,Ensembl VEP (dbSNP),rs760764186,rs760764186,,X,47222247.0,C,T,rs760764186,ENST00000357227.9:c.-6-1305C>T,,ENST00000357227,NP_006192.1,,,,,other,intron_variant,,,,,,,,,,,none,,,,,0.0,0.0,0.0,0.0,0.0,0.0,0.75,11.25
rs760579793,Ensembl VEP (dbSNP),rs760579793,rs760579793,,X,47228937.0,AACCCACCCATTGGCCTGTC,-,rs760579793,ENST00000357227.9:c.*169_*188del,,ENST00000357227,NP_006192.1,,,,,other,3_prime_UTR_variant,,,,,,,,,,,none,,,,,0.0,0.0,0.0,0.0,0.0,0.0,0.75,11.25
rs760577069,Ensembl VEP (dbSNP),rs760577069,rs760577069,,X,47229910.0,G,A,rs760577069,ENST00000357227.9:c.*1142G>A,,ENST00000357227,NP_006192.1,,,,,other,3_prime_UTR_variant,,,,,,,,,,,none,,,,,0.0,0.0,0.0,0.0,0.0,0.0,0.75,11.25
rs760489097,Ensembl VEP (dbSNP),rs760489097,rs760489097,,X,47229276.0,T,A,rs760489097,ENST00000357227.9:c.*508T>A,,ENST00000357227,NP_006192.1,,,,,other,3_prime_UTR_variant,,,,,,,,,,,none,,,,,0.0,0.0,0.0,0.0,0.0,0.0,0.75,11.25
rs760484076,Ensembl VEP (dbSNP),rs760484076,rs760484076,,X,47224395.0,C,T,rs760484076,ENST00000357227.9:c.213C>T,ENSP00000349762.4:p.His71=,ENST00000357227,NP_006192.1,71.0,,,,synonymous,synonymous_variant,,,,,,,,,,Disordered,none,1.0,2.0,,,0.0,0.0,1.0,0.25,0.3,0.0,1.0,36.75
rs760405805,Ensembl VEP (dbSNP),rs760405805,rs760405805,,X,47227242.0,A,G,rs760405805,ENST00000357227.9:c.1284+19A>G,,ENST00000357227,NP_006192.1,,,,,other,intron_variant,,,,,,,,,,,none,,,,,0.0,0.0,0.0,0.0,0.0,0.0,0.75,11.25
rs760385883,Ensembl VEP (dbSNP),rs760385883,rs760385883,,X,47228864.0,T,C,rs760385883,ENST00000357227.9:c.*96T>C,,ENST00000357227,NP_006192.1,,,,,other,3_prime_UTR_variant,,,,,,,,,,,none,,,,,0.0,0.0,0.0,0.0,0.0,0.0,0.75,11.25
rs760298206,Ensembl VEP (dbSNP),rs760298206,rs760298206,,X,47228660.0,T,C,rs760298206,ENST00000357227.9:c.1453+16T>C,,ENST00000357227,NP_006192.1,,,,,other,intron_variant,,,,,,,,,,,none,,,,,0.0,0.0,0.0,0.0,0.0,0.0,0.75,11.25
rs760206172,Ensembl VEP (dbSNP),rs760206172,rs760206172,,X,47226158.0,G,A,rs760206172,ENST00000357227.9:c.793-121G>A,,ENST00000357227,NP_006192.1,,,,,other,intron_variant,,,,,,,,,,,none,,,,,0.0,0.0,0.0,0.0,0.0,0.0,0.75,11.25
rs760148347,Ensembl VEP (dbSNP),rs760148347,rs760148347,,X,47224332.0,T,G,rs760148347,ENST00000357227.9:c.203-53T>G,,ENST00000357227,NP_006192.1,,,,,other,intron_variant,,,,,,,,,,,none,,,,,0.0,0.0,0.0,0.0,0.0,0.0,0.75,11.25
rs760132757,Ensembl VEP (dbSNP),rs760132757,rs760132757,,X,47227567.0,C,G,rs760132757,ENST00000357227.9:c.1375+98C>G,,ENST00000357227,NP_006192.1,,,,,other,intron_variant,,,,,,,,,,,none,,,,,0.0,0.0,0.0,0.0,0.0,0.0,0.75,11.25
rs760092923,Ensembl VEP (dbSNP),rs760092923,rs760092923,,X,47221039.0,T,C,rs760092923,ENST00000357227.9:c.-7+1934T>C,,ENST00000357227,NP_006192.1,,,,,other,intron_variant,,,,,,,,,,,none,,,,,0.0,0.0,0.0,0.0,0.0,0.0,0.75,11.25
rs760043890,Ensembl VEP (dbSNP),rs760043890,rs760043890,,X,47225947.0,C,T,rs760043890,ENST00000357227.9:c.730-18C>T,,ENST00000357227,NP_006192.1,,,,,other,intron_variant,,,,,,,,,,,none,,,,,0.0,0.0,0.0,0.0,0.0,0.0,0.75,11.25
rs759645825,Ensembl VEP (dbSNP),rs759645825,rs759645825,,X,47224310.0,A,G,rs759645825,ENST00000357227.9:c.203-75A>G,,ENST00000357227,NP_006192.1,,,,,other,intron_variant,,,,,,,,,,,none,,,,,0.0,0.0,0.0,0.0,0.0,0.0,0.75,11.25
rs759641820,Ensembl VEP (dbSNP),rs759641820,rs759641820,,X,47224560.0,G,T,rs759641820,ENST00000357227.9:c.336+42G>T,,ENST00000357227,NP_006192.1,,,,,other,intron_variant,,,,,,,,,,,none,,,,,0.0,0.0,0.0,0.0,0.0,0.0,0.75,11.25
rs759557215,Ensembl VEP (dbSNP),rs759557215,rs759557215,,X,47225916.0,G,A,rs759557215,ENST00000357227.9:c.730-49G>A,,ENST00000357227,NP_006192.1,,,,,other,intron_variant,,,,,,,,,,,none,,,,,0.0,0.0,0.0,0.0,0.0,0.0,0.75,11.25
rs759556075,Ensembl VEP (dbSNP),rs759556075,rs759556075,,X,47223494.0,C,A,rs759556075,ENST00000357227.9:c.-6-58C>A,,ENST00000357227,NP_006192.1,,,,,other,intron_variant,,,,,,,,,,,none,,,,,0.0,0.0,0.0,0.0,0.0,0.0,0.75,11.25
rs759554008,Ensembl VEP (dbSNP),rs759554008,rs759554008,,X,47224353.0,C,A,rs759554008,ENST00000357227.9:c.203-32C>A,,ENST00000357227,NP_006192.1,,,,,other,intron_variant,,,,,,,,,,,none,,,,,0.0,0.0,0.0,0.0,0.0,0.0,0.75,11.25
rs759104890,Ensembl VEP (dbSNP),rs759104890,rs759104890,,X,47228850.0,G,C,rs759104890,ENST00000357227.9:c.*82G>C,,ENST00000357227,NP_006192.1,,,,,other,3_prime_UTR_variant,,,,,,,,,,,none,,,,,0.0,0.0,0.0,0.0,0.0,0.0,0.75,11.25
rs759000534,Ensembl VEP (dbSNP),rs759000534,rs759000534,,X,47228713.0,C,G,rs759000534,ENST00000357227.9:c.1454-18C>G,,ENST00000357227,NP_006192.1,,,,,other,intron_variant,,,,,,,,,,,none,,,,,0.0,0.0,0.0,0.0,0.0,0.0,0.75,11.25
rs758959289,Ensembl VEP (dbSNP),rs758959289,rs758959289,,X,47224977.0,T,A,rs758959289,ENST00000357227.9:c.520-11T>A,,ENST00000357227,NP_006192.1,,,,,splice,splice_polypyrimidine_tract_variant;intron_variant,,,,,,,,,,,none,,,,,0.0,0.0,0.0,0.0,0.0,0.0,0.75,11.25
rs758900565,Ensembl VEP (dbSNP),rs758900565,rs758900565,,X,47228630.0,C,G,rs758900565,ENST00000357227.9:c.1439C>G,ENSP00000349762.4:p.Ser480Trp,ENST00000357227,NP_006192.1,480.0,S,W,S480W,missense,missense_variant,,,,,,0.03,deleterious_low_confidence,0.692,possibly_damaging,,none,1.0,2.0,0.2355,BENIGN,0.0,0.2355,1.0,0.0,0.0,0.0,1.0,33.53
rs758717074,Ensembl VEP (dbSNP),rs758717074,rs758717074,,X,47223163.0,G,A,rs758717074,ENST00000357227.9:c.-6-389G>A,,ENST00000357227,NP_006192.1,,,,,other,intron_variant,,,,,,,,,,,none,,,,,0.0,0.0,0.0,0.0,0.0,0.0,0.75,11.25
rs758691699,Ensembl VEP (dbSNP),rs758691699,rs758691699,,X,47225832.0,C,T,rs758691699,ENST00000357227.9:c.695C>T,ENSP00000349762.4:p.Thr232Met,ENST00000357227,NP_006192.1,232.0,T,M,T232M,missense,missense_variant,,,,,,0.12,tolerated_low_confidence,0.631,possibly_damaging,Protein kinase,none,1.0,2.0,0.9318,PATHOGENIC,0.0,0.9318,1.0,0.25,0.6,0.0,1.0,53.73
rs758627042,Ensembl VEP (dbSNP),rs758627042,rs758627042,,X,47226351.0,C,T,rs758627042,ENST00000357227.9:c.865C>T,ENSP00000349762.4:p.Pro289Ser,ENST00000357227,NP_006192.1,289.0,P,S,P289S,missense,missense_variant,,,,,,0.0,deleterious_low_confidence,1.0,probably_damaging,Protein kinase,none,1.0,2.0,0.9993,PATHOGENIC,0.0,0.9993,1.0,0.25,0.6,0.0,1.0,54.74
rs758590982,Ensembl VEP (dbSNP),rs758590982,rs758590982,,X,47224779.0,TCT,-,rs758590982,ENST00000357227.9:c.462+36_462+38del,,ENST00000357227,NP_006192.1,,,,,other,intron_variant,,,,,,,,,,,none,,,,,0.0,0.0,0.0,0.0,0.0,0.0,0.75,11.25
rs758027414,Ensembl VEP (dbSNP),rs758027414,rs758027414,,X,47226155.0,C,G,rs758027414,ENST00000357227.9:c.793-124C>G,,ENST00000357227,NP_006192.1,,,,,other,intron_variant,,,,,,,,,,,none,,,,,0.0,0.0,0.0,0.0,0.0,0.0,0.75,11.25
rs758007857,Ensembl VEP (dbSNP),rs758007857,rs758007857,,X,47224680.0,G,A,rs758007857,ENST00000357227.9:c.399G>A,ENSP00000349762.4:p.Lys133=,ENST00000357227,NP_006192.1,133.0,,,,synonymous,synonymous_variant,,,,,,,,,,,none,1.0,2.0,,,0.0,0.0,1.0,0.0,0.0,0.0,1.0,30.0
rs757915677,Ensembl VEP (dbSNP),rs757915677,rs757915677,,X,47227336.0,T,G,rs757915677,ENST00000357227.9:c.1285-43T>G,,ENST00000357227,NP_006192.1,,,,,other,intron_variant,,,,,,,,,,,none,,,,,0.0,0.0,0.0,0.0,0.0,0.0,0.75,11.25
rs757819833,Ensembl VEP (dbSNP),rs757819833,rs757819833,,X,47222958.0,CCCCCCCCCC,CCCCCCCCC,rs757819833,ENST00000357227.9:c.-6-585del,,ENST00000357227,NP_006192.1,,,,,other,intron_variant,,,,,,,,,,,none,,,,,0.0,0.0,0.0,0.0,0.0,0.0,0.75,11.25
rs757772079,Ensembl VEP (dbSNP),rs757772079,rs757772079,,X,47227364.0,C,T,rs757772079,ENST00000357227.9:c.1285-15C>T,,ENST00000357227,NP_006192.1,,,,,splice,splice_polypyrimidine_tract_variant;intron_variant,,,,,,,,,,,none,,,,,0.0,0.0,0.0,0.0,0.0,0.0,0.75,11.25
rs757768381,Ensembl VEP (dbSNP),rs757768381,rs757768381,,X,47225746.0,CT,-,rs757768381,ENST00000357227.9:c.635-26_635-25del,,ENST00000357227,NP_006192.1,,,,,other,intron_variant,,,,,,,,,,,none,,,,,0.0,0.0,0.0,0.0,0.0,0.0,0.75,11.25
rs757607165,Ensembl VEP (dbSNP),rs757607165,rs757607165,,X,47226197.0,T,C,rs757607165,ENST00000357227.9:c.793-82T>C,,ENST00000357227,NP_006192.1,,,,,other,intron_variant,,,,,,,,,,,none,,,,,0.0,0.0,0.0,0.0,0.0,0.0,0.75,11.25
rs757563153,Ensembl VEP (dbSNP),rs757563153,rs757563153,,X,47229426.0,T,-,rs757563153,ENST00000357227.9:c.*658del,,ENST00000357227,NP_006192.1,,,,,other,3_prime_UTR_variant,,,,,,,,,,,none,,,,,0.0,0.0,0.0,0.0,0.0,0.0,0.75,11.25
rs757432811,Ensembl VEP (dbSNP),rs757432811,rs757432811,,X,47223129.0,A,T,rs757432811,ENST00000357227.9:c.-6-423A>T,,ENST00000357227,NP_006192.1,,,,,other,intron_variant,,,,,,,,,,,none,,,,,0.0,0.0,0.0,0.0,0.0,0.0,0.75,11.25
rs757402471,Ensembl VEP (dbSNP),rs757402471,rs757402471,,X,47222316.0,-,T,rs757402471,ENST00000357227.9:c.-6-1237dup,,ENST00000357227,NP_006192.1,,,,,other,intron_variant,,,,,,,,,,,none,,,,,0.0,0.0,0.0,0.0,0.0,0.0,0.75,11.25
rs757336631,Ensembl VEP (dbSNP),rs757336631,rs757336631,,X,47226305.0,C,T,rs757336631,ENST00000357227.9:c.819C>T,ENSP00000349762.4:p.Gly273=,ENST00000357227,NP_006192.1,273.0,,,,synonymous,synonymous_variant,,,,,,,,,,Protein kinase,none,1.0,2.0,,,0.0,0.0,1.0,0.25,0.6,0.0,1.0,39.75
rs757309235,Ensembl VEP (dbSNP),rs757309235,rs757309235,,X,47220566.0,C,T,rs757309235,ENST00000357227.9:c.-7+1461C>T,,ENST00000357227,NP_006192.1,,,,,other,intron_variant,,,,,,,,,,,none,,,,,0.0,0.0,0.0,0.0,0.0,0.0,0.75,11.25
rs757222011,Ensembl VEP (dbSNP),rs757222011,rs757222011,,X,47230201.0,G,A,rs757222011,,,ENST00000357227,NP_006192.1,,,,,other,downstream_gene_variant,,,,,,,,,,,none,,,,,0.0,0.0,0.0,0.0,0.0,0.0,0.5,7.5
rs757203519,Ensembl VEP (dbSNP),rs757203519,rs757203519,,X,47226223.0,G,A,rs757203519,ENST00000357227.9:c.793-56G>A,,ENST00000357227,NP_006192.1,,,,,other,intron_variant,,,,,,,,,,,none,,,,,0.0,0.0,0.0,0.0,0.0,0.0,0.75,11.25
rs757194532,Ensembl VEP (dbSNP),rs757194532,rs757194532,,X,47223738.0,G,A,rs757194532,ENST00000357227.9:c.181G>A,ENSP00000349762.4:p.Gly61Ser,ENST00000357227,NP_006192.1,61.0,G,S,G61S,missense,missense_variant,,,,,,0.12,tolerated_low_confidence,0.0,benign,Disordered,none,1.0,2.0,0.093,BENIGN,0.0,0.093,1.0,0.25,0.3,0.0,1.0,38.14
rs757032936,Ensembl VEP (dbSNP),rs757032936,rs757032936,,X,47227193.0,C,G,rs757032936,ENST00000357227.9:c.1254C>G,ENSP00000349762.4:p.Asp418Glu,ENST00000357227,NP_006192.1,418.0,D,E,D418E,missense,missense_variant,,,,,,0.37,tolerated_low_confidence,0.003,benign,Protein kinase,none,1.0,2.0,0.0738,BENIGN,0.0,0.0738,1.0,0.25,0.6,0.0,1.0,40.86
rs756986406,Ensembl VEP (dbSNP),rs756986406,rs756986406,2591597,X,47224480.0,C,T,rs756986406,ENST00000357227.9:c.298C>T,ENSP00000349762.4:p.Arg100Cys,ENST00000357227,NP_006192.1,100.0,R,C,R100C,missense,missense_variant,Uncertain significance,"criteria provided, single submitter",not specified,,,0.2,tolerated_low_confidence,0.009,benign,,none,1.0,2.0,0.6835,PATHOGENIC,0.6,0.6835,1.0,0.0,0.0,0.0,1.0,52.25
rs756949956,Ensembl VEP (dbSNP),rs756949956,rs756949956,,X,47229351.0,T,C,rs756949956,ENST00000357227.9:c.*583T>C,,ENST00000357227,NP_006192.1,,,,,other,3_prime_UTR_variant,,,,,,,,,,,none,,,,,0.0,0.0,0.0,0.0,0.0,0.0,0.75,11.25
rs756692702,Ensembl VEP (dbSNP),rs756692702,rs756692702,,X,47228735.0,G,A,rs756692702,ENST00000357227.9:c.1458G>A,ENSP00000349762.4:p.Arg486=,ENST00000357227,NP_006192.1,486.0,,,,synonymous,synonymous_variant,,,,,,,,,,,none,1.0,2.0,,,0.0,0.0,1.0,0.0,0.0,0.0,1.0,30.0
rs756665224,Ensembl VEP (dbSNP),rs756665224,rs756665224,,X,47226185.0,G,A,rs756665224,ENST00000357227.9:c.793-94G>A,,ENST00000357227,NP_006192.1,,,,,other,intron_variant,,,,,,,,,,,none,,,,,0.0,0.0,0.0,0.0,0.0,0.0,0.75,11.25
rs756461518,Ensembl VEP (dbSNP),rs756461518,rs756461518,,X,47227160.0,G,A,rs756461518,ENST00000357227.9:c.1242-21G>A,,ENST00000357227,NP_006192.1,,,,,other,intron_variant,,,,,,,,,,,none,,,,,0.0,0.0,0.0,0.0,0.0,0.0,0.75,11.25
rs756309394,Ensembl VEP (dbSNP),rs756309394,rs756309394,,X,47230336.0,T,C,rs756309394,,,ENST00000357227,NP_006192.1,,,,,other,downstream_gene_variant,,,,,,,,,,,none,,,,,0.0,0.0,0.0,0.0,0.0,0.0,0.5,7.5
rs756239916,Ensembl VEP (dbSNP),rs756239916,rs756239916,,X,47230340.0,A,G,rs756239916,,,ENST00000357227,NP_006192.1,,,,,other,downstream_gene_variant,,,,,,,,,,,none,,,,,0.0,0.0,0.0,0.0,0.0,0.0,0.5,7.5
rs756085092,Ensembl VEP (dbSNP),rs756085092,rs756085092,,X,47227285.0,C,A,rs756085092,ENST00000357227.9:c.1284+62C>A,,ENST00000357227,NP_006192.1,,,,,other,intron_variant,,,,,,,,,,,none,,,,,0.0,0.0,0.0,0.0,0.0,0.0,0.75,11.25
rs756080067,Ensembl VEP (dbSNP),rs756080067,rs756080067,,X,47221389.0,G,A,rs756080067,ENST00000357227.9:c.-6-2163G>A,,ENST00000357227,NP_006192.1,,,,,other,intron_variant,,,,,,,,,,,none,,,,,0.0,0.0,0.0,0.0,0.0,0.0,0.75,11.25
rs756045986,Ensembl VEP (dbSNP),rs756045986,rs756045986,,X,47226692.0,G,T,rs756045986,ENST00000357227.9:c.1026G>T,ENSP00000349762.4:p.Gln342His,ENST00000357227,NP_006192.1,342.0,Q,H,Q342H,missense,missense_variant,,,,,,0.39,tolerated_low_confidence,0.0,benign,Protein kinase,none,1.0,2.0,0.2425,BENIGN,0.0,0.2425,1.0,0.25,0.6,0.0,1.0,43.39
rs755858523,Ensembl VEP (dbSNP),rs755858523,rs755858523,,X,47225747.0,T,C,rs755858523,ENST00000357227.9:c.635-25T>C,,ENST00000357227,NP_006192.1,,,,,other,intron_variant,,,,,,,,,,,none,,,,,0.0,0.0,0.0,0.0,0.0,0.0,0.75,11.25
rs755698772,Ensembl VEP (dbSNP),rs755698772,rs755698772,,X,47224966.0,G,C,rs755698772,ENST00000357227.9:c.520-22G>C,,ENST00000357227,NP_006192.1,,,,,other,intron_variant,,,,,,,,,,,none,,,,,0.0,0.0,0.0,0.0,0.0,0.0,0.75,11.25
rs755643650,Ensembl VEP (dbSNP),rs755643650,rs755643650,,X,47223870.0,C,A,rs755643650,ENST00000357227.9:c.202+111C>A,,ENST00000357227,NP_006192.1,,,,,other,intron_variant,,,,,,,,,,,none,,,,,0.0,0.0,0.0,0.0,0.0,0.0,0.75,11.25
rs755606213,Ensembl VEP (dbSNP),rs755606213,rs755606213,,X,47221535.0,C,T,rs755606213,ENST00000357227.9:c.-6-2017C>T,,ENST00000357227,NP_006192.1,,,,,other,intron_variant,,,,,,,,,,,none,,,,,0.0,0.0,0.0,0.0,0.0,0.0,0.75,11.25
rs755514622,Ensembl VEP (dbSNP),rs755514622,rs755514622,,X,47230451.0,-,C,rs755514622,,,ENST00000357227,NP_006192.1,,,,,other,downstream_gene_variant,,,,,,,,,,,none,,,,,0.0,0.0,0.0,0.0,0.0,0.0,0.5,7.5
rs755422558,Ensembl VEP (dbSNP),rs755422558,rs755422558,,X,47225857.0,T,C,rs755422558,ENST00000357227.9:c.720T>C,ENSP00000349762.4:p.Phe240=,ENST00000357227,NP_006192.1,240.0,,,,synonymous,synonymous_variant,,,,,,,,,,Protein kinase,none,1.0,2.0,,,0.0,0.0,1.0,0.25,0.6,0.0,1.0,39.75
rs755260756,Ensembl VEP (dbSNP),rs755260756,rs755260756,,X,47222581.0,-,C,rs755260756,ENST00000357227.9:c.-6-972dup,,ENST00000357227,NP_006192.1,,,,,other,intron_variant,,,,,,,,,,,none,,,,,0.0,0.0,0.0,0.0,0.0,0.0,0.75,11.25
rs755234077,Ensembl VEP (dbSNP),rs755234077,rs755234077,,X,47223715.0,C,T,rs755234077,ENST00000357227.9:c.158C>T,ENSP00000349762.4:p.Pro53Leu,ENST00000357227,NP_006192.1,53.0,P,L,P53L,missense,missense_variant,,,,,,0.07,tolerated_low_confidence,0.051,benign,Disordered,none,1.0,2.0,0.0884,BENIGN,0.0,0.0884,1.0,0.25,0.3,0.0,1.0,38.08
rs755117436,Ensembl VEP (dbSNP),rs755117436,rs755117436,,X,47225507.0,T,C,rs755117436,ENST00000357227.9:c.635-265T>C,,ENST00000357227,NP_006192.1,,,,,other,intron_variant,,,,,,,,,,,none,,,,,0.0,0.0,0.0,0.0,0.0,0.0,0.75,11.25
rs755082329,Ensembl VEP (dbSNP),rs755082329,rs755082329,,X,47223674.0,TGG,-,rs755082329,ENST00000357227.9:c.117_119del,ENSP00000349762.4:p.Gly41del,ENST00000357227,NP_006192.1,39.0,,,,other,inframe_deletion,,,,,,,,,,Disordered,none,1.0,2.0,,,0.0,0.0,1.0,0.25,0.3,0.0,1.0,36.75
rs754970408,Ensembl VEP (dbSNP),rs754970408,rs754970408,,X,47226419.0,C,T,rs754970408,ENST00000357227.9:c.916+17C>T,,ENST00000357227,NP_006192.1,,,,,other,intron_variant,,,,,,,,,,,none,,,,,0.0,0.0,0.0,0.0,0.0,0.0,0.75,11.25
rs754932762,Ensembl VEP (dbSNP),rs754932762,rs754932762,,X,47229360.0,C,G,rs754932762,ENST00000357227.9:c.*592C>G,,ENST00000357227,NP_006192.1,,,,,other,3_prime_UTR_variant,,,,,,,,,,,none,,,,,0.0,0.0,0.0,0.0,0.0,0.0,0.75,11.25
rs754920003,Ensembl VEP (dbSNP),rs754920003,rs754920003,,X,47228067.0,A,G,rs754920003,ENST00000357227.9:c.1376-500A>G,,ENST00000357227,NP_006192.1,,,,,other,intron_variant,,,,,,,,,,,none,,,,,0.0,0.0,0.0,0.0,0.0,0.0,0.75,11.25
rs754825902,Ensembl VEP (dbSNP),rs754825902,rs754825902,,X,47223609.0,G,A,rs754825902,ENST00000357227.9:c.52G>A,ENSP00000349762.4:p.Gly18Ser,ENST00000357227,NP_006192.1,18.0,G,S,G18S,missense,missense_variant,,,,,,0.58,tolerated_low_confidence,0.006,benign,Disordered,none,1.0,2.0,0.085,BENIGN,0.0,0.085,1.0,0.25,0.3,0.0,1.0,38.02
rs754760249,Ensembl VEP (dbSNP),rs754760249,rs754760249,,X,47230179.0,-,G,rs754760249,,,ENST00000357227,NP_006192.1,,,,,other,downstream_gene_variant,,,,,,,,,,,none,,,,,0.0,0.0,0.0,0.0,0.0,0.0,0.5,7.5
rs754701791,Ensembl VEP (dbSNP),rs754701791,rs754701791,,X,47226677.0,G,A,rs754701791,ENST00000357227.9:c.1011G>A,ENSP00000349762.4:p.Thr337=,ENST00000357227,NP_006192.1,337.0,,,,synonymous,synonymous_variant,,,,,,,,,,Protein kinase,none,1.0,2.0,,,0.0,0.0,1.0,0.25,0.6,0.0,1.0,39.75
rs754645021,Ensembl VEP (dbSNP),rs754645021,rs754645021,,X,47225192.0,CCCCCC,CCCCC,rs754645021,ENST00000357227.9:c.634+95del,,ENST00000357227,NP_006192.1,,,,,other,intron_variant,,,,,,,,,,,none,,,,,0.0,0.0,0.0,0.0,0.0,0.0,0.75,11.25
rs754202559,Ensembl VEP (dbSNP),rs754202559,rs754202559,,X,47227513.0,A,C,rs754202559,ENST00000357227.9:c.1375+44A>C,,ENST00000357227,NP_006192.1,,,,,other,intron_variant,,,,,,,,,,,none,,,,,0.0,0.0,0.0,0.0,0.0,0.0,0.75,11.25
rs753962082,Ensembl VEP (dbSNP),rs753962082,rs753962082,,X,47226193.0,T,C,rs753962082,ENST00000357227.9:c.793-86T>C,,ENST00000357227,NP_006192.1,,,,,other,intron_variant,,,,,,,,,,,none,,,,,0.0,0.0,0.0,0.0,0.0,0.0,0.75,11.25
rs753785903,Ensembl VEP (dbSNP),rs753785903,rs753785903,,X,47229341.0,C,G,rs753785903,ENST00000357227.9:c.*573C>G,,ENST00000357227,NP_006192.1,,,,,other,3_prime_UTR_variant,,,,,,,,,,,none,,,,,0.0,0.0,0.0,0.0,0.0,0.0,0.75,11.25
rs753630441,Ensembl VEP (dbSNP),rs753630441,rs753630441,,X,47224597.0,C,T,rs753630441,ENST00000357227.9:c.337-21C>T,,ENST00000357227,NP_006192.1,,,,,other,intron_variant,,,,,,,,,,,none,,,,,0.0,0.0,0.0,0.0,0.0,0.0,0.75,11.25
rs753301154,Ensembl VEP (dbSNP),rs753301154,rs753301154,,X,47226062.0,G,-,rs753301154,ENST00000357227.9:c.792+35del,,ENST00000357227,NP_006192.1,,,,,other,intron_variant,,,,,,,,,,,none,,,,,0.0,0.0,0.0,0.0,0.0,0.0,0.75,11.25
rs753288550,Ensembl VEP (dbSNP),rs753288550,rs753288550,,X,47226933.0,G,A,rs753288550,ENST00000357227.9:c.1135+24G>A,,ENST00000357227,NP_006192.1,,,,,other,intron_variant,,,,,,,,,,,none,,,,,0.0,0.0,0.0,0.0,0.0,0.0,0.75,11.25
rs753162653,Ensembl VEP (dbSNP),rs753162653,rs753162653,,X,47223062.0,T,G,rs753162653,ENST00000357227.9:c.-6-490T>G,,ENST00000357227,NP_006192.1,,,,,other,intron_variant,,,,,,,,,,,none,,,,,0.0,0.0,0.0,0.0,0.0,0.0,0.75,11.25
rs753121496,Ensembl VEP (dbSNP),rs753121496,rs753121496,,X,47222744.0,C,T,rs753121496,ENST00000357227.9:c.-6-808C>T,,ENST00000357227,NP_006192.1,,,,,other,intron_variant,,,,,,,,,,,none,,,,,0.0,0.0,0.0,0.0,0.0,0.0,0.75,11.25
rs752943907,Ensembl VEP (dbSNP),rs752943907,rs752943907,,X,47224530.0,C,-,rs752943907,ENST00000357227.9:c.336+12del,,ENST00000357227,NP_006192.1,,,,,other,intron_variant,,,,,,,,,,,none,,,,,0.0,0.0,0.0,0.0,0.0,0.0,0.75,11.25
rs752874759,Ensembl VEP (dbSNP),rs752874759,rs752874759,,X,47224368.0,C,T,rs752874759,ENST00000357227.9:c.203-17C>T,,ENST00000357227,NP_006192.1,,,,,splice,splice_polypyrimidine_tract_variant;intron_variant,,,,,,,,,,,none,,,,,0.0,0.0,0.0,0.0,0.0,0.0,0.75,11.25
rs752837476,Ensembl VEP (dbSNP),rs752837476,rs752837476,,X,47226069.0,C,G,rs752837476,ENST00000357227.9:c.792+42C>G,,ENST00000357227,NP_006192.1,,,,,other,intron_variant,,,,,,,,,,,none,,,,,0.0,0.0,0.0,0.0,0.0,0.0,0.75,11.25
rs752824712,Ensembl VEP (dbSNP),rs752824712,rs752824712,,X,47223584.0,G,C,rs752824712,ENST00000357227.9:c.27G>C,ENSP00000349762.4:p.Arg9=,ENST00000357227,NP_006192.1,9.0,,,,synonymous,synonymous_variant,,,,,,,,,,Disordered,none,1.0,2.0,,,0.0,0.0,1.0,0.25,0.3,0.0,1.0,36.75
rs752801393,Ensembl VEP (dbSNP),rs752801393,rs752801393,,X,47228217.0,A,T,rs752801393,ENST00000357227.9:c.1376-350A>T,,ENST00000357227,NP_006192.1,,,,,other,intron_variant,,,,,,,,,,,none,,,,,0.0,0.0,0.0,0.0,0.0,0.0,0.75,11.25
rs752754937,Ensembl VEP (dbSNP),rs752754937,rs752754937,,X,47229338.0,GGG,GGGG,rs752754937,ENST00000357227.9:c.*573_*572insG,,ENST00000357227,NP_006192.1,,,,,other,3_prime_UTR_variant,,,,,,,,,,,none,,,,,0.0,0.0,0.0,0.0,0.0,0.0,0.75,11.25
rs752604803,Ensembl VEP (dbSNP),rs752604803,rs752604803,,X,47230335.0,A,G,rs752604803,,,ENST00000357227,NP_006192.1,,,,,other,downstream_gene_variant,,,,,,,,,,,none,,,,,0.0,0.0,0.0,0.0,0.0,0.0,0.5,7.5
rs752502574,Ensembl VEP (dbSNP),rs752502574,rs752502574,,X,47223726.0,C,G,rs752502574,ENST00000357227.9:c.169C>G,ENSP00000349762.4:p.Arg57Gly,ENST00000357227,NP_006192.1,57.0,R,G,R57G,missense,missense_variant,,,,,,0.36,tolerated_low_confidence,0.0,benign,Disordered,none,1.0,2.0,0.0886,BENIGN,0.0,0.0886,1.0,0.25,0.3,0.0,1.0,38.08
rs752399592,Ensembl VEP (dbSNP),rs752399592,rs752399592,,X,47221163.0,T,C,rs752399592,ENST00000357227.9:c.-7+2058T>C,,ENST00000357227,NP_006192.1,,,,,other,intron_variant,,,,,,,,,,,none,,,,,0.0,0.0,0.0,0.0,0.0,0.0,0.75,11.25
rs752351545,Ensembl VEP (dbSNP),rs752351545,rs752351545,,X,47226668.0,T,G,rs752351545,ENST00000357227.9:c.1002T>G,ENSP00000349762.4:p.Leu334=,ENST00000357227,NP_006192.1,334.0,,,,synonymous,synonymous_variant,,,,,,,,,,Protein kinase,none,1.0,2.0,,,0.0,0.0,1.0,0.25,0.6,0.0,1.0,39.75
rs752344985,Ensembl VEP (dbSNP),rs752344985,rs752344985,,X,47224949.0,C,T,rs752344985,ENST00000357227.9:c.520-39C>T,,ENST00000357227,NP_006192.1,,,,,other,intron_variant,,,,,,,,,,,none,,,,,0.0,0.0,0.0,0.0,0.0,0.0,0.75,11.25
rs752300225,Ensembl VEP (dbSNP),rs752300225,rs752300225,,X,47226102.0,-,A,rs752300225,ENST00000357227.9:c.792+74dup,,ENST00000357227,NP_006192.1,,,,,other,intron_variant,,,,,,,,,,,none,,,,,0.0,0.0,0.0,0.0,0.0,0.0,0.75,11.25
rs752266607,Ensembl VEP (dbSNP),rs752266607,rs752266607,,X,47229264.0,TTTTTTTTTTTTT,TTTTTTTT,rs752266607,ENST00000357227.9:c.*504_*508del,,ENST00000357227,NP_006192.1,,,,,other,3_prime_UTR_variant,,,,,,,,,,,none,,,,,0.0,0.0,0.0,0.0,0.0,0.0,0.75,11.25
rs752117208,Ensembl VEP (dbSNP),rs752117208,rs752117208,,X,47225746.0,C,T,rs752117208,ENST00000357227.9:c.635-26C>T,,ENST00000357227,NP_006192.1,,,,,other,intron_variant,,,,,,,,,,,none,,,,,0.0,0.0,0.0,0.0,0.0,0.0,0.75,11.25
rs752019952,Ensembl VEP (dbSNP),rs752019952,rs752019952,,X,47226169.0,T,A,rs752019952,ENST00000357227.9:c.793-110T>A,,ENST00000357227,NP_006192.1,,,,,other,intron_variant,,,,,,,,,,,none,,,,,0.0,0.0,0.0,0.0,0.0,0.0,0.75,11.25
rs751962083,Ensembl VEP (dbSNP),rs751962083,rs751962083,,X,47229006.0,C,T,rs751962083,ENST00000357227.9:c.*238C>T,,ENST00000357227,NP_006192.1,,,,,other,3_prime_UTR_variant,,,,,,,,,,,none,,,,,0.0,0.0,0.0,0.0,0.0,0.0,0.75,11.25
rs751758699,Ensembl VEP (dbSNP),rs751758699,rs751758699,,X,47221626.0,GGG,-,rs751758699,ENST00000357227.9:c.-6-1926_-6-1924del,,ENST00000357227,NP_006192.1,,,,,other,intron_variant,,,,,,,,,,,none,,,,,0.0,0.0,0.0,0.0,0.0,0.0,0.75,11.25
rs751741842,Ensembl VEP (dbSNP),rs751741842,rs751741842,,X,47226860.0,T,C,rs751741842,ENST00000357227.9:c.1086T>C,ENSP00000349762.4:p.Phe362=,ENST00000357227,NP_006192.1,362.0,,,,synonymous,synonymous_variant,,,,,,,,,,Protein kinase,none,1.0,2.0,,,0.0,0.0,1.0,0.25,0.6,0.0,1.0,39.75
rs751693661,Ensembl VEP (dbSNP),rs751693661,rs751693661,3239640,X,47223604.0,G,A,rs751693661,ENST00000357227.9:c.47G>A,ENSP00000349762.4:p.Arg16Gln,ENST00000357227,NP_006192.1,16.0,R,Q,R16Q,missense,missense_variant,Uncertain significance,"criteria provided, single submitter",Oligospermia,,,0.12,tolerated_low_confidence,0.017,benign,Disordered,none,1.0,2.0,0.7365,PATHOGENIC,0.6,0.7365,1.0,0.25,0.3,0.0,1.0,59.8
rs751664918,Ensembl VEP (dbSNP),rs751664918,rs751664918,,X,47228746.0,G,A,rs751664918,ENST00000357227.9:c.1469G>A,ENSP00000349762.4:p.Arg490His,ENST00000357227,NP_006192.1,490.0,R,H,R490H,missense,missense_variant,,,,,,0.42,tolerated_low_confidence,0.007,benign,,none,1.0,2.0,0.1432,BENIGN,0.0,0.1432,1.0,0.0,0.0,0.0,1.0,32.15
rs751575357,Ensembl VEP (dbSNP),rs751575357,rs751575357,,X,47229367.0,A,C,rs751575357,ENST00000357227.9:c.*599A>C,,ENST00000357227,NP_006192.1,,,,,other,3_prime_UTR_variant,,,,,,,,,,,none,,,,,0.0,0.0,0.0,0.0,0.0,0.0,0.75,11.25
rs751500701,Ensembl VEP (dbSNP),rs751500701,rs751500701,,X,47225441.0,T,A,rs751500701,ENST00000357227.9:c.635-331T>A,,ENST00000357227,NP_006192.1,,,,,other,intron_variant,,,,,,,,,,,none,,,,,0.0,0.0,0.0,0.0,0.0,0.0,0.75,11.25
rs751390506,Ensembl VEP (dbSNP),rs751390506,rs751390506,,X,47230224.0,A,G,rs751390506,,,ENST00000357227,NP_006192.1,,,,,other,downstream_gene_variant,,,,,,,,,,,none,,,,,0.0,0.0,0.0,0.0,0.0,0.0,0.5,7.5
rs751312884,Ensembl VEP (dbSNP),rs751312884,rs751312884,,X,47227173.0,-,GTCCT,rs751312884,ENST00000357227.9:c.1242-13_1242-9dup,,ENST00000357227,NP_006192.1,,,,,splice,splice_polypyrimidine_tract_variant;intron_variant,,,,,,,,,,,none,,,,,0.0,0.0,0.0,0.0,0.0,0.0,0.75,11.25
rs751245739,Ensembl VEP (dbSNP),rs751245739,rs751245739,,X,47228049.0,G,A,rs751245739,ENST00000357227.9:c.1376-518G>A,,ENST00000357227,NP_006192.1,,,,,other,intron_variant,,,,,,,,,,,none,,,,,0.0,0.0,0.0,0.0,0.0,0.0,0.75,11.25
rs751179538,Ensembl VEP (dbSNP),rs751179538,rs751179538,,X,47227341.0,G,T,rs751179538,ENST00000357227.9:c.1285-38G>T,,ENST00000357227,NP_006192.1,,,,,other,intron_variant,,,,,,,,,,,none,,,,,0.0,0.0,0.0,0.0,0.0,0.0,0.75,11.25
rs751174580,Ensembl VEP (dbSNP),rs751174580,rs751174580,,X,47224923.0,T,A,rs751174580,ENST00000357227.9:c.519+33T>A,,ENST00000357227,NP_006192.1,,,,,other,intron_variant,,,,,,,,,,,none,,,,,0.0,0.0,0.0,0.0,0.0,0.0,0.75,11.25
rs751171592,Ensembl VEP (dbSNP),rs751171592,rs751171592,,X,47227907.0,G,A,rs751171592,ENST00000357227.9:c.1375+438G>A,,ENST00000357227,NP_006192.1,,,,,other,intron_variant,,,,,,,,,,,none,,,,,0.0,0.0,0.0,0.0,0.0,0.0,0.75,11.25
rs751082789,Ensembl VEP (dbSNP),rs751082789,rs751082789,,X,47224762.0,C,A,rs751082789,ENST00000357227.9:c.462+19C>A,,ENST00000357227,NP_006192.1,,,,,other,intron_variant,,,,,,,,,,,none,,,,,0.0,0.0,0.0,0.0,0.0,0.0,0.75,11.25
rs750976058,Ensembl VEP (dbSNP),rs750976058,rs750976058,,X,47228537.0,C,A,rs750976058,ENST00000357227.9:c.1376-30C>A,,ENST00000357227,NP_006192.1,,,,,other,intron_variant,,,,,,,,,,,none,,,,,0.0,0.0,0.0,0.0,0.0,0.0,0.75,11.25
rs750780385,Ensembl VEP (dbSNP),rs750780385,rs750780385,4490486,X,47228702.0,A,G,rs750780385,ENST00000357227.9:c.1454-29A>G,,ENST00000357227,NP_006192.1,,,,,other,intron_variant,,,,,,,,,,,none,,,,,0.0,0.0,0.0,0.0,0.0,0.0,0.75,11.25
rs750593584,Ensembl VEP (dbSNP),rs750593584,rs750593584,,X,47223583.0,G,A,rs750593584,ENST00000357227.9:c.26G>A,ENSP00000349762.4:p.Arg9Gln,ENST00000357227,NP_006192.1,9.0,R,Q,R9Q,missense,missense_variant,,,,,,0.0,deleterious_low_confidence,0.651,possibly_damaging,Disordered,none,1.0,2.0,0.9073,PATHOGENIC,0.0,0.9073,1.0,0.25,0.3,0.0,1.0,50.36
rs750495637,Ensembl VEP (dbSNP),rs750495637,rs750495637,,X,47223159.0,G,A,rs750495637,ENST00000357227.9:c.-6-393G>A,,ENST00000357227,NP_006192.1,,,,,other,intron_variant,,,,,,,,,,,none,,,,,0.0,0.0,0.0,0.0,0.0,0.0,0.75,11.25
rs750488780,Ensembl VEP (dbSNP),rs750488780,rs750488780,,X,47226584.0,C,A,rs750488780,ENST00000357227.9:c.918C>A,ENSP00000349762.4:p.Gly306=,ENST00000357227,NP_006192.1,306.0,,,,synonymous,splice_region_variant;synonymous_variant,,,,,,,,,,Protein kinase,none,1.0,2.0,,,0.0,0.0,1.0,0.25,0.6,0.0,1.0,39.75
rs750350381,Ensembl VEP (dbSNP),rs750350381,rs750350381,,X,47224677.0,G,A,rs750350381,ENST00000357227.9:c.396G>A,ENSP00000349762.4:p.Glu132=,ENST00000357227,NP_006192.1,132.0,,,,synonymous,synonymous_variant,,,,,,,,,,,none,1.0,2.0,,,0.0,0.0,1.0,0.0,0.0,0.0,1.0,30.0
rs750218615,Ensembl VEP (dbSNP),rs750218615,rs750218615,,X,47224777.0,C,T,rs750218615,ENST00000357227.9:c.462+34C>T,,ENST00000357227,NP_006192.1,,,,,other,intron_variant,,,,,,,,,,,none,,,,,0.0,0.0,0.0,0.0,0.0,0.0,0.75,11.25
rs750179556,Ensembl VEP (dbSNP),rs750179556,rs750179556,,X,47228101.0,C,T,rs750179556,ENST00000357227.9:c.1376-466C>T,,ENST00000357227,NP_006192.1,,,,,other,intron_variant,,,,,,,,,,,none,,,,,0.0,0.0,0.0,0.0,0.0,0.0,0.75,11.25
rs749850878,Ensembl VEP (dbSNP),rs749850878,rs749850878,,X,47227173.0,T,C,rs749850878,ENST00000357227.9:c.1242-8T>C,,ENST00000357227,NP_006192.1,,,,,splice,splice_region_variant;splice_polypyrimidine_tract_variant;intron_variant,,,,,,,,,,,none,,,,,0.0,0.0,0.0,0.0,0.0,0.0,0.75,11.25
rs749846042,Ensembl VEP (dbSNP),rs749846042,rs749846042,,X,47229594.0,C,T,rs749846042,ENST00000357227.9:c.*826C>T,,ENST00000357227,NP_006192.1,,,,,other,3_prime_UTR_variant,,,,,,,,,,,none,,,,,0.0,0.0,0.0,0.0,0.0,0.0,0.75,11.25
rs749660503,Ensembl VEP (dbSNP),rs749660503,rs749660503,,X,47224530.0,C,T,rs749660503,ENST00000357227.9:c.336+12C>T,,ENST00000357227,NP_006192.1,,,,,other,intron_variant,,,,,,,,,,,none,,,,,0.0,0.0,0.0,0.0,0.0,0.0,0.75,11.25
rs749656759,Ensembl VEP (dbSNP),rs749656759,rs749656759,,X,47220793.0,G,A,rs749656759,ENST00000357227.9:c.-7+1688G>A,,ENST00000357227,NP_006192.1,,,,,other,intron_variant,,,,,,,,,,,none,,,,,0.0,0.0,0.0,0.0,0.0,0.0,0.75,11.25
rs749650764,Ensembl VEP (dbSNP),rs749650764,rs749650764,,X,47230409.0,G,A,rs749650764,,,ENST00000357227,NP_006192.1,,,,,other,downstream_gene_variant,,,,,,,,,,,none,,,,,0.0,0.0,0.0,0.0,0.0,0.0,0.5,7.5
rs749617674,Ensembl VEP (dbSNP),rs749617674,rs749617674,,X,47224766.0,C,T,rs749617674,ENST00000357227.9:c.462+23C>T,,ENST00000357227,NP_006192.1,,,,,other,intron_variant,,,,,,,,,,,none,,,,,0.0,0.0,0.0,0.0,0.0,0.0,0.75,11.25
rs749568671,Ensembl VEP (dbSNP),rs749568671,rs749568671,,X,47226100.0,A,G,rs749568671,ENST00000357227.9:c.792+73A>G,,ENST00000357227,NP_006192.1,,,,,other,intron_variant,,,,,,,,,,,none,,,,,0.0,0.0,0.0,0.0,0.0,0.0,0.75,11.25
rs749445930,Ensembl VEP (dbSNP),rs749445930,rs749445930,,X,47229505.0,G,A,rs749445930,ENST00000357227.9:c.*737G>A,,ENST00000357227,NP_006192.1,,,,,other,3_prime_UTR_variant,,,,,,,,,,,none,,,,,0.0,0.0,0.0,0.0,0.0,0.0,0.75,11.25
rs749125037,Ensembl VEP (dbSNP),rs749125037,rs749125037,,X,47225903.0,A,G,rs749125037,ENST00000357227.9:c.729+37A>G,,ENST00000357227,NP_006192.1,,,,,other,intron_variant,,,,,,,,,,,none,,,,,0.0,0.0,0.0,0.0,0.0,0.0,0.75,11.25
rs749122993,Ensembl VEP (dbSNP),rs749122993,rs749122993,,X,47220531.0,A,C,rs749122993,ENST00000357227.9:c.-7+1426A>C,,ENST00000357227,NP_006192.1,,,,,other,intron_variant,,,,,,,,,,,none,,,,,0.0,0.0,0.0,0.0,0.0,0.0,0.75,11.25
rs749037868,Ensembl VEP (dbSNP),rs749037868,rs749037868,,X,47229263.0,GTTT,-,rs749037868,ENST00000357227.9:c.*495_*498del,,ENST00000357227,NP_006192.1,,,,,other,3_prime_UTR_variant,,,,,,,,,,,none,,,,,0.0,0.0,0.0,0.0,0.0,0.0,0.75,11.25
rs748931347,Ensembl VEP (dbSNP),rs748931347,rs748931347,,X,47226454.0,T,C,rs748931347,ENST00000357227.9:c.916+52T>C,,ENST00000357227,NP_006192.1,,,,,other,intron_variant,,,,,,,,,,,none,,,,,0.0,0.0,0.0,0.0,0.0,0.0,0.75,11.25
rs748928502,Ensembl VEP (dbSNP),rs748928502,rs748928502,,X,47226198.0,GT,-,rs748928502,ENST00000357227.9:c.793-81_793-80del,,ENST00000357227,NP_006192.1,,,,,other,intron_variant,,,,,,,,,,,none,,,,,0.0,0.0,0.0,0.0,0.0,0.0,0.75,11.25
rs748834033,Ensembl VEP (dbSNP),rs748834033,rs748834033,,X,47223632.0,T,A,rs748834033,ENST00000357227.9:c.75T>A,ENSP00000349762.4:p.Asn25Lys,ENST00000357227,NP_006192.1,25.0,N,K,N25K,missense,missense_variant,,,,,,0.01,deleterious_low_confidence,0.029,benign,Disordered,none,1.0,2.0,0.2183,BENIGN,0.0,0.2183,1.0,0.25,0.3,0.0,1.0,40.02
rs748817704,Ensembl VEP (dbSNP),rs748817704,rs748817704,,X,47226736.0,G,A,rs748817704,ENST00000357227.9:c.1037+33G>A,,ENST00000357227,NP_006192.1,,,,,other,intron_variant,,,,,,,,,,,none,,,,,0.0,0.0,0.0,0.0,0.0,0.0,0.75,11.25
rs748738038,Ensembl VEP (dbSNP),rs748738038,rs748738038,,X,47220902.0,C,T,rs748738038,ENST00000357227.9:c.-7+1797C>T,,ENST00000357227,NP_006192.1,,,,,other,intron_variant,,,,,,,,,,,none,,,,,0.0,0.0,0.0,0.0,0.0,0.0,0.75,11.25
rs748535931,Ensembl VEP (dbSNP),rs748535931,rs748535931,,X,47227018.0,C,T,rs748535931,ENST00000357227.9:c.1160C>T,ENSP00000349762.4:p.Pro387Leu,ENST00000357227,NP_006192.1,387.0,P,L,P387L,missense,missense_variant,,,,,,0.02,deleterious_low_confidence,0.976,probably_damaging,Protein kinase,none,1.0,2.0,0.2674,BENIGN,0.0,0.2674,1.0,0.25,0.6,0.0,1.0,43.76
rs748530996,Ensembl VEP (dbSNP),rs748530996,rs748530996,,X,47223780.0,C,G,rs748530996,ENST00000357227.9:c.202+21C>G,,ENST00000357227,NP_006192.1,,,,,other,intron_variant,,,,,,,,,,,none,,,,,0.0,0.0,0.0,0.0,0.0,0.0,0.75,11.25
rs748471217,Ensembl VEP (dbSNP),rs748471217,rs748471217,,X,47227145.0,C,T,rs748471217,ENST00000357227.9:c.1242-36C>T,,ENST00000357227,NP_006192.1,,,,,other,intron_variant,,,,,,,,,,,none,,,,,0.0,0.0,0.0,0.0,0.0,0.0,0.75,11.25
rs748455901,Ensembl VEP (dbSNP),rs748455901,rs748455901,,X,47225111.0,C,G,rs748455901,ENST00000357227.9:c.634+9C>G,,ENST00000357227,NP_006192.1,,,,,other,intron_variant,,,,,,,,,,,none,,,,,0.0,0.0,0.0,0.0,0.0,0.0,0.75,11.25
rs748364754,Ensembl VEP (dbSNP),rs748364754,rs748364754,,X,47223938.0,C,T,rs748364754,ENST00000357227.9:c.202+179C>T,,ENST00000357227,NP_006192.1,,,,,other,intron_variant,,,,,,,,,,,none,,,,,0.0,0.0,0.0,0.0,0.0,0.0,0.75,11.25
rs748224649,Ensembl VEP (dbSNP),rs748224649,rs748224649,,X,47227292.0,T,C,rs748224649,ENST00000357227.9:c.1284+69T>C,,ENST00000357227,NP_006192.1,,,,,other,intron_variant,,,,,,,,,,,none,,,,,0.0,0.0,0.0,0.0,0.0,0.0,0.75,11.25
rs748173084,Ensembl VEP (dbSNP),rs748173084,rs748173084,,X,47225873.0,T,C,rs748173084,ENST00000357227.9:c.729+7T>C,,ENST00000357227,NP_006192.1,,,,,splice,splice_region_variant;intron_variant,,,,,,,,,,,none,,,,,0.0,0.0,0.0,0.0,0.0,0.0,0.75,11.25
rs747987658,Ensembl VEP (dbSNP),rs747987658,rs747987658,,X,47228571.0,T,G,rs747987658,ENST00000357227.9:c.1380T>G,ENSP00000349762.4:p.Thr460=,ENST00000357227,NP_006192.1,460.0,,,,synonymous,synonymous_variant,,,,,,,,,,,none,1.0,2.0,,,0.0,0.0,1.0,0.0,0.0,0.0,1.0,30.0
rs747924849,Ensembl VEP (dbSNP),rs747924849,rs747924849,,X,47224192.0,C,G,rs747924849,ENST00000357227.9:c.203-193C>G,,ENST00000357227,NP_006192.1,,,,,other,intron_variant,,,,,,,,,,,none,,,,,0.0,0.0,0.0,0.0,0.0,0.0,0.75,11.25
rs747908155,Ensembl VEP (dbSNP),rs747908155,rs747908155,,X,47223616.0,G,A,rs747908155,ENST00000357227.9:c.59G>A,ENSP00000349762.4:p.Gly20Asp,ENST00000357227,NP_006192.1,20.0,G,D,G20D,missense,missense_variant,,,,,,0.04,deleterious_low_confidence,0.046,benign,Disordered,none,1.0,2.0,0.3081,BENIGN,0.0,0.3081,1.0,0.25,0.3,0.0,1.0,41.37
rs747503724,Ensembl VEP (dbSNP),rs747503724,rs747503724,,X,47225848.0,C,T,rs747503724,ENST00000357227.9:c.711C>T,ENSP00000349762.4:p.Thr237=,ENST00000357227,NP_006192.1,237.0,,,,synonymous,synonymous_variant,,,,,,,,,,Protein kinase,none,1.0,2.0,,,0.0,0.0,1.0,0.25,0.6,0.0,1.0,39.75
rs747428782,Ensembl VEP (dbSNP),rs747428782,rs747428782,,X,47222888.0,CCCCCCC,CCCCCC,rs747428782,ENST00000357227.9:c.-6-658del,,ENST00000357227,NP_006192.1,,,,,other,intron_variant,,,,,,,,,,,none,,,,,0.0,0.0,0.0,0.0,0.0,0.0,0.75,11.25
rs747405100,Ensembl VEP (dbSNP),rs747405100,rs747405100,,X,47226788.0,A,G,rs747405100,ENST00000357227.9:c.1038-24A>G,,ENST00000357227,NP_006192.1,,,,,other,intron_variant,,,,,,,,,,,none,,,,,0.0,0.0,0.0,0.0,0.0,0.0,0.75,11.25
rs747404909,Ensembl VEP (dbSNP),rs747404909,rs747404909,,X,47225114.0,CATCCCATCTGCCCC,-,rs747404909,ENST00000357227.9:c.634+12_634+26del,,ENST00000357227,NP_006192.1,,,,,other,intron_variant,,,,,,,,,,,none,,,,,0.0,0.0,0.0,0.0,0.0,0.0,0.75,11.25
rs747293746,Ensembl VEP (dbSNP),rs747293746,rs747293746,,X,47227424.0,C,A,rs747293746,ENST00000357227.9:c.1330C>A,ENSP00000349762.4:p.Pro444Thr,ENST00000357227,NP_006192.1,444.0,P,T,P444T,missense,missense_variant,,,,,,0.02,deleterious_low_confidence,0.201,benign,Protein kinase,none,1.0,2.0,0.0813,BENIGN,0.0,0.0813,1.0,0.25,0.6,0.0,1.0,40.97
rs747099696,Ensembl VEP (dbSNP),rs747099696,rs747099696,4490400,X,47223388.0,G,T,rs747099696,ENST00000357227.9:c.-6-164G>T,,ENST00000357227,NP_006192.1,,,,,other,intron_variant,,,,,,,,,,,none,,,,,0.0,0.0,0.0,0.0,0.0,0.0,0.75,11.25
rs747099075,Ensembl VEP (dbSNP),rs747099075,rs747099075,,X,47225014.0,C,T,rs747099075,ENST00000357227.9:c.546C>T,ENSP00000349762.4:p.Gly182=,ENST00000357227,NP_006192.1,182.0,,,,synonymous,synonymous_variant,,,,,,,,,,Protein kinase,none,1.0,2.0,,,0.0,0.0,1.0,0.25,0.6,0.0,1.0,39.75
rs747076174,Ensembl VEP (dbSNP),rs747076174,rs747076174,,X,47224800.0,G,A,rs747076174,ENST00000357227.9:c.463-34G>A,,ENST00000357227,NP_006192.1,,,,,other,intron_variant,,,,,,,,,,,none,,,,,0.0,0.0,0.0,0.0,0.0,0.0,0.75,11.25
rs747062840,Ensembl VEP (dbSNP),rs747062840,rs747062840,,X,47220917.0,G,A,rs747062840,ENST00000357227.9:c.-7+1812G>A,,ENST00000357227,NP_006192.1,,,,,other,intron_variant,,,,,,,,,,,none,,,,,0.0,0.0,0.0,0.0,0.0,0.0,0.75,11.25
rs747048778,Ensembl VEP (dbSNP),rs747048778,rs747048778,,X,47228554.0,C,G,rs747048778,ENST00000357227.9:c.1376-13C>G,,ENST00000357227,NP_006192.1,,,,,splice,splice_polypyrimidine_tract_variant;intron_variant,,,,,,,,,,,none,,,,,0.0,0.0,0.0,0.0,0.0,0.0,0.75,11.25
rs747000890,Ensembl VEP (dbSNP),rs747000890,rs747000890,,X,47225494.0,C,A,rs747000890,ENST00000357227.9:c.635-278C>A,,ENST00000357227,NP_006192.1,,,,,other,intron_variant,,,,,,,,,,,none,,,,,0.0,0.0,0.0,0.0,0.0,0.0,0.75,11.25
rs746819025,Ensembl VEP (dbSNP),rs746819025,rs746819025,,X,47226180.0,T,C,rs746819025,ENST00000357227.9:c.793-99T>C,,ENST00000357227,NP_006192.1,,,,,other,intron_variant,,,,,,,,,,,none,,,,,0.0,0.0,0.0,0.0,0.0,0.0,0.75,11.25
rs746614112,Ensembl VEP (dbSNP),rs746614112,rs746614112,,X,47224499.0,C,G,rs746614112,ENST00000357227.9:c.317C>G,ENSP00000349762.4:p.Pro106Arg,ENST00000357227,NP_006192.1,106.0,P,R,P106R,missense,missense_variant,,,,,,0.29,tolerated_low_confidence,0.029,benign,,none,1.0,2.0,0.3368,BENIGN,0.0,0.3368,1.0,0.0,0.0,0.0,1.0,35.05
rs746422745,Ensembl VEP (dbSNP),rs746422745,rs746422745,,X,47224780.0,C,T,rs746422745,ENST00000357227.9:c.462+37C>T,,ENST00000357227,NP_006192.1,,,,,other,intron_variant,,,,,,,,,,,none,,,,,0.0,0.0,0.0,0.0,0.0,0.0,0.75,11.25
rs746417144,Ensembl VEP (dbSNP),rs746417144,rs746417144,,X,47226039.0,G,-,rs746417144,ENST00000357227.9:c.792+12del,,ENST00000357227,NP_006192.1,,,,,other,intron_variant,,,,,,,,,,,none,,,,,0.0,0.0,0.0,0.0,0.0,0.0,0.75,11.25
rs746172520,Ensembl VEP (dbSNP),rs746172520,rs746172520,,X,47228840.0,C,T,rs746172520,ENST00000357227.9:c.*72C>T,,ENST00000357227,NP_006192.1,,,,,other,3_prime_UTR_variant,,,,,,,,,,,none,,,,,0.0,0.0,0.0,0.0,0.0,0.0,0.75,11.25
rs745974656,Ensembl VEP (dbSNP),rs745974656,rs745974656,,X,47227372.0,C,T,rs745974656,ENST00000357227.9:c.1285-7C>T,,ENST00000357227,NP_006192.1,,,,,splice,splice_region_variant;splice_polypyrimidine_tract_variant;intron_variant,,,,,,,,,,,none,,,,,0.0,0.0,0.0,0.0,0.0,0.0,0.75,11.25
rs745799341,Ensembl VEP (dbSNP),rs745799341,rs745799341,,X,47220630.0,C,T,rs745799341,ENST00000357227.9:c.-7+1525C>T,,ENST00000357227,NP_006192.1,,,,,other,intron_variant,,,,,,,,,,,none,,,,,0.0,0.0,0.0,0.0,0.0,0.0,0.75,11.25
rs745633025,Ensembl VEP (dbSNP),rs745633025,rs745633025,,X,47226120.0,T,C,rs745633025,ENST00000357227.9:c.792+93T>C,,ENST00000357227,NP_006192.1,,,,,other,intron_variant,,,,,,,,,,,none,,,,,0.0,0.0,0.0,0.0,0.0,0.0,0.75,11.25
rs745603387,Ensembl VEP (dbSNP),rs745603387,rs745603387,,X,47223216.0,G,A,rs745603387,ENST00000357227.9:c.-6-336G>A,,ENST00000357227,NP_006192.1,,,,,other,intron_variant,,,,,,,,,,,none,,,,,0.0,0.0,0.0,0.0,0.0,0.0,0.75,11.25
rs745562384,Ensembl VEP (dbSNP),rs745562384,rs745562384,,X,47226982.0,C,G,rs745562384,ENST00000357227.9:c.1136-12C>G,,ENST00000357227,NP_006192.1,,,,,splice,splice_polypyrimidine_tract_variant;intron_variant,,,,,,,,,,,none,,,,,0.0,0.0,0.0,0.0,0.0,0.0,0.75,11.25
rs745553260,Ensembl VEP (dbSNP),rs745553260,rs745553260,,X,47223646.0,A,G,rs745553260,ENST00000357227.9:c.89A>G,ENSP00000349762.4:p.Gln30Arg,ENST00000357227,NP_006192.1,30.0,Q,R,Q30R,missense,missense_variant,,,,,,0.03,deleterious_low_confidence,0.262,benign,Disordered,none,1.0,2.0,0.1289,BENIGN,0.0,0.1289,1.0,0.25,0.3,0.0,1.0,38.68
rs727503845,Ensembl VEP (dbSNP),rs727503845,rs727503845,,X,47227098.0,C,A,rs727503845,ENST00000357227.9:c.1240C>A,ENSP00000349762.4:p.Arg414=,ENST00000357227,NP_006192.1,414.0,,,,synonymous,splice_region_variant;synonymous_variant,,,,,,,,,,Protein kinase,none,1.0,2.0,,,0.0,0.0,1.0,0.25,0.6,0.0,1.0,39.75
rs727503843,Ensembl VEP (dbSNP),rs727503843,rs727503843,,X,47223217.0,C,G,rs727503843,ENST00000357227.9:c.-6-335C>G,,ENST00000357227,NP_006192.1,,,,,other,intron_variant,,,,,,,,,,,none,,,,,0.0,0.0,0.0,0.0,0.0,0.0,0.75,11.25
rs575382214,Ensembl VEP (dbSNP),rs575382214,rs575382214,,X,47217749.0,T,G,rs575382214,,,ENST00000335972,NP_006192.1,,,,,other,downstream_gene_variant,,,,,,,,,,,none,,,,,0.0,0.0,0.0,0.0,0.0,0.0,0.5,7.5
rs565452455,Ensembl VEP (dbSNP),rs565452455,rs565452455,,X,47229916.0,G,A,rs565452455,ENST00000357227.9:c.*1148G>A,,ENST00000357227,NP_006192.1,,,,,other,3_prime_UTR_variant,,,,,,,,,,,none,,,,,0.0,0.0,0.0,0.0,0.0,0.0,0.75,11.25
rs564424951,Ensembl VEP (dbSNP),rs564424951,rs564424951,,X,47218259.0,C,T,rs564424951,,,ENST00000335972,NP_006192.1,,,,,other,downstream_gene_variant,,,,,,,,,,,none,,,,,0.0,0.0,0.0,0.0,0.0,0.0,0.5,7.5
rs561007691,Ensembl VEP (dbSNP),rs561007691,rs561007691,,X,47223009.0,G,A,rs561007691,ENST00000357227.9:c.-6-543G>A,,ENST00000357227,NP_006192.1,,,,,other,intron_variant,,,,,,,,,,,none,,,,,0.0,0.0,0.0,0.0,0.0,0.0,0.75,11.25
rs560504157,Ensembl VEP (dbSNP),rs560504157,rs560504157,,X,47216936.0,C,T,rs560504157,,,ENST00000335972,NP_006192.1,,,,,other,downstream_gene_variant,,,,,,,,,,,none,,,,,0.0,0.0,0.0,0.0,0.0,0.0,0.5,7.5
rs555628501,Ensembl VEP (dbSNP),rs555628501,rs555628501,,X,47225620.0,C,T,rs555628501,ENST00000357227.9:c.635-152C>T,,ENST00000357227,NP_006192.1,,,,,other,intron_variant,,,,,,,,,,,none,,,,,0.0,0.0,0.0,0.0,0.0,0.0,0.75,11.25
rs553300046,Ensembl VEP (dbSNP),rs553300046,rs553300046,,X,47228176.0,A,G,rs553300046,ENST00000357227.9:c.1376-391A>G,,ENST00000357227,NP_006192.1,,,,,other,intron_variant,,,,,,,,,,,none,,,,,0.0,0.0,0.0,0.0,0.0,0.0,0.75,11.25
rs549974655,Ensembl VEP (dbSNP),rs549974655,rs549974655,,X,47221356.0,C,A,rs549974655,ENST00000357227.9:c.-6-2196C>A,,ENST00000357227,NP_006192.1,,,,,other,intron_variant,,,,,,,,,,,none,,,,,0.0,0.0,0.0,0.0,0.0,0.0,0.75,11.25
rs546946997,Ensembl VEP (dbSNP),rs546946997,rs546946997,,X,47229072.0,C,A,rs546946997,ENST00000357227.9:c.*304C>A,,ENST00000357227,NP_006192.1,,,,,other,3_prime_UTR_variant,,,,,,,,,,,none,,,,,0.0,0.0,0.0,0.0,0.0,0.0,0.75,11.25
rs542705040,Ensembl VEP (dbSNP),rs542705040,rs542705040,,X,47221209.0,G,A,rs542705040,ENST00000357227.9:c.-7+2104G>A,,ENST00000357227,NP_006192.1,,,,,other,intron_variant,,,,,,,,,,,none,,,,,0.0,0.0,0.0,0.0,0.0,0.0,0.75,11.25
rs539067436,Ensembl VEP (dbSNP),rs539067436,rs539067436,,X,47223847.0,A,C,rs539067436,ENST00000357227.9:c.202+88A>C,,ENST00000357227,NP_006192.1,,,,,other,intron_variant,,,,,,,,,,,none,,,,,0.0,0.0,0.0,0.0,0.0,0.0,0.75,11.25
rs534956510,Ensembl VEP (dbSNP),rs534956510,rs534956510,,X,47227923.0,G,C,rs534956510,ENST00000357227.9:c.1375+454G>C,,ENST00000357227,NP_006192.1,,,,,other,intron_variant,,,,,,,,,,,none,,,,,0.0,0.0,0.0,0.0,0.0,0.0,0.75,11.25
rs532822931,Ensembl VEP (dbSNP),rs532822931,rs532822931,,X,47230035.0,G,A,rs532822931,,,ENST00000357227,NP_006192.1,,,,,other,downstream_gene_variant,,,,,,,,,,,none,,,,,0.0,0.0,0.0,0.0,0.0,0.0,0.5,7.5
rs529692613,Ensembl VEP (dbSNP),rs529692613,rs529692613,,X,47229264.0,TTTTTTTTTTTTT,TTTTTTTT,rs529692613,ENST00000357227.9:c.*504_*508del,,ENST00000357227,NP_006192.1,,,,,other,3_prime_UTR_variant,,,,,,,,,,,none,,,,,0.0,0.0,0.0,0.0,0.0,0.0,0.75,11.25
rs528483568,Ensembl VEP (dbSNP),rs528483568,rs528483568,,X,47224129.0,C,G,rs528483568,ENST00000357227.9:c.203-256C>G,,ENST00000357227,NP_006192.1,,,,,other,intron_variant,,,,,,,,,,,none,,,,,0.0,0.0,0.0,0.0,0.0,0.0,0.75,11.25
rs397944638,Ensembl VEP (dbSNP),rs397944638,rs397944638,,X,47227283.0,CCCCCCCCC,CCCCCCC,rs397944638,ENST00000357227.9:c.1284+67_1284+68del,,ENST00000357227,NP_006192.1,,,,,other,intron_variant,,,,,,,,,,,none,,,,,0.0,0.0,0.0,0.0,0.0,0.0,0.75,11.25
rs386421109,Ensembl VEP (dbSNP),rs386421109,rs386421109,4490432,X,47226028.0,G,C,rs386421109,ENST00000357227.9:c.792+1G>C,,ENST00000357227,NP_006192.1,,,,,splice,splice_donor_variant,,,,,,,,,,,none,,,,,0.0,0.0,0.0,0.0,0.0,0.0,0.75,11.25
rs377671605,Ensembl VEP (dbSNP),rs377671605,rs377671605,,X,47222341.0,C,T,rs377671605,ENST00000357227.9:c.-6-1211C>T,,ENST00000357227,NP_006192.1,,,,,other,intron_variant,,,,,,,,,,,none,,,,,0.0,0.0,0.0,0.0,0.0,0.0,0.75,11.25
rs377475059,Ensembl VEP (dbSNP),rs377475059,rs377475059,,X,47218774.0,C,T,rs377475059,,,ENST00000335972,NP_006192.1,,,,,other,downstream_gene_variant,,,,,,,,,,,none,,,,,0.0,0.0,0.0,0.0,0.0,0.0,0.5,7.5
rs377467799,Ensembl VEP (dbSNP),rs377467799,rs377467799,,X,47228621.0,G,A,rs377467799,ENST00000357227.9:c.1430G>A,ENSP00000349762.4:p.Arg477Gln,ENST00000357227,NP_006192.1,477.0,R,Q,R477Q,missense,missense_variant,,,,,,0.0,deleterious_low_confidence,0.857,possibly_damaging,,none,1.0,2.0,0.1197,BENIGN,0.0,0.1197,1.0,0.0,0.0,0.0,1.0,31.8
rs377329220,Ensembl VEP (dbSNP),rs377329220,rs377329220,2660415,X,47227034.0,C,T,rs377329220,ENST00000357227.9:c.1176C>T,ENSP00000349762.4:p.Asn392=,ENST00000357227,NP_006192.1,392.0,,,,synonymous,synonymous_variant,Likely benign,"criteria provided, single submitter",not provided,,,,,,,Protein kinase,none,1.0,2.0,,,0.2,0.0,1.0,0.25,0.6,0.0,1.0,43.75
rs377055494,Ensembl VEP (dbSNP),rs377055494,rs377055494,,X,47224910.0,C,T,rs377055494,ENST00000357227.9:c.519+20C>T,,ENST00000357227,NP_006192.1,,,,,other,intron_variant,,,,,,,,,,,none,,,,,0.0,0.0,0.0,0.0,0.0,0.0,0.75,11.25
rs377023226,Ensembl VEP (dbSNP),rs377023226,rs377023226,,X,47223511.0,T,C,rs377023226,ENST00000357227.9:c.-6-41T>C,,ENST00000357227,NP_006192.1,,,,,other,intron_variant,,,,,,,,,,,none,,,,,0.0,0.0,0.0,0.0,0.0,0.0,0.75,11.25
rs376993690,Ensembl VEP (dbSNP),rs376993690,rs376993690,,X,47228819.0,T,A,rs376993690,ENST00000357227.9:c.*51T>A,,ENST00000357227,NP_006192.1,,,,,other,3_prime_UTR_variant,,,,,,,,,,,none,,,,,0.0,0.0,0.0,0.0,0.0,0.0,0.75,11.25
rs376560195,Ensembl VEP (dbSNP),rs376560195,rs376560195,,X,47226781.0,C,T,rs376560195,ENST00000357227.9:c.1038-31C>T,,ENST00000357227,NP_006192.1,,,,,other,intron_variant,,,,,,,,,,,none,,,,,0.0,0.0,0.0,0.0,0.0,0.0,0.75,11.25
rs376403487,Ensembl VEP (dbSNP),rs376403487,rs376403487,,X,47224539.0,G,A,rs376403487,ENST00000357227.9:c.336+21G>A,,ENST00000357227,NP_006192.1,,,,,other,intron_variant,,,,,,,,,,,none,,,,,0.0,0.0,0.0,0.0,0.0,0.0,0.75,11.25
rs376250984,Ensembl VEP (dbSNP),rs376250984,rs376250984,,X,47229486.0,C,G,rs376250984,ENST00000357227.9:c.*718C>G,,ENST00000357227,NP_006192.1,,,,,other,3_prime_UTR_variant,,,,,,,,,,,none,,,,,0.0,0.0,0.0,0.0,0.0,0.0,0.75,11.25
rs376086417,Ensembl VEP (dbSNP),rs376086417,rs376086417,,X,47216469.0,C,T,rs376086417,,,ENST00000335972,NP_006192.1,,,,,other,downstream_gene_variant,,,,,,,,,,,none,,,,,0.0,0.0,0.0,0.0,0.0,0.0,0.5,7.5
rs375686085,Ensembl VEP (dbSNP),rs375686085,rs375686085,,X,47225141.0,C,T,rs375686085,ENST00000357227.9:c.634+39C>T,,ENST00000357227,NP_006192.1,,,,,other,intron_variant,,,,,,,,,,,none,,,,,0.0,0.0,0.0,0.0,0.0,0.0,0.75,11.25
rs375559366,Ensembl VEP (dbSNP),rs375559366,rs375559366,,X,47220435.0,T,A,rs375559366,ENST00000357227.9:c.-7+1330T>A,,ENST00000357227,NP_006192.1,,,,,other,intron_variant,,,,,,,,,,,none,,,,,0.0,0.0,0.0,0.0,0.0,0.0,0.75,11.25
rs375380754,Ensembl VEP (dbSNP),rs375380754,rs375380754,,X,47227477.0,G,C,rs375380754,ENST00000357227.9:c.1375+8G>C,,ENST00000357227,NP_006192.1,,,,,splice,splice_region_variant;intron_variant,,,,,,,,,,,none,,,,,0.0,0.0,0.0,0.0,0.0,0.0,0.75,11.25
rs375270369,Ensembl VEP (dbSNP),rs375270369,rs375270369,,X,47226531.0,G,A,rs375270369,ENST00000357227.9:c.917-52G>A,,ENST00000357227,NP_006192.1,,,,,other,intron_variant,,,,,,,,,,,none,,,,,0.0,0.0,0.0,0.0,0.0,0.0,0.75,11.25
rs375049934,Ensembl VEP (dbSNP),rs375049934,rs375049934,,X,47227332.0,C,G,rs375049934,ENST00000357227.9:c.1285-47C>G,,ENST00000357227,NP_006192.1,,,,,other,intron_variant,,,,,,,,,,,none,,,,,0.0,0.0,0.0,0.0,0.0,0.0,0.75,11.25
rs375048822,Ensembl VEP (dbSNP),rs375048822,rs375048822,,X,47224188.0,C,G,rs375048822,ENST00000357227.9:c.203-197C>G,,ENST00000357227,NP_006192.1,,,,,other,intron_variant,,,,,,,,,,,none,,,,,0.0,0.0,0.0,0.0,0.0,0.0,0.75,11.25
rs374824262,Ensembl VEP (dbSNP),rs374824262,rs374824262,,X,47227363.0,C,A,rs374824262,ENST00000357227.9:c.1285-16C>A,,ENST00000357227,NP_006192.1,,,,,splice,splice_polypyrimidine_tract_variant;intron_variant,,,,,,,,,,,none,,,,,0.0,0.0,0.0,0.0,0.0,0.0,0.75,11.25
rs374684312,Ensembl VEP (dbSNP),rs374684312,rs374684312,,X,47226240.0,A,C,rs374684312,ENST00000357227.9:c.793-39A>C,,ENST00000357227,NP_006192.1,,,,,other,intron_variant,,,,,,,,,,,none,,,,,0.0,0.0,0.0,0.0,0.0,0.0,0.75,11.25
rs374522627,Ensembl VEP (dbSNP),rs374522627,rs374522627,,X,47218681.0,C,A,rs374522627,,,ENST00000335972,NP_006192.1,,,,,other,downstream_gene_variant,,,,,,,,,,,none,,,,,0.0,0.0,0.0,0.0,0.0,0.0,0.5,7.5
rs374002313,Ensembl VEP (dbSNP),rs374002313,rs374002313,,X,47224481.0,G,A,rs374002313,ENST00000357227.9:c.299G>A,ENSP00000349762.4:p.Arg100His,ENST00000357227,NP_006192.1,100.0,R,H,R100H,missense,missense_variant,,,,,,0.01,deleterious_low_confidence,0.021,benign,,none,1.0,2.0,0.6942,PATHOGENIC,0.0,0.6942,1.0,0.0,0.0,0.0,1.0,40.41
rs373980192,Ensembl VEP (dbSNP),rs373980192,rs373980192,,X,47224896.0,A,G,rs373980192,ENST00000357227.9:c.519+6A>G,,ENST00000357227,NP_006192.1,,,,,splice,splice_donor_region_variant;intron_variant,,,,,,,,,,,none,,,,,0.0,0.0,0.0,0.0,0.0,0.0,0.75,11.25
rs373680794,Ensembl VEP (dbSNP),rs373680794,rs373680794,,X,47229345.0,A,C,rs373680794,ENST00000357227.9:c.*577A>C,,ENST00000357227,NP_006192.1,,,,,other,3_prime_UTR_variant,,,,,,,,,,,none,,,,,0.0,0.0,0.0,0.0,0.0,0.0,0.75,11.25
rs373452187,Ensembl VEP (dbSNP),rs373452187,rs373452187,,X,47226602.0,A,C,rs373452187,ENST00000357227.9:c.936A>C,ENSP00000349762.4:p.Ser312=,ENST00000357227,NP_006192.1,312.0,,,,synonymous,synonymous_variant,,,,,,,,,,Protein kinase,none,1.0,2.0,,,0.0,0.0,1.0,0.25,0.6,0.0,1.0,39.75
rs373210775,Ensembl VEP (dbSNP),rs373210775,rs373210775,,X,47228528.0,A,G,rs373210775,ENST00000357227.9:c.1376-39A>G,,ENST00000357227,NP_006192.1,,,,,other,intron_variant,,,,,,,,,,,none,,,,,0.0,0.0,0.0,0.0,0.0,0.0,0.75,11.25
rs373143378,Ensembl VEP (dbSNP),rs373143378,rs373143378,,X,47224576.0,G,A,rs373143378,ENST00000357227.9:c.337-42G>A,,ENST00000357227,NP_006192.1,,,,,other,intron_variant,,,,,,,,,,,none,,,,,0.0,0.0,0.0,0.0,0.0,0.0,0.75,11.25
rs372981522,Ensembl VEP (dbSNP),rs372981522,rs372981522,,X,47229105.0,C,G,rs372981522,ENST00000357227.9:c.*337C>G,,ENST00000357227,NP_006192.1,,,,,other,3_prime_UTR_variant,,,,,,,,,,,none,,,,,0.0,0.0,0.0,0.0,0.0,0.0,0.75,11.25
rs372931400,Ensembl VEP (dbSNP),rs372931400,rs372931400,,X,47218653.0,A,G,rs372931400,,,ENST00000335972,NP_006192.1,,,,,other,downstream_gene_variant,,,,,,,,,,,none,,,,,0.0,0.0,0.0,0.0,0.0,0.0,0.5,7.5
rs372848738,Ensembl VEP (dbSNP),rs372848738,rs372848738,,X,47216461.0,T,C,rs372848738,,,ENST00000335972,NP_006192.1,,,,,other,downstream_gene_variant,,,,,,,,,,,none,,,,,0.0,0.0,0.0,0.0,0.0,0.0,0.5,7.5
rs372321340,Ensembl VEP (dbSNP),rs372321340,rs372321340,,X,47227644.0,C,T,rs372321340,ENST00000357227.9:c.1375+175C>T,,ENST00000357227,NP_006192.1,,,,,other,intron_variant,,,,,,,,,,,none,,,,,0.0,0.0,0.0,0.0,0.0,0.0,0.75,11.25
rs372315805,Ensembl VEP (dbSNP),rs372315805,rs372315805,,X,47227441.0,G,A,rs372315805,ENST00000357227.9:c.1347G>A,ENSP00000349762.4:p.Leu449=,ENST00000357227,NP_006192.1,449.0,,,,synonymous,synonymous_variant,,,,,,,,,,,none,1.0,2.0,,,0.0,0.0,1.0,0.0,0.0,0.0,1.0,30.0
rs372290137,Ensembl VEP (dbSNP),rs372290137,rs372290137,4490411,X,47224572.0,G,T,rs372290137,ENST00000357227.9:c.337-46G>T,,ENST00000357227,NP_006192.1,,,,,other,intron_variant,,,,,,,,,,,none,,,,,0.0,0.0,0.0,0.0,0.0,0.0,0.75,11.25
rs372258262,Ensembl VEP (dbSNP),rs372258262,rs372258262,,X,47225812.0,G,A,rs372258262,ENST00000357227.9:c.675G>A,ENSP00000349762.4:p.Thr225=,ENST00000357227,NP_006192.1,225.0,,,,synonymous,synonymous_variant,,,,,,,,,,Protein kinase,none,1.0,2.0,,,0.0,0.0,1.0,0.25,0.6,0.0,1.0,39.75
rs371968092,Ensembl VEP (dbSNP),rs371968092,rs371968092,,X,47227357.0,C,T,rs371968092,ENST00000357227.9:c.1285-22C>T,,ENST00000357227,NP_006192.1,,,,,other,intron_variant,,,,,,,,,,,none,,,,,0.0,0.0,0.0,0.0,0.0,0.0,0.75,11.25
rs371725640,Ensembl VEP (dbSNP),rs371725640,rs371725640,,X,47224052.0,C,T,rs371725640,ENST00000357227.9:c.202+293C>T,,ENST00000357227,NP_006192.1,,,,,other,intron_variant,,,,,,,,,,,none,,,,,0.0,0.0,0.0,0.0,0.0,0.0,0.75,11.25
rs371576867,Ensembl VEP (dbSNP),rs371576867,rs371576867,,X,47223736.0,G,A,rs371576867,ENST00000357227.9:c.179G>A,ENSP00000349762.4:p.Arg60Gln,ENST00000357227,NP_006192.1,60.0,R,Q,R60Q,missense,missense_variant,,,,,,0.32,tolerated_low_confidence,0.022,benign,Disordered,none,1.0,2.0,0.0977,BENIGN,0.0,0.0977,1.0,0.25,0.3,0.0,1.0,38.22
rs371394914,Ensembl VEP (dbSNP),rs371394914,rs371394914,,X,47227105.0,G,A,rs371394914,ENST00000357227.9:c.1241+6G>A,,ENST00000357227,NP_006192.1,,,,,splice,splice_donor_region_variant;intron_variant,,,,,,,,,,,none,,,,,0.0,0.0,0.0,0.0,0.0,0.0,0.75,11.25
rs371314242,Ensembl VEP (dbSNP),rs371314242,rs371314242,,X,47221652.0,A,G,rs371314242,ENST00000357227.9:c.-6-1900A>G,,ENST00000357227,NP_006192.1,,,,,other,intron_variant,,,,,,,,,,,none,,,,,0.0,0.0,0.0,0.0,0.0,0.0,0.75,11.25
rs371151141,Ensembl VEP (dbSNP),rs371151141,rs371151141,,X,47219412.0,A,G,rs371151141,,,ENST00000335972,NP_006192.1,,,,,other,downstream_gene_variant,,,,,,,,,,,none,,,,,0.0,0.0,0.0,0.0,0.0,0.0,0.5,7.5
rs371115424,Ensembl VEP (dbSNP),rs371115424,rs371115424,,X,47225124.0,G,T,rs371115424,ENST00000357227.9:c.634+22G>T,,ENST00000357227,NP_006192.1,,,,,other,intron_variant,,,,,,,,,,,none,,,,,0.0,0.0,0.0,0.0,0.0,0.0,0.75,11.25
rs370897419,Ensembl VEP (dbSNP),rs370897419,rs370897419,,X,47224836.0,T,G,rs370897419,ENST00000357227.9:c.465T>G,ENSP00000349762.4:p.Ser155=,ENST00000357227,NP_006192.1,155.0,,,,synonymous,splice_region_variant;synonymous_variant,,,,,,,,,,,none,1.0,2.0,,,0.0,0.0,1.0,0.0,0.0,0.0,1.0,30.0
rs370749950,Ensembl VEP (dbSNP),rs370749950,rs370749950,,X,47227134.0,G,T,rs370749950,ENST00000357227.9:c.1241+35G>T,,ENST00000357227,NP_006192.1,,,,,other,intron_variant,,,,,,,,,,,none,,,,,0.0,0.0,0.0,0.0,0.0,0.0,0.75,11.25
rs370657558,Ensembl VEP (dbSNP),rs370657558,rs370657558,,X,47226927.0,C,G,rs370657558,ENST00000357227.9:c.1135+18C>G,,ENST00000357227,NP_006192.1,,,,,other,intron_variant,,,,,,,,,,,none,,,,,0.0,0.0,0.0,0.0,0.0,0.0,0.75,11.25
rs370513612,Ensembl VEP (dbSNP),rs370513612,rs370513612,,X,47221154.0,C,T,rs370513612,ENST00000357227.9:c.-7+2049C>T,,ENST00000357227,NP_006192.1,,,,,other,intron_variant,,,,,,,,,,,none,,,,,0.0,0.0,0.0,0.0,0.0,0.0,0.75,11.25
rs370213302,Ensembl VEP (dbSNP),rs370213302,rs370213302,,X,47228797.0,G,A,rs370213302,ENST00000357227.9:c.*29G>A,,ENST00000357227,NP_006192.1,,,,,other,3_prime_UTR_variant,,,,,,,,,,,none,,,,,0.0,0.0,0.0,0.0,0.0,0.0,0.75,11.25
rs370088996,Ensembl VEP (dbSNP),rs370088996,rs370088996,,X,47227283.0,CCCCCCCCC,CCCCCCC,rs370088996,ENST00000357227.9:c.1284+67_1284+68del,,ENST00000357227,NP_006192.1,,,,,other,intron_variant,,,,,,,,,,,none,,,,,0.0,0.0,0.0,0.0,0.0,0.0,0.75,11.25
rs369995878,Ensembl VEP (dbSNP),rs369995878,rs369995878,,X,47227497.0,C,T,rs369995878,ENST00000357227.9:c.1375+28C>T,,ENST00000357227,NP_006192.1,,,,,other,intron_variant,,,,,,,,,,,none,,,,,0.0,0.0,0.0,0.0,0.0,0.0,0.75,11.25
rs369733389,Ensembl VEP (dbSNP),rs369733389,rs369733389,,X,47224542.0,G,A,rs369733389,ENST00000357227.9:c.336+24G>A,,ENST00000357227,NP_006192.1,,,,,other,intron_variant,,,,,,,,,,,none,,,,,0.0,0.0,0.0,0.0,0.0,0.0,0.75,11.25
rs369532554,Ensembl VEP (dbSNP),rs369532554,rs369532554,,X,47226553.0,C,T,rs369532554,ENST00000357227.9:c.917-30C>T,,ENST00000357227,NP_006192.1,,,,,other,intron_variant,,,,,,,,,,,none,,,,,0.0,0.0,0.0,0.0,0.0,0.0,0.75,11.25
rs369393173,Ensembl VEP (dbSNP),rs369393173,rs369393173,,X,47228599.0,C,T,rs369393173,ENST00000357227.9:c.1408C>T,ENSP00000349762.4:p.Leu470=,ENST00000357227,NP_006192.1,470.0,,,,synonymous,synonymous_variant,,,,,,,,,,,none,1.0,2.0,,,0.0,0.0,1.0,0.0,0.0,0.0,1.0,30.0
rs369310731,Ensembl VEP (dbSNP),rs369310731,rs369310731,,X,47228550.0,G,A,rs369310731,ENST00000357227.9:c.1376-17G>A,,ENST00000357227,NP_006192.1,,,,,splice,splice_polypyrimidine_tract_variant;intron_variant,,,,,,,,,,,none,,,,,0.0,0.0,0.0,0.0,0.0,0.0,0.75,11.25
rs369198498,Ensembl VEP (dbSNP),rs369198498,rs369198498,,X,47223515.0,A,G,rs369198498,ENST00000357227.9:c.-6-37A>G,,ENST00000357227,NP_006192.1,,,,,other,intron_variant,,,,,,,,,,,none,,,,,0.0,0.0,0.0,0.0,0.0,0.0,0.75,11.25
rs368986879,Ensembl VEP (dbSNP),rs368986879,rs368986879,,X,47224349.0,C,T,rs368986879,ENST00000357227.9:c.203-36C>T,,ENST00000357227,NP_006192.1,,,,,other,intron_variant,,,,,,,,,,,none,,,,,0.0,0.0,0.0,0.0,0.0,0.0,0.75,11.25
rs368724874,Ensembl VEP (dbSNP),rs368724874,rs368724874,,X,47224259.0,G,C,rs368724874,ENST00000357227.9:c.203-126G>C,,ENST00000357227,NP_006192.1,,,,,other,intron_variant,,,,,,,,,,,none,,,,,0.0,0.0,0.0,0.0,0.0,0.0,0.75,11.25
rs368599866,Ensembl VEP (dbSNP),rs368599866,rs368599866,,X,47227123.0,G,A,rs368599866,ENST00000357227.9:c.1241+24G>A,,ENST00000357227,NP_006192.1,,,,,other,intron_variant,,,,,,,,,,,none,,,,,0.0,0.0,0.0,0.0,0.0,0.0,0.75,11.25
rs368594503,Ensembl VEP (dbSNP),rs368594503,rs368594503,,X,47224976.0,C,T,rs368594503,ENST00000357227.9:c.520-12C>T,,ENST00000357227,NP_006192.1,,,,,splice,splice_polypyrimidine_tract_variant;intron_variant,,,,,,,,,,,none,,,,,0.0,0.0,0.0,0.0,0.0,0.0,0.75,11.25
rs368294398,Ensembl VEP (dbSNP),rs368294398,rs368294398,,X,47221127.0,T,C,rs368294398,ENST00000357227.9:c.-7+2022T>C,,ENST00000357227,NP_006192.1,,,,,other,intron_variant,,,,,,,,,,,none,,,,,0.0,0.0,0.0,0.0,0.0,0.0,0.75,11.25
rs368252678,Ensembl VEP (dbSNP),rs368252678,rs368252678,,X,47225152.0,C,T,rs368252678,ENST00000357227.9:c.634+50C>T,,ENST00000357227,NP_006192.1,,,,,other,intron_variant,,,,,,,,,,,none,,,,,0.0,0.0,0.0,0.0,0.0,0.0,0.75,11.25
rs368039555,Ensembl VEP (dbSNP),rs368039555,rs368039555,,X,47224446.0,G,A,rs368039555,ENST00000357227.9:c.264G>A,ENSP00000349762.4:p.Thr88=,ENST00000357227,NP_006192.1,88.0,,,,synonymous,synonymous_variant,,,,,,,,,,Disordered,none,1.0,2.0,,,0.0,0.0,1.0,0.25,0.3,0.0,1.0,36.75
rs367687703,Ensembl VEP (dbSNP),rs367687703,rs367687703,,X,47218617.0,C,T,rs367687703,,,ENST00000335972,NP_006192.1,,,,,other,downstream_gene_variant,,,,,,,,,,,none,,,,,0.0,0.0,0.0,0.0,0.0,0.0,0.5,7.5
rs202219642,Ensembl VEP (dbSNP),rs202219642,rs202219642,,X,47226071.0,C,A,rs202219642,ENST00000357227.9:c.792+44C>A,,ENST00000357227,NP_006192.1,,,,,other,intron_variant,,,,,,,,,,,none,,,,,0.0,0.0,0.0,0.0,0.0,0.0,0.75,11.25
rs201886941,Ensembl VEP (dbSNP),rs201886941,rs201886941,,X,47221411.0,C,A,rs201886941,ENST00000357227.9:c.-6-2141C>A,,ENST00000357227,NP_006192.1,,,,,other,intron_variant,,,,,,,,,,,none,,,,,0.0,0.0,0.0,0.0,0.0,0.0,0.75,11.25
rs201784115,Ensembl VEP (dbSNP),rs201784115,rs201784115,,X,47224413.0,G,T,rs201784115,ENST00000357227.9:c.231G>T,ENSP00000349762.4:p.Gly77=,ENST00000357227,NP_006192.1,77.0,,,,synonymous,synonymous_variant,,,,,,,,,,Disordered,none,1.0,2.0,,,0.0,0.0,1.0,0.25,0.3,0.0,1.0,36.75
rs201742676,Ensembl VEP (dbSNP),rs201742676,rs201742676,,X,47226074.0,C,G,rs201742676,ENST00000357227.9:c.792+47C>G,,ENST00000357227,NP_006192.1,,,,,other,intron_variant,,,,,,,,,,,none,,,,,0.0,0.0,0.0,0.0,0.0,0.0,0.75,11.25
rs201700260,Ensembl VEP (dbSNP),rs201700260,rs201700260,,X,47227069.0,G,A,rs201700260,ENST00000357227.9:c.1211G>A,ENSP00000349762.4:p.Arg404Gln,ENST00000357227,NP_006192.1,404.0,R,Q,R404Q,missense,missense_variant,,,,,,0.06,tolerated_low_confidence,0.026,benign,Protein kinase,none,1.0,2.0,0.096,BENIGN,0.0,0.096,1.0,0.25,0.6,0.0,1.0,41.19
rs201462487,Ensembl VEP (dbSNP),rs201462487,rs201462487,,X,47226427.0,T,C,rs201462487,ENST00000357227.9:c.916+25T>C,,ENST00000357227,NP_006192.1,,,,,other,intron_variant,,,,,,,,,,,none,,,,,0.0,0.0,0.0,0.0,0.0,0.0,0.75,11.25
rs200980942,Ensembl VEP (dbSNP),rs200980942,rs200980942,,X,47226365.0,C,A,rs200980942,ENST00000357227.9:c.879C>A,ENSP00000349762.4:p.Leu293=,ENST00000357227,NP_006192.1,293.0,,,,synonymous,synonymous_variant,,,,,,,,,,Protein kinase,none,1.0,2.0,,,0.0,0.0,1.0,0.25,0.6,0.0,1.0,39.75
rs200900337,Ensembl VEP (dbSNP),rs200900337,rs200900337,,X,47224458.0,G,A,rs200900337,ENST00000357227.9:c.276G>A,ENSP00000349762.4:p.Glu92=,ENST00000357227,NP_006192.1,92.0,,,,synonymous,synonymous_variant,,,,,,,,,,Disordered,none,1.0,2.0,,,0.0,0.0,1.0,0.25,0.3,0.0,1.0,36.75
rs200898804,Ensembl VEP (dbSNP),rs200898804,rs200898804,,X,47227073.0,C,T,rs200898804,ENST00000357227.9:c.1215C>T,ENSP00000349762.4:p.Ala405=,ENST00000357227,NP_006192.1,405.0,,,,synonymous,synonymous_variant,,,,,,,,,,Protein kinase,none,1.0,2.0,,,0.0,0.0,1.0,0.25,0.6,0.0,1.0,39.75
rs200767933,Ensembl VEP (dbSNP),rs200767933,rs200767933,498127,X,47228557.0,C,T,rs200767933,ENST00000357227.9:c.1376-10C>T,,ENST00000357227,NP_006192.1,,,,,splice,splice_polypyrimidine_tract_variant;intron_variant,Benign,"criteria provided, multiple submitters, no conflicts",not specified,,,,,,,,none,,,,,0.2,0.0,0.0,0.0,0.0,0.0,0.75,15.25
rs200711551,Ensembl VEP (dbSNP),rs200711551,rs200711551,,X,47218853.0,C,G,rs200711551,,,ENST00000335972,NP_006192.1,,,,,other,downstream_gene_variant,,,,,,,,,,,none,,,,,0.0,0.0,0.0,0.0,0.0,0.0,0.5,7.5
rs200657560,Ensembl VEP (dbSNP),rs200657560,rs200657560,,X,47216523.0,C,T,rs200657560,,,ENST00000335972,NP_006192.1,,,,,other,downstream_gene_variant,,,,,,,,,,,none,,,,,0.0,0.0,0.0,0.0,0.0,0.0,0.5,7.5
rs200262349,Ensembl VEP (dbSNP),rs200262349,rs200262349,,X,47226258.0,C,G,rs200262349,ENST00000357227.9:c.793-21C>G,,ENST00000357227,NP_006192.1,,,,,other,intron_variant,,,,,,,,,,,none,,,,,0.0,0.0,0.0,0.0,0.0,0.0,0.75,11.25
rs200237176,Ensembl VEP (dbSNP),rs200237176,rs200237176,,X,47228747.0,C,T,rs200237176,ENST00000357227.9:c.1470C>T,ENSP00000349762.4:p.Arg490=,ENST00000357227,NP_006192.1,490.0,,,,synonymous,synonymous_variant,,,,,,,,,,,none,1.0,2.0,,,0.0,0.0,1.0,0.0,0.0,0.0,1.0,30.0
rs200177369,Ensembl VEP (dbSNP),rs200177369,rs200177369,,X,47223735.0,C,T,rs200177369,ENST00000357227.9:c.178C>T,ENSP00000349762.4:p.Arg60Trp,ENST00000357227,NP_006192.1,60.0,R,W,R60W,missense,missense_variant,,,,,,0.22,tolerated_low_confidence,0.243,benign,Disordered,none,1.0,2.0,0.1677,BENIGN,0.0,0.1677,1.0,0.25,0.3,0.0,1.0,39.27
rs200083897,Ensembl VEP (dbSNP),rs200083897,rs200083897,,X,47226998.0,C,A,rs200083897,ENST00000357227.9:c.1140C>A,ENSP00000349762.4:p.Thr380=,ENST00000357227,NP_006192.1,380.0,,,,synonymous,synonymous_variant,,,,,,,,,,Protein kinase,none,1.0,2.0,,,0.0,0.0,1.0,0.25,0.6,0.0,1.0,39.75
rs199914750,Ensembl VEP (dbSNP),rs199914750,rs199914750,,X,47216662.0,GTCTACCA,-,rs199914750,,,ENST00000335972,NP_006192.1,,,,,other,downstream_gene_variant,,,,,,,,,,,none,,,,,0.0,0.0,0.0,0.0,0.0,0.0,0.5,7.5
rs199882440,Ensembl VEP (dbSNP),rs199882440,rs199882440,,X,47228803.0,A,G,rs199882440,ENST00000357227.9:c.*35A>G,,ENST00000357227,NP_006192.1,,,,,other,3_prime_UTR_variant,,,,,,,,,,,none,,,,,0.0,0.0,0.0,0.0,0.0,0.0,0.75,11.25
rs199834732,Ensembl VEP (dbSNP),rs199834732,rs199834732,4224516,X,47226846.0,G,A,rs199834732,ENST00000357227.9:c.1072G>A,ENSP00000349762.4:p.Gly358Ser,ENST00000357227,NP_006192.1,358.0,G,S,G358S,missense,missense_variant,Uncertain significance,"criteria provided, single submitter",not specified,,,0.0,deleterious_low_confidence,0.987,probably_damaging,Protein kinase,none,1.0,2.0,0.7921,PATHOGENIC,0.6,0.7921,1.0,0.25,0.6,0.0,1.0,63.63
rs193288267,Ensembl VEP (dbSNP),rs193288267,rs193288267,,X,47220485.0,A,G,rs193288267,ENST00000357227.9:c.-7+1380A>G,,ENST00000357227,NP_006192.1,,,,,other,intron_variant,,,,,,,,,,,none,,,,,0.0,0.0,0.0,0.0,0.0,0.0,0.75,11.25
rs192514388,Ensembl VEP (dbSNP),rs192514388,rs192514388,,X,47216766.0,T,G,rs192514388,,,ENST00000335972,NP_006192.1,,,,,other,downstream_gene_variant,,,,,,,,,,,none,,,,,0.0,0.0,0.0,0.0,0.0,0.0,0.5,7.5
rs191789569,Ensembl VEP (dbSNP),rs191789569,rs191789569,,X,47227356.0,C,T,rs191789569,ENST00000357227.9:c.1285-23C>T,,ENST00000357227,NP_006192.1,,,,,other,intron_variant,,,,,,,,,,,none,,,,,0.0,0.0,0.0,0.0,0.0,0.0,0.75,11.25
rs191663057,Ensembl VEP (dbSNP),rs191663057,rs191663057,,X,47219827.0,G,A,rs191663057,,,ENST00000335972,NP_006192.1,,,,,other,downstream_gene_variant,,,,,,,,,,,none,,,,,0.0,0.0,0.0,0.0,0.0,0.0,0.5,7.5
rs191632161,Ensembl VEP (dbSNP),rs191632161,rs191632161,,X,47220283.0,G,T,rs191632161,ENST00000357227.9:c.-7+1178G>T,,ENST00000357227,NP_006192.1,,,,,other,intron_variant,,,,,,,,,,,none,,,,,0.0,0.0,0.0,0.0,0.0,0.0,0.75,11.25
rs191499413,Ensembl VEP (dbSNP),rs191499413,rs191499413,,X,47216536.0,A,G,rs191499413,,,ENST00000335972,NP_006192.1,,,,,other,downstream_gene_variant,,,,,,,,,,,none,,,,,0.0,0.0,0.0,0.0,0.0,0.0,0.5,7.5
rs191237996,Ensembl VEP (dbSNP),rs191237996,rs191237996,,X,47230147.0,T,C,rs191237996,,,ENST00000357227,NP_006192.1,,,,,other,downstream_gene_variant,,,,,,,,,,,none,,,,,0.0,0.0,0.0,0.0,0.0,0.0,0.5,7.5
rs191041861,Ensembl VEP (dbSNP),rs191041861,rs191041861,,X,47219226.0,A,G,rs191041861,,,ENST00000335972,NP_006192.1,,,,,other,downstream_gene_variant,,,,,,,,,,,none,,,,,0.0,0.0,0.0,0.0,0.0,0.0,0.5,7.5
rs190868935,Ensembl VEP (dbSNP),rs190868935,rs190868935,,X,47225346.0,G,A,rs190868935,ENST00000357227.9:c.634+244G>A,,ENST00000357227,NP_006192.1,,,,,other,intron_variant,,,,,,,,,,,none,,,,,0.0,0.0,0.0,0.0,0.0,0.0,0.75,11.25
rs190581652,Ensembl VEP (dbSNP),rs190581652,rs190581652,,X,47229254.0,T,G,rs190581652,ENST00000357227.9:c.*486T>G,,ENST00000357227,NP_006192.1,,,,,other,3_prime_UTR_variant,,,,,,,,,,,none,,,,,0.0,0.0,0.0,0.0,0.0,0.0,0.75,11.25
rs190554694,Ensembl VEP (dbSNP),rs190554694,rs190554694,,X,47229836.0,T,A,rs190554694,ENST00000357227.9:c.*1068T>A,,ENST00000357227,NP_006192.1,,,,,other,3_prime_UTR_variant,,,,,,,,,,,none,,,,,0.0,0.0,0.0,0.0,0.0,0.0,0.75,11.25
rs190522811,Ensembl VEP (dbSNP),rs190522811,rs190522811,,X,47221386.0,G,C,rs190522811,ENST00000357227.9:c.-6-2166G>C,,ENST00000357227,NP_006192.1,,,,,other,intron_variant,,,,,,,,,,,none,,,,,0.0,0.0,0.0,0.0,0.0,0.0,0.75,11.25
rs189486803,Ensembl VEP (dbSNP),rs189486803,rs189486803,,X,47216711.0,G,A,rs189486803,,,ENST00000335972,NP_006192.1,,,,,other,downstream_gene_variant,,,,,,,,,,,none,,,,,0.0,0.0,0.0,0.0,0.0,0.0,0.5,7.5
rs188787867,Ensembl VEP (dbSNP),rs188787867,rs188787867,,X,47225664.0,G,A,rs188787867,ENST00000357227.9:c.635-108G>A,,ENST00000357227,NP_006192.1,,,,,other,intron_variant,,,,,,,,,,,none,,,,,0.0,0.0,0.0,0.0,0.0,0.0,0.75,11.25
rs188726824,Ensembl VEP (dbSNP),rs188726824,rs188726824,,X,47221792.0,G,A,rs188726824,ENST00000357227.9:c.-6-1760G>A,,ENST00000357227,NP_006192.1,,,,,other,intron_variant,,,,,,,,,,,none,,,,,0.0,0.0,0.0,0.0,0.0,0.0,0.75,11.25
rs188399731,Ensembl VEP (dbSNP),rs188399731,rs188399731,,X,47228539.0,C,T,rs188399731,ENST00000357227.9:c.1376-28C>T,,ENST00000357227,NP_006192.1,,,,,other,intron_variant,,,,,,,,,,,none,,,,,0.0,0.0,0.0,0.0,0.0,0.0,0.75,11.25
rs188385651,Ensembl VEP (dbSNP),rs188385651,rs188385651,,X,47218659.0,T,C,rs188385651,,,ENST00000335972,NP_006192.1,,,,,other,downstream_gene_variant,,,,,,,,,,,none,,,,,0.0,0.0,0.0,0.0,0.0,0.0,0.5,7.5
rs188138284,Ensembl VEP (dbSNP),rs188138284,rs188138284,,X,47216338.0,A,G,rs188138284,,,ENST00000335972,NP_006192.1,,,,,other,downstream_gene_variant,,,,,,,,,,,none,,,,,0.0,0.0,0.0,0.0,0.0,0.0,0.5,7.5
rs188059204,Ensembl VEP (dbSNP),rs188059204,rs188059204,,X,47222030.0,C,T,rs188059204,ENST00000357227.9:c.-6-1522C>T,,ENST00000357227,NP_006192.1,,,,,other,intron_variant,,,,,,,,,,,none,,,,,0.0,0.0,0.0,0.0,0.0,0.0,0.75,11.25
rs187308625,Ensembl VEP (dbSNP),rs187308625,rs187308625,,X,47227345.0,T,C,rs187308625,ENST00000357227.9:c.1285-34T>C,,ENST00000357227,NP_006192.1,,,,,other,intron_variant,,,,,,,,,,,none,,,,,0.0,0.0,0.0,0.0,0.0,0.0,0.75,11.25
rs187232602,Ensembl VEP (dbSNP),rs187232602,rs187232602,,X,47223613.0,G,A,rs187232602,ENST00000357227.9:c.56G>A,ENSP00000349762.4:p.Arg19Gln,ENST00000357227,NP_006192.1,19.0,R,Q,R19Q,missense,missense_variant,,,,,,0.18,tolerated_low_confidence,0.003,benign,Disordered,none,1.0,2.0,0.1832,BENIGN,0.0,0.1832,1.0,0.25,0.3,0.0,1.0,39.5
rs187221841,Ensembl VEP (dbSNP),rs187221841,rs187221841,,X,47220163.0,A,G,rs187221841,ENST00000357227.9:c.-7+1058A>G,,ENST00000357227,NP_006192.1,,,,,other,intron_variant,,,,,,,,,,,none,,,,,0.0,0.0,0.0,0.0,0.0,0.0,0.75,11.25
rs187073371,Ensembl VEP (dbSNP),rs187073371,rs187073371,,X,47219668.0,T,G,rs187073371,,,ENST00000335972,NP_006192.1,,,,,other,downstream_gene_variant,,,,,,,,,,,none,,,,,0.0,0.0,0.0,0.0,0.0,0.0,0.5,7.5
rs186906881,Ensembl VEP (dbSNP),rs186906881,rs186906881,,X,47225335.0,A,G,rs186906881,ENST00000357227.9:c.634+233A>G,,ENST00000357227,NP_006192.1,,,,,other,intron_variant,,,,,,,,,,,none,,,,,0.0,0.0,0.0,0.0,0.0,0.0,0.75,11.25
rs186762262,Ensembl VEP (dbSNP),rs186762262,rs186762262,,X,47220438.0,C,T,rs186762262,ENST00000357227.9:c.-7+1333C>T,,ENST00000357227,NP_006192.1,,,,,other,intron_variant,,,,,,,,,,,none,,,,,0.0,0.0,0.0,0.0,0.0,0.0,0.75,11.25
rs186461146,Ensembl VEP (dbSNP),rs186461146,rs186461146,,X,47218315.0,A,C,rs186461146,,,ENST00000335972,NP_006192.1,,,,,other,downstream_gene_variant,,,,,,,,,,,none,,,,,0.0,0.0,0.0,0.0,0.0,0.0,0.5,7.5
rs186233558,Ensembl VEP (dbSNP),rs186233558,rs186233558,,X,47229588.0,C,G,rs186233558,ENST00000357227.9:c.*820C>G,,ENST00000357227,NP_006192.1,,,,,other,3_prime_UTR_variant,,,,,,,,,,,none,,,,,0.0,0.0,0.0,0.0,0.0,0.0,0.75,11.25
rs186090617,Ensembl VEP (dbSNP),rs186090617,rs186090617,,X,47223917.0,G,A,rs186090617,ENST00000357227.9:c.202+158G>A,,ENST00000357227,NP_006192.1,,,,,other,intron_variant,,,,,,,,,,,none,,,,,0.0,0.0,0.0,0.0,0.0,0.0,0.75,11.25
rs185763113,Ensembl VEP (dbSNP),rs185763113,rs185763113,,X,47230082.0,A,G,rs185763113,,,ENST00000357227,NP_006192.1,,,,,other,downstream_gene_variant,,,,,,,,,,,none,,,,,0.0,0.0,0.0,0.0,0.0,0.0,0.5,7.5
rs185471638,Ensembl VEP (dbSNP),rs185471638,rs185471638,,X,47220745.0,G,C,rs185471638,ENST00000357227.9:c.-7+1640G>C,,ENST00000357227,NP_006192.1,,,,,other,intron_variant,,,,,,,,,,,none,,,,,0.0,0.0,0.0,0.0,0.0,0.0,0.75,11.25
rs185455698,Ensembl VEP (dbSNP),rs185455698,rs185455698,,X,47216951.0,C,T,rs185455698,,,ENST00000335972,NP_006192.1,,,,,other,downstream_gene_variant,,,,,,,,,,,none,,,,,0.0,0.0,0.0,0.0,0.0,0.0,0.5,7.5
rs185201233,Ensembl VEP (dbSNP),rs185201233,rs185201233,,X,47221909.0,A,C,rs185201233,ENST00000357227.9:c.-6-1643A>C,,ENST00000357227,NP_006192.1,,,,,other,intron_variant,,,,,,,,,,,none,,,,,0.0,0.0,0.0,0.0,0.0,0.0,0.75,11.25
rs185092328,Ensembl VEP (dbSNP),rs185092328,rs185092328,,X,47221521.0,G,A,rs185092328,ENST00000357227.9:c.-6-2031G>A,,ENST00000357227,NP_006192.1,,,,,other,intron_variant,,,,,,,,,,,none,,,,,0.0,0.0,0.0,0.0,0.0,0.0,0.75,11.25
rs185061759,Ensembl VEP (dbSNP),rs185061759,rs185061759,,X,47219146.0,T,C,rs185061759,,,ENST00000335972,NP_006192.1,,,,,other,downstream_gene_variant,,,,,,,,,,,none,,,,,0.0,0.0,0.0,0.0,0.0,0.0,0.5,7.5
rs184472500,Ensembl VEP (dbSNP),rs184472500,rs184472500,,X,47226021.0,C,T,rs184472500,ENST00000357227.9:c.786C>T,ENSP00000349762.4:p.Asn262=,ENST00000357227,NP_006192.1,262.0,,,,synonymous,synonymous_variant,,,,,,,,,,Protein kinase,none,1.0,2.0,,,0.0,0.0,1.0,0.25,0.6,0.0,1.0,39.75
rs184270862,Ensembl VEP (dbSNP),rs184270862,rs184270862,,X,47229173.0,G,A,rs184270862,ENST00000357227.9:c.*405G>A,,ENST00000357227,NP_006192.1,,,,,other,3_prime_UTR_variant,,,,,,,,,,,none,,,,,0.0,0.0,0.0,0.0,0.0,0.0,0.75,11.25
rs184059826,Ensembl VEP (dbSNP),rs184059826,rs184059826,,X,47227365.0,G,A,rs184059826,ENST00000357227.9:c.1285-14G>A,,ENST00000357227,NP_006192.1,,,,,splice,splice_polypyrimidine_tract_variant;intron_variant,,,,,,,,,,,none,,,,,0.0,0.0,0.0,0.0,0.0,0.0,0.75,11.25
rs183800667,Ensembl VEP (dbSNP),rs183800667,rs183800667,,X,47219401.0,A,T,rs183800667,,,ENST00000335972,NP_006192.1,,,,,other,downstream_gene_variant,,,,,,,,,,,none,,,,,0.0,0.0,0.0,0.0,0.0,0.0,0.5,7.5
rs183649419,Ensembl VEP (dbSNP),rs183649419,rs183649419,,X,47216697.0,A,G,rs183649419,,,ENST00000335972,NP_006192.1,,,,,other,downstream_gene_variant,,,,,,,,,,,none,,,,,0.0,0.0,0.0,0.0,0.0,0.0,0.5,7.5
rs183545946,Ensembl VEP (dbSNP),rs183545946,rs183545946,,X,47220005.0,C,G,rs183545946,,,ENST00000335972,NP_006192.1,,,,,other,downstream_gene_variant,,,,,,,,,,,none,,,,,0.0,0.0,0.0,0.0,0.0,0.0,0.5,7.5
rs183454877,Ensembl VEP (dbSNP),rs183454877,rs183454877,,X,47223916.0,C,T,rs183454877,ENST00000357227.9:c.202+157C>T,,ENST00000357227,NP_006192.1,,,,,other,intron_variant,,,,,,,,,,,none,,,,,0.0,0.0,0.0,0.0,0.0,0.0,0.75,11.25
rs182755872,Ensembl VEP (dbSNP),rs182755872,rs182755872,,X,47230317.0,G,A,rs182755872,,,ENST00000357227,NP_006192.1,,,,,other,downstream_gene_variant,,,,,,,,,,,none,,,,,0.0,0.0,0.0,0.0,0.0,0.0,0.5,7.5
rs182672424,Ensembl VEP (dbSNP),rs182672424,rs182672424,,X,47225538.0,C,A,rs182672424,ENST00000357227.9:c.635-234C>A,,ENST00000357227,NP_006192.1,,,,,other,intron_variant,,,,,,,,,,,none,,,,,0.0,0.0,0.0,0.0,0.0,0.0,0.75,11.25
rs182623103,Ensembl VEP (dbSNP),rs182623103,rs182623103,,X,47224938.0,A,G,rs182623103,ENST00000357227.9:c.519+48A>G,,ENST00000357227,NP_006192.1,,,,,other,intron_variant,,,,,,,,,,,none,,,,,0.0,0.0,0.0,0.0,0.0,0.0,0.75,11.25
rs182486583,Ensembl VEP (dbSNP),rs182486583,rs182486583,,X,47220406.0,G,A,rs182486583,ENST00000357227.9:c.-7+1301G>A,,ENST00000357227,NP_006192.1,,,,,other,intron_variant,,,,,,,,,,,none,,,,,0.0,0.0,0.0,0.0,0.0,0.0,0.75,11.25
rs182364342,Ensembl VEP (dbSNP),rs182364342,rs182364342,,X,47229504.0,C,A,rs182364342,ENST00000357227.9:c.*736C>A,,ENST00000357227,NP_006192.1,,,,,other,3_prime_UTR_variant,,,,,,,,,,,none,,,,,0.0,0.0,0.0,0.0,0.0,0.0,0.75,11.25
rs181515968,Ensembl VEP (dbSNP),rs181515968,rs181515968,,X,47217467.0,G,C,rs181515968,,,ENST00000335972,NP_006192.1,,,,,other,downstream_gene_variant,,,,,,,,,,,none,,,,,0.0,0.0,0.0,0.0,0.0,0.0,0.5,7.5
rs181514107,Ensembl VEP (dbSNP),rs181514107,rs181514107,,X,47230080.0,C,T,rs181514107,,,ENST00000357227,NP_006192.1,,,,,other,downstream_gene_variant,,,,,,,,,,,none,,,,,0.0,0.0,0.0,0.0,0.0,0.0,0.5,7.5
rs181159376,Ensembl VEP (dbSNP),rs181159376,rs181159376,,X,47221838.0,C,T,rs181159376,ENST00000357227.9:c.-6-1714C>T,,ENST00000357227,NP_006192.1,,,,,other,intron_variant,,,,,,,,,,,none,,,,,0.0,0.0,0.0,0.0,0.0,0.0,0.75,11.25
rs180903143,Ensembl VEP (dbSNP),rs180903143,rs180903143,,X,47228998.0,C,T,rs180903143,ENST00000357227.9:c.*230C>T,,ENST00000357227,NP_006192.1,,,,,other,3_prime_UTR_variant,,,,,,,,,,,none,,,,,0.0,0.0,0.0,0.0,0.0,0.0,0.75,11.25
rs180848276,Ensembl VEP (dbSNP),rs180848276,rs180848276,,X,47219020.0,A,G,rs180848276,,,ENST00000335972,NP_006192.1,,,,,other,downstream_gene_variant,,,,,,,,,,,none,,,,,0.0,0.0,0.0,0.0,0.0,0.0,0.5,7.5
rs180754755,Ensembl VEP (dbSNP),rs180754755,rs180754755,,X,47223582.0,C,T,rs180754755,ENST00000357227.9:c.25C>T,ENSP00000349762.4:p.Arg9Trp,ENST00000357227,NP_006192.1,9.0,R,W,R9W,missense,missense_variant,,,,,,0.0,deleterious_low_confidence,0.959,probably_damaging,Disordered,none,1.0,2.0,0.9822,PATHOGENIC,0.0,0.9822,1.0,0.25,0.3,0.0,1.0,51.48
rs151248551,Ensembl VEP (dbSNP),rs151248551,rs151248551,,X,47223709.0,C,G,rs151248551,ENST00000357227.9:c.152C>G,ENSP00000349762.4:p.Ala51Gly,ENST00000357227,NP_006192.1,51.0,A,G,A51G,missense,missense_variant,,,,,,0.16,tolerated_low_confidence,0.0,benign,Disordered,none,1.0,2.0,0.0671,BENIGN,0.0,0.0671,1.0,0.25,0.3,0.0,1.0,37.76
rs150747165,Ensembl VEP (dbSNP),rs150747165,rs150747165,,X,47220742.0,C,T,rs150747165,ENST00000357227.9:c.-7+1637C>T,,ENST00000357227,NP_006192.1,,,,,other,intron_variant,,,,,,,,,,,none,,,,,0.0,0.0,0.0,0.0,0.0,0.0,0.75,11.25
rs150592412,Ensembl VEP (dbSNP),rs150592412,rs150592412,,X,47225435.0,C,G,rs150592412,ENST00000357227.9:c.634+333C>G,,ENST00000357227,NP_006192.1,,,,,other,intron_variant,,,,,,,,,,,none,,,,,0.0,0.0,0.0,0.0,0.0,0.0,0.75,11.25
rs149245456,Ensembl VEP (dbSNP),rs149245456,rs149245456,3044995,X,47226016.0,C,T,rs149245456,ENST00000357227.9:c.781C>T,ENSP00000349762.4:p.His261Tyr,ENST00000357227,NP_006192.1,261.0,H,Y,H261Y,missense,missense_variant,Benign,no assertion criteria provided,CDK16-related disorder,,,0.03,deleterious_low_confidence,0.042,benign,Protein kinase,none,1.0,2.0,0.0898,BENIGN,0.2,0.0898,1.0,0.25,0.6,0.0,1.0,45.1
rs149008296,Ensembl VEP (dbSNP),rs149008296,rs149008296,3141514,X,47226322.0,G,A,rs149008296,ENST00000357227.9:c.836G>A,ENSP00000349762.4:p.Arg279Gln,ENST00000357227,NP_006192.1,279.0,R,Q,R279Q,missense,missense_variant,Uncertain significance,"criteria provided, single submitter",not specified,,,0.03,deleterious_low_confidence,0.152,benign,Protein kinase,none,1.0,2.0,0.0775,BENIGN,0.6,0.0775,1.0,0.25,0.6,0.0,1.0,52.91
rs148205143,Ensembl VEP (dbSNP),rs148205143,rs148205143,2589900,X,47227053.0,A,G,rs148205143,ENST00000357227.9:c.1195A>G,ENSP00000349762.4:p.Asn399Asp,ENST00000357227,NP_006192.1,399.0,N,D,N399D,missense,missense_variant,Uncertain significance,"criteria provided, single submitter",not specified,,,0.01,deleterious_low_confidence,0.014,benign,Protein kinase,none,1.0,2.0,0.1182,BENIGN,0.6,0.1182,1.0,0.25,0.6,0.0,1.0,53.52
rs147884170,Ensembl VEP (dbSNP),rs147884170,rs147884170,,X,47229264.0,TTTTTTTTTTTTT,TTTTTTTT,rs147884170,ENST00000357227.9:c.*504_*508del,,ENST00000357227,NP_006192.1,,,,,other,3_prime_UTR_variant,,,,,,,,,,,none,,,,,0.0,0.0,0.0,0.0,0.0,0.0,0.75,11.25
rs147728809,Ensembl VEP (dbSNP),rs147728809,rs147728809,,X,47221520.0,C,G,rs147728809,ENST00000357227.9:c.-6-2032C>G,,ENST00000357227,NP_006192.1,,,,,other,intron_variant,,,,,,,,,,,none,,,,,0.0,0.0,0.0,0.0,0.0,0.0,0.75,11.25
rs147385118,Ensembl VEP (dbSNP),rs147385118,rs147385118,2358570,X,47227191.0,G,A,rs147385118,ENST00000357227.9:c.1252G>A,ENSP00000349762.4:p.Asp418Asn,ENST00000357227,NP_006192.1,418.0,D,N,D418N,missense,missense_variant,Uncertain significance,"criteria provided, single submitter",not specified,,,0.01,deleterious_low_confidence,0.453,possibly_damaging,Protein kinase,none,1.0,2.0,0.0926,BENIGN,0.6,0.0926,1.0,0.25,0.6,0.0,1.0,53.14
rs146600180,Ensembl VEP (dbSNP),rs146600180,rs146600180,3041070,X,47224633.0,C,T,rs146600180,ENST00000357227.9:c.352C>T,ENSP00000349762.4:p.Leu118=,ENST00000357227,NP_006192.1,118.0,,,,synonymous,synonymous_variant,Likely benign,no assertion criteria provided,CDK16-related disorder,,,,,,,,none,1.0,2.0,,,0.2,0.0,1.0,0.0,0.0,0.0,1.0,34.0
rs145691570,Ensembl VEP (dbSNP),rs145691570,rs145691570,,X,47222452.0,G,A,rs145691570,ENST00000357227.9:c.-6-1100G>A,,ENST00000357227,NP_006192.1,,,,,other,intron_variant,,,,,,,,,,,none,,,,,0.0,0.0,0.0,0.0,0.0,0.0,0.75,11.25
rs145546830,Ensembl VEP (dbSNP),rs145546830,rs145546830,,X,47221135.0,A,G,rs145546830,ENST00000357227.9:c.-7+2030A>G,,ENST00000357227,NP_006192.1,,,,,other,intron_variant,,,,,,,,,,,none,,,,,0.0,0.0,0.0,0.0,0.0,0.0,0.75,11.25
rs145164365,Ensembl VEP (dbSNP),rs145164365,rs145164365,2660414,X,47226815.0,T,C,rs145164365,ENST00000357227.9:c.1041T>C,ENSP00000349762.4:p.Gly347=,ENST00000357227,NP_006192.1,347.0,,,,synonymous,synonymous_variant,Likely benign,"criteria provided, single submitter",not provided,,,,,,,Protein kinase,none,1.0,2.0,,,0.2,0.0,1.0,0.25,0.6,0.0,1.0,43.75
rs145117961,Ensembl VEP (dbSNP),rs145117961,rs145117961,,X,47225864.0,C,T,rs145117961,ENST00000357227.9:c.727C>T,ENSP00000349762.4:p.Leu243=,ENST00000357227,NP_006192.1,243.0,,,,synonymous,splice_region_variant;synonymous_variant,,,,,,,,,,Protein kinase,none,1.0,2.0,,,0.0,0.0,1.0,0.25,0.6,0.0,1.0,39.75
rs144950782,Ensembl VEP (dbSNP),rs144950782,rs144950782,,X,47222130.0,G,A,rs144950782,ENST00000357227.9:c.-6-1422G>A,,ENST00000357227,NP_006192.1,,,,,other,intron_variant,,,,,,,,,,,none,,,,,0.0,0.0,0.0,0.0,0.0,0.0,0.75,11.25
rs144466284,Ensembl VEP (dbSNP),rs144466284,rs144466284,,X,47226229.0,C,T,rs144466284,ENST00000357227.9:c.793-50C>T,,ENST00000357227,NP_006192.1,,,,,other,intron_variant,,,,,,,,,,,none,,,,,0.0,0.0,0.0,0.0,0.0,0.0,0.75,11.25
rs144332889,Ensembl VEP (dbSNP),rs144332889,rs144332889,4490408,X,47224425.0,G,A,rs144332889,ENST00000357227.9:c.243G>A,ENSP00000349762.4:p.Glu81=,ENST00000357227,NP_006192.1,81.0,,,,synonymous,synonymous_variant,,,,,,,,,,Disordered,binding_site,1.0,2.0,,,0.0,0.0,1.0,0.5,0.3,0.0,1.0,40.5
rs143860702,Ensembl VEP (dbSNP),rs143860702,rs143860702,,X,47218322.0,T,A,rs143860702,,,ENST00000335972,NP_006192.1,,,,,other,downstream_gene_variant,,,,,,,,,,,none,,,,,0.0,0.0,0.0,0.0,0.0,0.0,0.5,7.5
rs143590243,Ensembl VEP (dbSNP),rs143590243,rs143590243,,X,47228759.0,C,G,rs143590243,ENST00000357227.9:c.1482C>G,ENSP00000349762.4:p.Thr494=,ENST00000357227,NP_006192.1,494.0,,,,synonymous,synonymous_variant,,,,,,,,,,,none,1.0,2.0,,,0.0,0.0,1.0,0.0,0.0,0.0,1.0,30.0
rs143027171,Ensembl VEP (dbSNP),rs143027171,rs143027171,,X,47227051.0,A,G,rs143027171,ENST00000357227.9:c.1193A>G,ENSP00000349762.4:p.Tyr398Cys,ENST00000357227,NP_006192.1,398.0,Y,C,Y398C,missense,missense_variant,,,,,,0.02,deleterious_low_confidence,0.224,benign,Protein kinase,none,1.0,2.0,0.1122,BENIGN,0.0,0.1122,1.0,0.25,0.6,0.0,1.0,41.43
rs142742095,Ensembl VEP (dbSNP),rs142742095,rs142742095,,X,47227091.0,C,T,rs142742095,ENST00000357227.9:c.1233C>T,ENSP00000349762.4:p.His411=,ENST00000357227,NP_006192.1,411.0,,,,synonymous,synonymous_variant,,,,,,,,,,Protein kinase,none,1.0,2.0,,,0.0,0.0,1.0,0.25,0.6,0.0,1.0,39.75
rs142436046,Ensembl VEP (dbSNP),rs142436046,rs142436046,,X,47228055.0,T,C,rs142436046,ENST00000357227.9:c.1376-512T>C,,ENST00000357227,NP_006192.1,,,,,other,intron_variant,,,,,,,,,,,none,,,,,0.0,0.0,0.0,0.0,0.0,0.0,0.75,11.25
rs142251178,Ensembl VEP (dbSNP),rs142251178,rs142251178,2470195,X,47223706.0,G,A,rs142251178,ENST00000357227.9:c.149G>A,ENSP00000349762.4:p.Arg50His,ENST00000357227,NP_006192.1,50.0,R,H,R50H,missense,missense_variant,Uncertain significance,"criteria provided, single submitter",not specified,,,0.17,tolerated_low_confidence,0.24,benign,Disordered,none,1.0,2.0,0.1097,BENIGN,0.6,0.1097,1.0,0.25,0.3,0.0,1.0,50.4
rs142094840,Ensembl VEP (dbSNP),rs142094840,rs142094840,,X,47219540.0,G,A,rs142094840,,,ENST00000335972,NP_006192.1,,,,,other,downstream_gene_variant,,,,,,,,,,,none,,,,,0.0,0.0,0.0,0.0,0.0,0.0,0.5,7.5
rs141318341,Ensembl VEP (dbSNP),rs141318341,rs141318341,,X,47223377.0,T,A,rs141318341,ENST00000357227.9:c.-6-175T>A,,ENST00000357227,NP_006192.1,,,,,other,intron_variant,,,,,,,,,,,none,,,,,0.0,0.0,0.0,0.0,0.0,0.0,0.75,11.25
rs140496175,Ensembl VEP (dbSNP),rs140496175,rs140496175,,X,47223724.0,T,A,rs140496175,ENST00000357227.9:c.167T>A,ENSP00000349762.4:p.Leu56His,ENST00000357227,NP_006192.1,56.0,L,H,L56H,missense,missense_variant,,,,,,0.07,tolerated_low_confidence,0.0,benign,Disordered,none,1.0,2.0,0.0913,BENIGN,0.0,0.0913,1.0,0.25,0.3,0.0,1.0,38.12
rs140033095,Ensembl VEP (dbSNP),rs140033095,rs140033095,,X,47220871.0,G,A,rs140033095,ENST00000357227.9:c.-7+1766G>A,,ENST00000357227,NP_006192.1,,,,,other,intron_variant,,,,,,,,,,,none,,,,,0.0,0.0,0.0,0.0,0.0,0.0,0.75,11.25
rs139400183,Ensembl VEP (dbSNP),rs139400183,rs139400183,,X,47216857.0,A,C,rs139400183,,,ENST00000335972,NP_006192.1,,,,,other,downstream_gene_variant,,,,,,,,,,,none,,,,,0.0,0.0,0.0,0.0,0.0,0.0,0.5,7.5
rs138923813,Ensembl VEP (dbSNP),rs138923813,rs138923813,,X,47226003.0,C,T,rs138923813,ENST00000357227.9:c.768C>T,ENSP00000349762.4:p.Asn256=,ENST00000357227,NP_006192.1,256.0,,,,synonymous,synonymous_variant,,,,,,,,,,Protein kinase,none,1.0,2.0,,,0.0,0.0,1.0,0.25,0.6,0.0,1.0,39.75
rs138055902,Ensembl VEP (dbSNP),rs138055902,rs138055902,790236,X,47224750.0,A,T,rs138055902,ENST00000357227.9:c.462+7A>T,,ENST00000357227,NP_006192.1,,,,,splice,splice_region_variant;intron_variant,Benign,"criteria provided, single submitter",not provided,,,,,,,,none,,,,,0.2,0.0,0.0,0.0,0.0,0.0,0.75,15.25
rs138033019,Ensembl VEP (dbSNP),rs138033019,rs138033019,,X,47227217.0,G,C,rs138033019,ENST00000357227.9:c.1278G>C,ENSP00000349762.4:p.Leu426=,ENST00000357227,NP_006192.1,426.0,,,,synonymous,synonymous_variant,,,,,,,,,,Protein kinase,none,1.0,2.0,,,0.0,0.0,1.0,0.25,0.6,0.0,1.0,39.75
rs113804788,Ensembl VEP (dbSNP),rs113804788,rs113804788,,X,47218736.0,C,G,rs113804788,,,ENST00000335972,NP_006192.1,,,,,other,downstream_gene_variant,,,,,,,,,,,none,,,,,0.0,0.0,0.0,0.0,0.0,0.0,0.5,7.5
rs113769795,Ensembl VEP (dbSNP),rs113769795,rs113769795,4490467,X,47227224.0,G,C,rs113769795,ENST00000357227.9:c.1284+1G>C,,ENST00000357227,NP_006192.1,,,,,splice,splice_donor_variant,,,,,,,,,,,none,,,,,0.0,0.0,0.0,0.0,0.0,0.0,0.75,11.25
rs113683836,Ensembl VEP (dbSNP),rs113683836,rs113683836,,X,47228280.0,T,C,rs113683836,ENST00000357227.9:c.1376-287T>C,,ENST00000357227,NP_006192.1,,,,,other,intron_variant,,,,,,,,,,,none,,,,,0.0,0.0,0.0,0.0,0.0,0.0,0.75,11.25
rs113461071,Ensembl VEP (dbSNP),rs113461071,rs113461071,,X,47229077.0,C,A,rs113461071,ENST00000357227.9:c.*309C>A,,ENST00000357227,NP_006192.1,,,,,other,3_prime_UTR_variant,,,,,,,,,,,none,,,,,0.0,0.0,0.0,0.0,0.0,0.0,0.75,11.25
rs113210613,Ensembl VEP (dbSNP),rs113210613,rs113210613,,X,47229089.0,C,A,rs113210613,ENST00000357227.9:c.*321C>A,,ENST00000357227,NP_006192.1,,,,,other,3_prime_UTR_variant,,,,,,,,,,,none,,,,,0.0,0.0,0.0,0.0,0.0,0.0,0.75,11.25
rs113078069,Ensembl VEP (dbSNP),rs113078069,rs113078069,,X,47217610.0,T,A,rs113078069,,,ENST00000335972,NP_006192.1,,,,,other,downstream_gene_variant,,,,,,,,,,,none,,,,,0.0,0.0,0.0,0.0,0.0,0.0,0.5,7.5
rs113008573,Ensembl VEP (dbSNP),rs113008573,rs113008573,4490432,X,47226028.0,G,C,rs113008573,ENST00000357227.9:c.792+1G>C,,ENST00000357227,NP_006192.1,,,,,splice,splice_donor_variant,,,,,,,,,,,none,,,,,0.0,0.0,0.0,0.0,0.0,0.0,0.75,11.25
rs112889618,Ensembl VEP (dbSNP),rs112889618,rs112889618,,X,47218805.0,A,C,rs112889618,,,ENST00000335972,NP_006192.1,,,,,other,downstream_gene_variant,,,,,,,,,,,none,,,,,0.0,0.0,0.0,0.0,0.0,0.0,0.5,7.5
rs111617001,Ensembl VEP (dbSNP),rs111617001,rs111617001,,X,47229885.0,C,T,rs111617001,ENST00000357227.9:c.*1117C>T,,ENST00000357227,NP_006192.1,,,,,other,3_prime_UTR_variant,,,,,,,,,,,none,,,,,0.0,0.0,0.0,0.0,0.0,0.0,0.75,11.25
rs77787977,Ensembl VEP (dbSNP),rs77787977,rs77787977,,X,47222784.0,A,C,rs77787977,ENST00000357227.9:c.-6-768A>C,,ENST00000357227,NP_006192.1,,,,,other,intron_variant,,,,,,,,,,,none,,,,,0.0,0.0,0.0,0.0,0.0,0.0,0.75,11.25
rs77254092,Ensembl VEP (dbSNP),rs77254092,rs77254092,,X,47227921.0,A,C,rs77254092,ENST00000357227.9:c.1375+452A>C,,ENST00000357227,NP_006192.1,,,,,other,intron_variant,,,,,,,,,,,none,,,,,0.0,0.0,0.0,0.0,0.0,0.0,0.75,11.25
rs76740430,Ensembl VEP (dbSNP),rs76740430,rs76740430,,X,47216662.0,GTCTACCA,-,rs76740430,,,ENST00000335972,NP_006192.1,,,,,other,downstream_gene_variant,,,,,,,,,,,none,,,,,0.0,0.0,0.0,0.0,0.0,0.0,0.5,7.5
rs75118989,Ensembl VEP (dbSNP),rs75118989,rs75118989,,X,47228327.0,G,A,rs75118989,ENST00000357227.9:c.1376-240G>A,,ENST00000357227,NP_006192.1,,,,,other,intron_variant,,,,,,,,,,,none,,,,,0.0,0.0,0.0,0.0,0.0,0.0,0.75,11.25
rs73630266,Ensembl VEP (dbSNP),rs73630266,rs73630266,,X,47229041.0,G,A,rs73630266,ENST00000357227.9:c.*273G>A,,ENST00000357227,NP_006192.1,,,,,other,3_prime_UTR_variant,,,,,,,,,,,none,,,,,0.0,0.0,0.0,0.0,0.0,0.0,0.75,11.25
rs73630265,Ensembl VEP (dbSNP),rs73630265,rs73630265,,X,47216417.0,T,C,rs73630265,,,ENST00000335972,NP_006192.1,,,,,other,downstream_gene_variant,,,,,,,,,,,none,,,,,0.0,0.0,0.0,0.0,0.0,0.0,0.5,7.5
rs73486234,Ensembl VEP (dbSNP),rs73486234,rs73486234,,X,47225556.0,C,T,rs73486234,ENST00000357227.9:c.635-216C>T,,ENST00000357227,NP_006192.1,,,,,other,intron_variant,,,,,,,,,,,none,,,,,0.0,0.0,0.0,0.0,0.0,0.0,0.75,11.25
rs72616718,Ensembl VEP (dbSNP),rs72616718,rs72616718,,X,47217123.0,T,G,rs72616718,,,ENST00000335972,NP_006192.1,,,,,other,downstream_gene_variant,,,,,,,,,,,none,,,,,0.0,0.0,0.0,0.0,0.0,0.0,0.5,7.5
rs60095090,Ensembl VEP (dbSNP),rs60095090,rs60095090,,X,47222825.0,C,A,rs60095090,ENST00000357227.9:c.-6-727C>A,,ENST00000357227,NP_006192.1,,,,,other,intron_variant,,,,,,,,,,,none,,,,,0.0,0.0,0.0,0.0,0.0,0.0,0.75,11.25
rs58622279,Ensembl VEP (dbSNP),rs58622279,rs58622279,,X,47225367.0,C,T,rs58622279,ENST00000357227.9:c.634+265C>T,,ENST00000357227,NP_006192.1,,,,,other,intron_variant,,,,,,,,,,,none,,,,,0.0,0.0,0.0,0.0,0.0,0.0,0.75,11.25
rs58501580,Ensembl VEP (dbSNP),rs58501580,rs58501580,3059606,X,47224638.0,A,G,rs58501580,ENST00000357227.9:c.357A>G,ENSP00000349762.4:p.Ser119=,ENST00000357227,NP_006192.1,119.0,,,,synonymous,synonymous_variant,Benign,no assertion criteria provided,CDK16-related disorder,,,,,,,,none,1.0,2.0,,,0.2,0.0,1.0,0.0,0.0,0.0,1.0,34.0
rs57220844,Ensembl VEP (dbSNP),rs57220844,rs57220844,,X,47226948.0,G,A,rs57220844,ENST00000357227.9:c.1135+39G>A,,ENST00000357227,NP_006192.1,,,,,other,intron_variant,,,,,,,,,,,none,,,,,0.0,0.0,0.0,0.0,0.0,0.0,0.75,11.25
rs56416316,Ensembl VEP (dbSNP),rs56416316,rs56416316,,X,47222850.0,G,T,rs56416316,ENST00000357227.9:c.-6-702G>T,,ENST00000357227,NP_006192.1,,,,,other,intron_variant,,,,,,,,,,,none,,,,,0.0,0.0,0.0,0.0,0.0,0.0,0.75,11.25
rs56390034,Ensembl VEP (dbSNP),rs56390034,rs56390034,,X,47225886.0,G,T,rs56390034,ENST00000357227.9:c.729+20G>T,,ENST00000357227,NP_006192.1,,,,,other,intron_variant,,,,,,,,,,,none,,,,,0.0,0.0,0.0,0.0,0.0,0.0,0.75,11.25
rs56305408,Ensembl VEP (dbSNP),rs56305408,rs56305408,,X,47225797.0,C,T,rs56305408,ENST00000357227.9:c.660C>T,ENSP00000349762.4:p.His220=,ENST00000357227,NP_006192.1,220.0,,,,synonymous,synonymous_variant,,,,,,,,,,Protein kinase,none,1.0,2.0,,,0.0,0.0,1.0,0.25,0.6,0.0,1.0,39.75
rs55955853,Ensembl VEP (dbSNP),rs55955853,rs55955853,,X,47230275.0,G,A,rs55955853,,,ENST00000357227,NP_006192.1,,,,,other,downstream_gene_variant,,,,,,,,,,,none,,,,,0.0,0.0,0.0,0.0,0.0,0.0,0.5,7.5
rs55938641,Ensembl VEP (dbSNP),rs55938641,rs55938641,,X,47216662.0,GTCTACCA,-,rs55938641,,,ENST00000335972,NP_006192.1,,,,,other,downstream_gene_variant,,,,,,,,,,,none,,,,,0.0,0.0,0.0,0.0,0.0,0.0,0.5,7.5
rs41305365,Ensembl VEP (dbSNP),rs41305365,rs41305365,,X,47218704.0,G,A,rs41305365,,,ENST00000335972,NP_006192.1,,,,,other,downstream_gene_variant,,,,,,,,,,,none,,,,,0.0,0.0,0.0,0.0,0.0,0.0,0.5,7.5
rs41305363,Ensembl VEP (dbSNP),rs41305363,rs41305363,,X,47226274.0,C,T,rs41305363,ENST00000357227.9:c.793-5C>T,,ENST00000357227,NP_006192.1,,,,,splice,splice_region_variant;splice_polypyrimidine_tract_variant;intron_variant,,,,,,,,,,,none,,,,,0.0,0.0,0.0,0.0,0.0,0.0,0.75,11.25
rs41305231,Ensembl VEP (dbSNP),rs41305231,rs41305231,4490479,X,47228413.0,G,T,rs41305231,ENST00000357227.9:c.1376-154G>T,,ENST00000357227,NP_006192.1,,,,,other,intron_variant,,,,,,,,,,,none,,,,,0.0,0.0,0.0,0.0,0.0,0.0,0.75,11.25
rs35585562,Ensembl VEP (dbSNP),rs35585562,rs35585562,,X,47216907.0,-,G,rs35585562,,,ENST00000335972,NP_006192.1,,,,,other,downstream_gene_variant,,,,,,,,,,,none,,,,,0.0,0.0,0.0,0.0,0.0,0.0,0.5,7.5
rs35558089,Ensembl VEP (dbSNP),rs35558089,rs35558089,,X,47224590.0,-,A,rs35558089,ENST00000357227.9:c.337-29_337-28insA,,ENST00000357227,NP_006192.1,,,,,other,intron_variant,,,,,,,,,,,none,,,,,0.0,0.0,0.0,0.0,0.0,0.0,0.75,11.25
rs33927416,Ensembl VEP (dbSNP),rs33927416,rs33927416,,X,47227283.0,CCCCCCCCC,CCCCCCC,rs33927416,ENST00000357227.9:c.1284+67_1284+68del,,ENST00000357227,NP_006192.1,,,,,other,intron_variant,,,,,,,,,,,none,,,,,0.0,0.0,0.0,0.0,0.0,0.0,0.75,11.25
rs17849406,Ensembl VEP (dbSNP),rs17849406,rs17849406,,X,47225779.0,G,A,rs17849406,ENST00000357227.9:c.642G>A,ENSP00000349762.4:p.Leu214=,ENST00000357227,NP_006192.1,214.0,,,,synonymous,synonymous_variant,,,,,,,,,,Protein kinase,none,1.0,2.0,,,0.0,0.0,1.0,0.25,0.6,0.0,1.0,39.75
rs17550472,Ensembl VEP (dbSNP),rs17550472,rs17550472,,X,47223273.0,C,T,rs17550472,ENST00000357227.9:c.-6-279C>T,,ENST00000357227,NP_006192.1,,,,,other,intron_variant,,,,,,,,,,,none,,,,,0.0,0.0,0.0,0.0,0.0,0.0,0.75,11.25
rs12840549,Ensembl VEP (dbSNP),rs12840549,rs12840549,,X,47217862.0,G,A,rs12840549,,,ENST00000335972,NP_006192.1,,,,,other,downstream_gene_variant,,,,,,,,,,,none,,,,,0.0,0.0,0.0,0.0,0.0,0.0,0.5,7.5
rs12391384,Ensembl VEP (dbSNP),rs12391384,rs12391384,,X,47219423.0,G,C,rs12391384,,,ENST00000335972,NP_006192.1,,,,,other,downstream_gene_variant,,,,,,,,,,,none,,,,,0.0,0.0,0.0,0.0,0.0,0.0,0.5,7.5
rs11796723,Ensembl VEP (dbSNP),rs11796723,rs11796723,,X,47228051.0,A,C,rs11796723,ENST00000357227.9:c.1376-516A>C,,ENST00000357227,NP_006192.1,,,,,other,intron_variant,,,,,,,,,,,none,,,,,0.0,0.0,0.0,0.0,0.0,0.0,0.75,11.25
rs7887940,Ensembl VEP (dbSNP),rs7887940,rs7887940,,X,47224970.0,C,T,rs7887940,ENST00000357227.9:c.520-18C>T,,ENST00000357227,NP_006192.1,,,,,other,intron_variant,,,,,,,,,,,none,,,,,0.0,0.0,0.0,0.0,0.0,0.0,0.75,11.25
rs7879149,Ensembl VEP (dbSNP),rs7879149,rs7879149,3059282,X,47223121.0,A,G,rs7879149,ENST00000357227.9:c.-6-431A>G,,ENST00000357227,NP_006192.1,,,,,other,intron_variant,Benign,no assertion criteria provided,CDK16-related disorder,,,,,,,,none,,,,,0.2,0.0,0.0,0.0,0.0,0.0,0.75,15.25
rs7056407,Ensembl VEP (dbSNP),rs7056407,rs7056407,,X,47217284.0,A,G,rs7056407,,,ENST00000335972,NP_006192.1,,,,,other,downstream_gene_variant,,,,,,,,,,,none,,,,,0.0,0.0,0.0,0.0,0.0,0.0,0.5,7.5
rs7053262,Ensembl VEP (dbSNP),rs7053262,rs7053262,,X,47227117.0,G,T,rs7053262,ENST00000357227.9:c.1241+18G>T,,ENST00000357227,NP_006192.1,,,,,other,intron_variant,,,,,,,,,,,none,,,,,0.0,0.0,0.0,0.0,0.0,0.0,0.75,11.25
rs6611348,Ensembl VEP (dbSNP),rs6611348,rs6611348,,X,47221595.0,C,A,rs6611348,ENST00000357227.9:c.-6-1957C>A,,ENST00000357227,NP_006192.1,,,,,other,intron_variant,,,,,,,,,,,none,,,,,0.0,0.0,0.0,0.0,0.0,0.0,0.75,11.25
rs6521183,Ensembl VEP (dbSNP),rs6521183,rs6521183,,X,47222850.0,G,T,rs6521183,ENST00000357227.9:c.-6-702G>T,,ENST00000357227,NP_006192.1,,,,,other,intron_variant,,,,,,,,,,,none,,,,,0.0,0.0,0.0,0.0,0.0,0.0,0.75,11.25
rs6417923,Ensembl VEP (dbSNP),rs6417923,rs6417923,,X,47226948.0,G,A,rs6417923,ENST00000357227.9:c.1135+39G>A,,ENST00000357227,NP_006192.1,,,,,other,intron_variant,,,,,,,,,,,none,,,,,0.0,0.0,0.0,0.0,0.0,0.0,0.75,11.25
rs5953015,Ensembl VEP (dbSNP),rs5953015,rs5953015,3059282,X,47223121.0,A,G,rs5953015,ENST00000357227.9:c.-6-431A>G,,ENST00000357227,NP_006192.1,,,,,other,intron_variant,Benign,no assertion criteria provided,CDK16-related disorder,,,,,,,,none,,,,,0.2,0.0,0.0,0.0,0.0,0.0,0.75,15.25
rs5953014,Ensembl VEP (dbSNP),rs5953014,rs5953014,,X,47222850.0,G,T,rs5953014,ENST00000357227.9:c.-6-702G>T,,ENST00000357227,NP_006192.1,,,,,other,intron_variant,,,,,,,,,,,none,,,,,0.0,0.0,0.0,0.0,0.0,0.0,0.75,11.25
rs5953013,Ensembl VEP (dbSNP),rs5953013,rs5953013,,X,47221400.0,A,C,rs5953013,ENST00000357227.9:c.-6-2152A>C,,ENST00000357227,NP_006192.1,,,,,other,intron_variant,,,,,,,,,,,none,,,,,0.0,0.0,0.0,0.0,0.0,0.0,0.75,11.25
rs5952422,Ensembl VEP (dbSNP),rs5952422,rs5952422,3059606,X,47224638.0,A,G,rs5952422,ENST00000357227.9:c.357A>G,ENSP00000349762.4:p.Ser119=,ENST00000357227,NP_006192.1,119.0,,,,synonymous,synonymous_variant,Benign,no assertion criteria provided,CDK16-related disorder,,,,,,,,none,1.0,2.0,,,0.2,0.0,1.0,0.0,0.0,0.0,1.0,34.0
rs5906358,Ensembl VEP (dbSNP),rs5906358,rs5906358,,X,47226655.0,C,T,rs5906358,ENST00000357227.9:c.989C>T,ENSP00000349762.4:p.Pro330Leu,ENST00000357227,NP_006192.1,330.0,P,L,P330L,missense,missense_variant,,,,,,0.0,deleterious_low_confidence,0.99,probably_damaging,Protein kinase,none,1.0,2.0,0.9895,PATHOGENIC,0.0,0.9895,1.0,0.25,0.6,0.0,1.0,54.59
rs5906357,Ensembl VEP (dbSNP),rs5906357,rs5906357,,X,47221595.0,C,A,rs5906357,ENST00000357227.9:c.-6-1957C>A,,ENST00000357227,NP_006192.1,,,,,other,intron_variant,,,,,,,,,,,none,,,,,0.0,0.0,0.0,0.0,0.0,0.0,0.75,11.25
rs5902386,Ensembl VEP (dbSNP),rs5902386,rs5902386,,X,47227283.0,CCCCCCCCC,CCCCCCC,rs5902386,ENST00000357227.9:c.1284+67_1284+68del,,ENST00000357227,NP_006192.1,,,,,other,intron_variant,,,,,,,,,,,none,,,,,0.0,0.0,0.0,0.0,0.0,0.0,0.75,11.25
rs3199148,Ensembl VEP (dbSNP),rs3199148,rs3199148,,X,47228917.0,C,A,rs3199148,ENST00000357227.9:c.*149C>A,,ENST00000357227,NP_006192.1,,,,,other,3_prime_UTR_variant,,,,,,,,,,,none,,,,,0.0,0.0,0.0,0.0,0.0,0.0,0.75,11.25
rs3199090,Ensembl VEP (dbSNP),rs3199090,rs3199090,,X,47228756.0,C,A,rs3199090,ENST00000357227.9:c.1479C>A,ENSP00000349762.4:p.Asp493Glu,ENST00000357227,NP_006192.1,493.0,D,E,D493E,missense,missense_variant,,,,,,0.02,deleterious_low_confidence,0.052,benign,,none,1.0,2.0,0.1493,BENIGN,0.0,0.1493,1.0,0.0,0.0,0.0,1.0,32.24
rs2273272,Ensembl VEP (dbSNP),rs2273272,rs2273272,,X,47223787.0,A,G,rs2273272,ENST00000357227.9:c.202+28A>G,,ENST00000357227,NP_006192.1,,,,,other,intron_variant,,,,,,,,,,,none,,,,,0.0,0.0,0.0,0.0,0.0,0.0,0.75,11.25
rs1801544,Ensembl VEP (dbSNP),rs1801544,rs1801544,,X,47228756.0,C,A,rs1801544,ENST00000357227.9:c.1479C>A,ENSP00000349762.4:p.Asp493Glu,ENST00000357227,NP_006192.1,493.0,D,E,D493E,missense,missense_variant,,,,,,0.02,deleterious_low_confidence,0.052,benign,,none,1.0,2.0,0.1493,BENIGN,0.0,0.1493,1.0,0.0,0.0,0.0,1.0,32.24
rs1058513,Ensembl VEP (dbSNP),rs1058513,rs1058513,,X,47228917.0,C,A,rs1058513,ENST00000357227.9:c.*149C>A,,ENST00000357227,NP_006192.1,,,,,other,3_prime_UTR_variant,,,,,,,,,,,none,,,,,0.0,0.0,0.0,0.0,0.0,0.0,0.75,11.25
rs1058465,Ensembl VEP (dbSNP),rs1058465,rs1058465,,X,47228756.0,C,A,rs1058465,ENST00000357227.9:c.1479C>A,ENSP00000349762.4:p.Asp493Glu,ENST00000357227,NP_006192.1,493.0,D,E,D493E,missense,missense_variant,,,,,,0.02,deleterious_low_confidence,0.052,benign,,none,1.0,2.0,0.1493,BENIGN,0.0,0.1493,1.0,0.0,0.0,0.0,1.0,32.24
rs10617,Ensembl VEP (dbSNP),rs10617,rs10617,,X,47229247.0,G,T,rs10617,ENST00000357227.9:c.*479G>T,,ENST00000357227,NP_006192.1,,,,,other,3_prime_UTR_variant,,,,,,,,,,,none,,,,,0.0,0.0,0.0,0.0,0.0,0.0,0.75,11.25
UNIPROT_Mutagenesis_12_X,UniProt,Q00536:Mutagenesis:12,,,,,,,,c.34_36>?,p.Ser12,NM_006201.5,NP_006192.1,12.0,S,,S12?,other,mutagenesis,,,,,,,,,,Disordered,none,1.0,2.0,,,0.0,0.0,1.0,0.25,0.3,0.0,0.75,33.0
UNIPROT_Mutagenesis_119_X,UniProt,Q00536:Mutagenesis:119,,,,,,,,c.355_357>?,p.Ser119,NM_006201.5,NP_006192.1,119.0,S,,S119?,other,mutagenesis,,,,,,,,,,,none,1.0,2.0,,,0.0,0.0,1.0,0.0,0.0,0.0,0.75,26.25
UNIPROT_Mutagenesis_153_X,UniProt,Q00536:Mutagenesis:153,,,,,,,,c.457_459>?,p.Ser153,NM_006201.5,NP_006192.1,153.0,S,,S153?,other,mutagenesis,,,,,,,,,,,none,1.0,2.0,,,0.0,0.0,1.0,0.0,0.0,0.0,0.75,26.25
UNIPROT_Mutagenesis_194_X,UniProt,Q00536:Mutagenesis:194,,,,,,,,c.580_582>?,p.Lys194,NM_006201.5,NP_006192.1,194.0,K,,K194?,other,mutagenesis,,,,,,,,,,Protein kinase,none,1.0,2.0,,,0.0,0.0,1.0,0.25,0.6,0.0,0.75,36.0
CLINVAR_4822906,ClinVar,VCV4822906,,4822906,X,,,,,NM_006201.5(CDK16):c.1028T>C,p.Ile343Thr,NM_006201.5,NP_006192.1,343.0,I,T,I343T,missense,clinvar_snv,Uncertain significance,"criteria provided, single submitter",not provided,,,,,,,Protein kinase,modified_residue,1.0,2.0,0.9804,PATHOGENIC,0.6,0.9804,1.0,0.5,0.6,0.0,0.75,66.46
CLINVAR_4819581,ClinVar,VCV4819581,,4819581,X,,,,,NM_006201.5(CDK16):c.685A>G,p.Ile229Val,NM_006201.5,NP_006192.1,229.0,I,V,I229V,missense,clinvar_snv,Uncertain significance,"criteria provided, single submitter",Neurodevelopmental disorder,,,,,,,Protein kinase,none,1.0,2.0,0.5261,AMBIGUOUS,0.6,0.5261,1.0,0.25,0.6,0.0,0.75,55.89
CLINVAR_4651517,ClinVar,VCV4651517,,4651517,X,,,,,NM_006201.5(CDK16):c.-6-404G>A,p.Gly18Asp,NM_006201.5,NP_006192.1,18.0,G,D,G18D,missense,clinvar_snv,Uncertain significance,"criteria provided, single submitter",not specified,,,,,,,Disordered,none,1.0,2.0,0.5507,AMBIGUOUS,0.6,0.5507,1.0,0.25,0.3,0.0,0.75,53.26
CLINVAR_4651516,ClinVar,VCV4651516,,4651516,X,,,,,NM_006201.5(CDK16):c.1010C>T,p.Thr380Met,NM_006201.5,NP_006192.1,380.0,T,M,T380M,missense,clinvar_snv,Uncertain significance,"criteria provided, single submitter",not specified,,,,,,,Protein kinase,none,1.0,2.0,0.6336,PATHOGENIC,0.6,0.6336,1.0,0.25,0.6,0.0,0.75,57.5
CLINVAR_4224517,ClinVar,VCV4224517,,4224517,X,,,,,NM_006201.5(CDK16):c.169C>A,p.Arg100Ser,NM_006201.5,NP_006192.1,100.0,R,S,R100S,missense,clinvar_snv,Uncertain significance,"criteria provided, single submitter",not specified,,,,,,,,none,1.0,2.0,0.9732,PATHOGENIC,0.6,0.9732,1.0,0.0,0.0,0.0,0.75,52.85
CLINVAR_3999599,ClinVar,VCV3999599,,3999599,X,,,,,NM_006201.5(CDK16):c.218A>G,p.Asp79Gly,NM_006201.5,NP_006192.1,79.0,D,G,D79G,missense,clinvar_snv,Uncertain significance,"criteria provided, single submitter",not specified,,,,,,,Disordered,none,1.0,2.0,0.9291,PATHOGENIC,0.6,0.9291,1.0,0.25,0.3,0.0,0.75,58.94
CLINVAR_3999598,ClinVar,VCV3999598,,3999598,X,,,,,NM_006201.5(CDK16):c.1067C>T,p.Ala356Val,NM_006201.5,NP_006192.1,356.0,A,V,A356V,missense,clinvar_snv,Uncertain significance,"criteria provided, single submitter",not specified,,,,,,,Protein kinase,none,1.0,2.0,0.167,BENIGN,0.6,0.167,1.0,0.25,0.6,0.0,0.75,50.5
CLINVAR_3999597,ClinVar,VCV3999597,,3999597,X,,,,,NM_006201.5(CDK16):c.496A>G,p.Ile166Val,NM_006201.5,NP_006192.1,166.0,I,V,I166V,missense,clinvar_snv,Uncertain significance,"criteria provided, single submitter",not specified,,,,,,,Protein kinase,none,1.0,2.0,0.0556,BENIGN,0.6,0.0556,1.0,0.25,0.6,0.0,0.75,48.83
CLINVAR_3489452,ClinVar,VCV3489452,,3489452,X,,,,,NM_006201.5(CDK16):c.197C>T,p.Ala66Val,NM_006201.5,NP_006192.1,66.0,A,V,A66V,missense,clinvar_snv,Uncertain significance,"criteria provided, single submitter",not specified,,,,,,,Disordered,none,1.0,2.0,0.0827,BENIGN,0.6,0.0827,1.0,0.25,0.3,0.0,0.75,46.24
CLINVAR_3489451,ClinVar,VCV3489451,,3489451,X,,,,,NM_006201.5(CDK16):c.1420G>A,p.Ala474Thr,NM_006201.5,NP_006192.1,474.0,A,T,A474T,missense,clinvar_snv,Uncertain significance,"criteria provided, single submitter",not specified,,,,,,,,none,1.0,2.0,0.0674,BENIGN,0.6,0.0674,1.0,0.0,0.0,0.0,0.75,39.26
CLINVAR_3265439,ClinVar,VCV3265439,,3265439,X,,,,,NM_006201.5(CDK16):c.1468C>T,p.Arg490Cys,NM_006201.5,NP_006192.1,490.0,R,C,R490C,missense,clinvar_snv,Uncertain significance,"criteria provided, single submitter",not specified,,,,,,,,none,1.0,2.0,0.2712,BENIGN,0.6,0.2712,1.0,0.0,0.0,0.0,0.75,42.32
CLINVAR_3265438,ClinVar,VCV3265438,,3265438,X,,,,,NM_006201.5(CDK16):c.1014C>A,p.Asp338Glu,NM_006201.5,NP_006192.1,338.0,D,E,D338E,missense,clinvar_snv,Uncertain significance,"criteria provided, single submitter",not specified,,,,,,,Protein kinase,none,1.0,2.0,0.1722,BENIGN,0.6,0.1722,1.0,0.25,0.6,0.0,0.75,50.58
CLINVAR_3265437,ClinVar,VCV3265437,,3265437,X,,,,,NM_006201.5(CDK16):c.217G>A,p.Asp73Asn,NM_006201.5,NP_006192.1,73.0,D,N,D73N,missense,clinvar_snv,Uncertain significance,"criteria provided, single submitter",not specified,,,,,,,Disordered,none,1.0,2.0,0.208,BENIGN,0.6,0.208,1.0,0.25,0.3,0.0,0.75,48.12
CLINVAR_3239640,ClinVar,VCV3239640,,3239640,X,,,,,NM_006201.5(CDK16):c.47G>A,p.Arg16Gln,NM_006201.5,NP_006192.1,16.0,R,Q,R16Q,missense,clinvar_snv,Uncertain significance,"criteria provided, single submitter",Oligospermia,,,,,,,Disordered,none,1.0,2.0,0.7365,PATHOGENIC,0.6,0.7365,1.0,0.25,0.3,0.0,0.75,56.05
CLINVAR_3239639,ClinVar,VCV3239639,,3239639,X,,,,,NM_006201.5(CDK16):c.43C>T,p.Leu15Phe,NM_006201.5,NP_006192.1,15.0,L,F,L15F,missense,clinvar_snv,Likely pathogenic,"criteria provided, single submitter",Oligospermia,,,,,,,Disordered,none,1.0,2.0,0.4752,AMBIGUOUS,1.0,0.4752,1.0,0.25,0.3,0.0,0.75,60.13
CLINVAR_3141517,ClinVar,VCV3141517,rs1390334897,3141517,X,,,,,NM_006201.5(CDK16):c.319C>G,p.Arg107Gly,NM_006201.5,NP_006192.1,107.0,R,G,R107G,missense,clinvar_snv,Uncertain significance,"criteria provided, single submitter",not specified,,,,,,,,none,1.0,2.0,0.5846,PATHOGENIC,0.6,0.5846,1.0,0.0,0.0,0.0,1.0,50.77
CLINVAR_3141516,ClinVar,VCV3141516,rs2521779629,3141516,X,,,,,NM_006201.5(CDK16):c.-6-264A>G,p.Ser65Gly,NM_006201.5,NP_006192.1,65.0,S,G,S65G,missense,clinvar_snv,Uncertain significance,"criteria provided, single submitter",not specified,,,,,,,Disordered,none,1.0,2.0,0.0678,BENIGN,0.6,0.0678,1.0,0.25,0.3,0.0,1.0,49.77
CLINVAR_3141514,ClinVar,VCV3141514,rs149008296,3141514,X,,,,,NM_006201.5(CDK16):c.836G>A,p.Arg285Gln,NM_006201.5,NP_006192.1,285.0,R,Q,R285Q,missense,clinvar_snv,Uncertain significance,"criteria provided, single submitter",not specified,,,,,,,Protein kinase,none,1.0,2.0,0.9992,PATHOGENIC,0.6,0.9992,1.0,0.25,0.6,0.0,1.0,66.74
CLINVAR_3054955,ClinVar,VCV3054955,rs2521840145,3054955,X,,,,,NM_006201.5(CDK16):c.1175A>T,p.Asn392Ile,NM_006201.5,NP_006192.1,392.0,N,I,N392I,missense,clinvar_snv,Uncertain significance,no assertion criteria provided,CDK16-related disorder,,,,,,,Protein kinase,none,1.0,2.0,0.2754,BENIGN,0.6,0.2754,1.0,0.25,0.6,0.0,1.0,55.88
CLINVAR_3044995,ClinVar,VCV3044995,rs149245456,3044995,X,,,,,NM_006201.5(CDK16):c.781C>T,p.His261Tyr,NM_006201.5,NP_006192.1,261.0,H,Y,H261Y,missense,clinvar_snv,Benign,no assertion criteria provided,CDK16-related disorder,,,,,,,Protein kinase,none,1.0,2.0,0.0898,BENIGN,0.2,0.0898,1.0,0.25,0.6,0.0,1.0,45.1
CLINVAR_2660413,ClinVar,VCV2660413,rs2521803938,2660413,X,,,,,NM_006201.5(CDK16):c.361C>T,p.Pro121Ser,NM_006201.5,NP_006192.1,121.0,P,S,P121S,missense,clinvar_snv,Uncertain significance,"criteria provided, single submitter",not provided,,,,,,,,none,1.0,2.0,0.9984,PATHOGENIC,0.6,0.9984,1.0,0.0,0.0,0.0,1.0,56.98
CLINVAR_2589900,ClinVar,VCV2589900,rs148205143,2589900,X,,,,,NM_006201.5(CDK16):c.1195A>G,p.Asn399Asp,NM_006201.5,NP_006192.1,399.0,N,D,N399D,missense,clinvar_snv,Uncertain significance,"criteria provided, single submitter",not specified,,,,,,,Protein kinase,none,1.0,2.0,0.1182,BENIGN,0.6,0.1182,1.0,0.25,0.6,0.0,1.0,53.52
CLINVAR_2482059,ClinVar,VCV2482059,rs1329975919,2482059,X,,,,,NM_006201.5(CDK16):c.1234G>A,p.Ala412Thr,NM_006201.5,NP_006192.1,412.0,A,T,A412T,missense,clinvar_snv,Uncertain significance,"criteria provided, single submitter",not specified,,,,,,,Protein kinase,none,1.0,2.0,0.1549,BENIGN,0.6,0.1549,1.0,0.25,0.6,0.0,1.0,54.07
CLINVAR_2468314,ClinVar,VCV2468314,rs2521840145,2468314,X,,,,,NM_006201.5(CDK16):c.1175A>G,p.Asn392Ser,NM_006201.5,NP_006192.1,392.0,N,S,N392S,missense,clinvar_snv,Uncertain significance,"criteria provided, single submitter",not specified,,,,,,,Protein kinase,none,1.0,2.0,0.0783,BENIGN,0.6,0.0783,1.0,0.25,0.6,0.0,1.0,52.92
CLINVAR_2358570,ClinVar,VCV2358570,rs147385118,2358570,X,,,,,NM_006201.5(CDK16):c.1252G>A,p.Asp418Asn,NM_006201.5,NP_006192.1,418.0,D,N,D418N,missense,clinvar_snv,Uncertain significance,"criteria provided, single submitter",not specified,,,,,,,Protein kinase,none,1.0,2.0,0.0926,BENIGN,0.6,0.0926,1.0,0.25,0.6,0.0,1.0,53.14
CLINVAR_2236254,ClinVar,VCV2236254,rs2521859456,2236254,X,,,,,NM_006201.5(CDK16):c.1451C>T,p.Ser484Leu,NM_006201.5,NP_006192.1,484.0,S,L,S484L,missense,clinvar_snv,Uncertain significance,"criteria provided, single submitter",not specified,,,,,,,,none,1.0,2.0,0.0801,BENIGN,0.6,0.0801,1.0,0.0,0.0,0.0,1.0,43.2
CLINVAR_1328339,ClinVar,VCV1328339,rs2055280743,1328339,X,,,,,NM_006201.5(CDK16):c.1442T>C,p.Met481Thr,NM_006201.5,NP_006192.1,481.0,M,T,M481T,missense,clinvar_snv,Uncertain significance,"criteria provided, single submitter",not specified,,,,,,,,none,1.0,2.0,0.0795,BENIGN,0.6,0.0795,1.0,0.0,0.0,0.0,1.0,43.19
CLINVAR_498716,ClinVar,VCV498716,rs1556799446,498716,X,,,,,NM_006201.5(CDK16):c.1291G>A,p.Gly431Ser,NM_006201.5,NP_006192.1,431.0,G,S,G431S,missense,clinvar_snv,Uncertain significance,"criteria provided, single submitter",not provided,,,,,,,Protein kinase,none,1.0,2.0,0.3523,AMBIGUOUS,0.6,0.3523,1.0,0.25,0.6,0.0,1.0,57.03
